player_name,team_abbreviation,age,player_height,player_weight,college,country,draft_year,draft_round,draft_number,gp,pts,reb,ast,net_rating,oreb_pct,dreb_pct,usg_pct,ts_pct,ast_pct,season,season_start,pos_proxy,pts_lag1,reb_lag1,ast_lag1,ts_pct_lag1,usg_pct_lag1,net_rating_lag1,d_pts,d_ts,next_pts,next_reb,next_ast,next_ts_pct,improved_next_pts
A.C. Green,MIA,37.0,205.74,102.0582,Oregon State,USA,1985,1,23,82,4.5,3.8,0.5,3.3,0.089,0.171,0.141,0.492,0.05,2000-01,2000,Big (proxy),5.0,5.9,1.0,0.482,0.111,8.1,-0.5,0.01,,,,,0
A.J. Guyton,CHI,24.0,185.42,81.64656,Indiana,USA,2000,2,32,45,5.4,1.0,1.8,-3.8,0.022,0.067,0.221,0.477,0.248,2001-02,2001,Guard (proxy),6.0,1.1,1.9,0.495,0.1689999999999999,-12.4,-0.5999999999999996,-0.018,,,,,0
A.J. Lawson,DAL,22.0,198.12,81.19296800000001,South Carolina,Canada,Undrafted,Undrafted,Undrafted,15,3.7,1.4,0.1,-20.1,0.046,0.152,0.1889999999999999,0.589,0.032,2022-23,2022,Wing (proxy),,,,,,,,,,,,,0
AJ Green,MIL,23.0,195.58,86.18248,Northern Iowa,USA,Undrafted,Undrafted,Undrafted,35,4.4,1.3,0.6,-4.9,0.016,0.105,0.159,0.607,0.092,2022-23,2022,Wing (proxy),,,,,,,,,,,,,0
AJ Griffin,ATL,19.0,198.12,99.79024,Duke,USA,2022,1,16,72,8.9,2.1,1.0,1.5,0.026,0.08,0.174,0.5770000000000001,0.07,2022-23,2022,Wing (proxy),,,,,,,,,,,,,0
AJ Hammons,DAL,24.0,213.36,117.93392,Purdue,USA,2016,2,46,22,2.2,1.6,0.2,-0.6,0.049,0.1989999999999999,0.1669999999999999,0.472,0.038,2016-17,2016,Big (proxy),,,,,,,,,,,,,0
AJ Price,CLE,28.0,187.96,88.45044,Connecticut,USA,2009,2,52,26,5.1,1.2,1.8,-12.2,0.019,0.096,0.226,0.451,0.254,2014-15,2014,Guard (proxy),1.6,0.4,0.5,0.469,0.23,-2.4,3.5,-0.0179999999999999,,,,,0
Aaron Brooks,MIN,33.0,182.88,73.028312,Oregon,USA,2007,1,26,32,2.3,0.5,0.6,-17.2,0.036,0.057,0.192,0.508,0.161,2017-18,2017,Guard (proxy),5.0,1.1,1.9,0.507,0.191,-3.0,-2.7,0.001,,,,,0
Aaron Gordon,DEN,27.0,203.2,106.59412,Arizona,USA,2014,1,4,68,16.3,6.6,3.0,12.1,0.086,0.136,0.206,0.617,0.129,2022-23,2022,Wing (proxy),15.0,5.9,2.5,0.602,0.1939999999999999,6.2,1.3000000000000007,0.015,,,,,0
Aaron Gray,SAC,29.0,213.36,122.46984,Pittsburgh,USA,2007,2,49,37,1.8,3.0,0.6,-11.7,0.13,0.226,0.125,0.466,0.092,2013-14,2013,Big (proxy),2.8,3.2,0.8,0.544,0.132,-7.7,-0.9999999999999998,-0.078,,,,,0
Aaron Harrison,CHA,21.0,198.12,95.25432,Kentucky,USA,Undrafted,Undrafted,Undrafted,21,0.9,0.7,0.1,2.2,0.047,0.133,0.138,0.371,0.033,2015-16,2015,Wing (proxy),,,,,,,,,,,,,0
Aaron Holiday,ATL,26.0,182.88,83.91452,UCLA,USA,2018,1,23,63,3.9,1.2,1.4,0.9,0.0279999999999999,0.059,0.129,0.528,0.135,2022-23,2022,Guard (proxy),6.3,1.9,2.4,0.544,0.182,-1.4,-2.4,-0.016,,,,,0
Aaron McKie,LAL,34.0,195.58,94.800728,Temple,USA,1994,1,17,10,2.2,1.8,1.3,-4.0,0.009,0.155,0.089,0.647,0.165,2006-07,2006,Wing (proxy),0.5,1.4,0.8,0.272,0.06,-6.2,1.7000000000000002,0.375,,,,,0
Aaron Miles,GSW,23.0,185.42,86.18248,Kansas,USA,Undrafted,Undrafted,Undrafted,19,0.8,0.7,1.3,-3.9,0.0,0.154,0.113,0.405,0.308,2005-06,2005,Guard (proxy),,,,,,,,,,,,,0
Aaron Nesmith,IND,23.0,195.58,97.52228,Vanderbilt,USA,2020,1,14,73,10.1,3.8,1.3,-4.7,0.033,0.119,0.168,0.5660000000000001,0.073,2022-23,2022,Wing (proxy),3.8,1.7,0.4,0.507,0.1639999999999999,3.0,6.3,0.059,,,,,0
Aaron Wiggins,OKC,24.0,195.58,86.18248,Maryland,USA,2021,2,55,70,6.8,3.0,1.1,1.5,0.05,0.109,0.143,0.607,0.084,2022-23,2022,Wing (proxy),8.3,3.6,1.4,0.556,0.149,-8.1,-1.5000000000000009,0.0509999999999999,,,,,0
Aaron Williams,LAC,36.0,205.74,106.59412,Xavier,USA,Undrafted,Undrafted,Undrafted,30,2.3,2.0,0.3,-15.9,0.06,0.186,0.118,0.54,0.052,2007-08,2007,Big (proxy),2.0,2.2,0.2,0.606,0.1009999999999999,-2.4,0.2999999999999998,-0.0659999999999999,,,,,0
Abdel Nader,PHX,28.0,195.58,102.0582,Iowa State,Egypt,2016,2,58,14,2.4,1.9,0.5,-0.9,0.026,0.145,0.139,0.431,0.065,2021-22,2021,Wing (proxy),6.7,2.6,0.8,0.605,0.183,5.0,-4.300000000000001,-0.174,,,,,0
Acie Earl,MIL,27.0,210.82,108.86208,Iowa,USA,1993,1,19,47,4.0,2.0,0.4,-6.4,0.079,0.14,0.2239999999999999,0.435,0.077,1996-97,1996,Big (proxy),,,,,,,,,,,,,0
Acie Law,GSW,26.0,190.5,91.625584,Texas A&M,USA,2007,1,11,51,4.2,1.2,1.6,-8.2,0.019,0.0819999999999999,0.16,0.502,0.182,2010-11,2010,Guard (proxy),4.3,0.7,1.0,0.585,0.22,7.0,-0.0999999999999996,-0.0829999999999999,,,,,0
Adam Harrington,DEN,22.0,195.58,90.7184,Auburn,USA,Undrafted,Undrafted,Undrafted,19,1.6,0.4,0.6,-15.7,0.01,0.088,0.1669999999999999,0.387,0.179,2002-03,2002,Wing (proxy),,,,,,,,,,,,,0
Adam Keefe,GSW,31.0,205.74,104.32616,Stanford,USA,1992,1,10,67,2.5,3.1,0.5,-9.2,0.105,0.175,0.1159999999999999,0.45,0.066,2000-01,2000,Big (proxy),2.2,2.2,0.5,0.4629999999999999,0.149,-3.3,0.2999999999999998,-0.0129999999999999,,,,,0
Adam Mokoka,CHI,22.0,193.04,86.18248,,France,Undrafted,Undrafted,Undrafted,14,1.1,0.4,0.4,-7.1,0.017,0.077,0.171,0.386,0.179,2020-21,2020,Guard (proxy),2.9,0.9,0.4,0.5379999999999999,0.11,17.1,-1.7999999999999998,-0.1519999999999999,,,,,0
Adam Morrison,LAL,25.0,203.2,92.98636,Gonzaga,USA,2006,1,3,31,2.4,1.0,0.6,-9.1,0.044,0.1009999999999999,0.183,0.418,0.121,2009-10,2009,Wing (proxy),4.0,1.5,0.8,0.4479999999999999,0.177,-7.4,-1.6,-0.0299999999999999,,,,,0
Admiral Schofield,ORL,26.0,195.58,109.315672,Tennessee,United Kingdom,2019,2,42,37,4.2,1.7,0.8,-8.3,0.047,0.092,0.139,0.5870000000000001,0.103,2022-23,2022,Wing (proxy),3.8,2.3,0.7,0.5379999999999999,0.143,-13.5,0.4000000000000003,0.0490000000000001,,,,,0
Adonal Foyle,ORL,34.0,208.28,122.46984,Colgate,St. Vincent & Grenadines,1997,1,8,10,1.7,2.6,0.1,-3.7,0.138,0.258,0.12,0.623,0.0279999999999999,2008-09,2008,Big (proxy),1.9,2.5,0.2,0.4639999999999999,0.123,0.4,-0.1999999999999999,0.159,,,,,0
Adreian Payne,MIN,26.0,208.28,107.501304,Michigan State,USA,2014,1,15,18,3.5,1.8,0.4,0.8,0.069,0.2,0.2239999999999999,0.505,0.089,2016-17,2016,Big (proxy),2.5,2.1,0.6,0.422,0.18,-10.8,1.0,0.083,,,,,0
Adrian Caldwell,PHI,30.0,203.2,120.20188,Lamar,USA,Undrafted,Undrafted,Undrafted,45,2.2,3.7,0.3,-6.2,0.108,0.208,0.105,0.4429999999999999,0.03,1996-97,1996,Wing (proxy),,,,,,,,,,,,,0
Adrian Griffin,SEA,33.0,195.58,104.32616,Seton Hall,USA,Undrafted,Undrafted,Undrafted,35,1.9,1.7,0.8,0.4,0.099,0.12,0.146,0.406,0.134,2007-08,2007,Wing (proxy),2.5,2.0,1.1,0.499,0.135,7.4,-0.6000000000000001,-0.0929999999999999,,,,,0
Al Harrington,WAS,34.0,205.74,111.13004,,USA,1998,1,25,34,6.6,2.4,0.8,4.1,0.036,0.157,0.228,0.506,0.089,2013-14,2013,Big (proxy),5.1,2.7,1.0,0.434,0.249,-16.0,1.5,0.072,,,,,0
Al Horford,BOS,37.0,205.74,108.86208,Florida,Dominican Republic,2007,1,3,63,9.8,6.2,3.0,7.8,0.039,0.159,0.119,0.631,0.128,2022-23,2022,Big (proxy),10.2,7.7,3.4,0.574,0.147,9.3,-0.3999999999999986,0.057,,,,,0
Al Jefferson,IND,33.0,208.28,127.00576,,USA,2004,1,15,36,7.0,4.0,0.8,-1.8,0.061,0.2269999999999999,0.218,0.563,0.098,2017-18,2017,Big (proxy),8.1,4.2,0.9,0.526,0.26,-5.8,-1.0999999999999996,0.0369999999999999,,,,,0
Al Thornton,GSW,27.0,203.2,106.59412,Florida State,USA,2007,1,14,71,7.4,3.0,0.9,-4.8,0.048,0.139,0.182,0.531,0.072,2010-11,2010,Wing (proxy),10.7,3.9,1.2,0.523,0.192,-7.5,-3.299999999999999,0.008,,,,,0
Al-Farouq Aminu,CHI,30.0,203.2,99.79024,Wake Forest,USA,2010,1,8,23,4.4,4.8,1.3,-6.2,0.05,0.2,0.138,0.469,0.1009999999999999,2020-21,2020,Wing (proxy),4.3,4.8,1.2,0.395,0.127,-5.4,0.1000000000000005,0.0739999999999999,,,,,0
Alan Anderson,LAC,34.0,198.12,99.79024,Michigan State,USA,Undrafted,Undrafted,Undrafted,30,2.9,0.8,0.4,-10.8,0.011,0.077,0.142,0.494,0.052,2016-17,2016,Wing (proxy),5.0,2.1,1.1,0.495,0.157,5.4,-2.1,-0.001,,,,,0
Alan Henderson,PHI,34.0,205.74,108.86208,Indiana,USA,1995,1,16,38,3.1,2.8,0.3,-1.3,0.133,0.172,0.109,0.679,0.036,2006-07,2006,Big (proxy),2.5,2.7,0.2,0.564,0.118,-3.4,0.6000000000000001,0.1150000000000001,,,,,0
Alan Williams,PHX,24.0,203.2,117.93392,California-Santa Barbara,USA,Undrafted,Undrafted,Undrafted,47,7.4,6.2,0.5,-0.3,0.138,0.293,0.206,0.547,0.049,2016-17,2016,Wing (proxy),2.9,3.8,0.5,0.481,0.201,-0.2,4.5,0.066,,,,,0
Alando Tucker,MIN,26.0,198.12,92.98636,Wisconsin,USA,2007,1,29,15,3.4,0.7,0.3,-18.9,0.065,0.043,0.243,0.529,0.077,2009-10,2009,Wing (proxy),4.6,1.0,0.4,0.509,0.216,2.1,-1.1999999999999995,0.02,,,,,0
Alec Burks,DET,31.0,198.12,97.068688,Colorado,USA,2011,1,12,51,12.8,3.1,2.2,-1.0,0.017,0.124,0.218,0.602,0.15,2022-23,2022,Wing (proxy),11.7,4.9,3.0,0.5589999999999999,0.171,2.3,1.1000000000000014,0.043,,,,,0
Alec Peters,PHX,23.0,205.74,106.59412,Valparaiso,USA,2017,2,54,20,4.1,1.9,0.6,7.3,0.032,0.12,0.151,0.523,0.073,2017-18,2017,Big (proxy),,,,,,,,,,,,,0
Alekesej Pokusevski,OKC,20.0,213.36,86.18248,,Serbia,2020,1,17,61,7.6,5.2,2.1,-2.5,0.054,0.1889999999999999,0.195,0.485,0.161,2021-22,2021,Big (proxy),,,,,,,,,,,,,0
Aleksandar Radojevic,UTA,28.0,220.98,113.398,Barton Community College,USA,1999,1,12,12,1.6,2.3,0.5,-11.8,0.086,0.183,0.1369999999999999,0.406,0.07,2004-05,2004,Big (proxy),,,,,,,,,,,,,0
Aleksej Pokusevski,OKC,21.0,213.36,95.25432,,Serbia,2020,1,17,34,8.1,4.7,1.9,-12.7,0.0579999999999999,0.16,0.179,0.522,0.13,2022-23,2022,Big (proxy),8.2,4.7,2.2,0.43,0.1969999999999999,-16.7,-0.0999999999999996,0.092,,,,,0
Alen Smailagic,GSW,20.0,208.28,97.52228,,Serbia,2019,2,39,15,1.9,1.1,0.3,-17.6,0.065,0.111,0.165,0.472,0.078,2020-21,2020,Big (proxy),4.2,1.9,0.9,0.61,0.175,-3.0,-2.3000000000000003,-0.138,,,,,0
Alex Abrines,OKC,25.0,198.12,90.7184,,Spain,2013,2,32,31,5.3,1.5,0.6,1.6,0.0069999999999999,0.067,0.12,0.507,0.047,2018-19,2018,Wing (proxy),4.7,1.5,0.4,0.5670000000000001,0.126,1.2,0.5999999999999996,-0.06,,,,,0
Alex Acker,LAC,26.0,195.58,83.91452,Pepperdine,USA,2005,2,60,25,2.9,1.0,0.5,1.8,0.044,0.092,0.203,0.4479999999999999,0.091,2008-09,2008,Wing (proxy),,,,,,,,,,,,,0
Alex Caruso,CHI,29.0,195.58,84.368112,Texas A&M,USA,Undrafted,Undrafted,Undrafted,67,5.6,2.9,2.9,6.1,0.0279999999999999,0.099,0.109,0.588,0.155,2022-23,2022,Wing (proxy),7.4,3.6,4.0,0.528,0.13,5.1,-1.8000000000000007,0.0599999999999999,,,,,0
Alex Len,SAC,30.0,218.44,113.398,Maryland,Ukraine,2013,1,5,26,1.7,2.3,0.5,6.6,0.143,0.1939999999999999,0.132,0.58,0.099,2022-23,2022,Big (proxy),6.0,4.1,1.2,0.5770000000000001,0.165,-5.5,-4.3,0.0029999999999998,,,,,0
Alex Poythress,ATL,25.0,205.74,106.59412,Kentucky,USA,Undrafted,Undrafted,Undrafted,21,5.1,3.6,0.8,-10.0,0.085,0.151,0.14,0.5710000000000001,0.085,2018-19,2018,Big (proxy),1.0,0.7,0.1,0.5,0.1119999999999999,-13.0,4.1,0.071,,,,,0
Alexander Johnson,MIA,25.0,205.74,104.32616,Florida State,USA,2006,2,45,43,4.2,2.2,0.3,-12.3,0.075,0.152,0.181,0.5539999999999999,0.045,2007-08,2007,Big (proxy),4.4,3.1,0.3,0.588,0.161,-1.9,-0.2000000000000001,-0.034,,,,,0
Alexey Shved,NYK,26.0,198.12,84.821704,,Russia,Undrafted,Undrafted,Undrafted,42,10.3,2.4,2.5,-8.5,0.031,0.111,0.258,0.541,0.26,2014-15,2014,Wing (proxy),4.0,1.3,1.1,0.452,0.213,-3.6,6.300000000000001,0.089,,,,,0
Alexis Ajinca,NOP,29.0,218.44,112.490816,,France,2008,1,20,39,5.3,4.5,0.3,-4.7,0.084,0.225,0.171,0.529,0.031,2016-17,2016,Big (proxy),6.0,4.6,0.5,0.514,0.206,-3.0,-0.7000000000000002,0.015,,,,,0
Alfonzo McKinnie,CHI,29.0,200.66,97.52228,Wisc.-Green Bay,USA,Undrafted,Undrafted,Undrafted,17,3.5,1.9,0.3,-12.9,0.059,0.115,0.148,0.457,0.034,2021-22,2021,Wing (proxy),3.1,1.4,0.2,0.604,0.1639999999999999,0.7,0.3999999999999999,-0.1469999999999999,,,,,0
Alize Johnson,NOP,26.0,203.2,96.161504,Missouri State,USA,2018,2,50,23,1.8,2.7,0.4,-10.6,0.156,0.2019999999999999,0.14,0.4629999999999999,0.08,2021-22,2021,Wing (proxy),5.2,5.0,0.8,0.638,0.175,-4.5,-3.4000000000000004,-0.1750000000000001,,,,,0
Allan Houston,NYK,34.0,198.12,92.98636,Tennessee,USA,1993,1,11,20,11.9,1.2,2.1,1.5,0.009,0.043,0.214,0.529,0.127,2004-05,2004,Wing (proxy),18.5,2.4,2.0,0.539,0.25,-0.1,-6.6,-0.01,,,,,0
Allan Ray,BOS,23.0,187.96,86.18248,Villanova,USA,Undrafted,Undrafted,Undrafted,47,6.2,1.5,0.9,-3.2,0.0279999999999999,0.096,0.2019999999999999,0.512,0.105,2006-07,2006,Guard (proxy),,,,,,,,,,,,,0
Allen Crabbe,MIN,28.0,195.58,96.161504,California,USA,2013,2,31,37,4.6,2.1,0.9,-15.0,0.0139999999999999,0.098,0.122,0.47,0.073,2019-20,2019,Wing (proxy),9.6,3.4,1.1,0.519,0.159,0.3,-5.0,-0.049,,,,,0
Allen Iverson,PHI,35.0,182.88,74.84268,Georgetown,USA,1996,1,1,28,13.8,2.8,4.0,-3.0,0.021,0.083,0.2269999999999999,0.515,0.209,2009-10,2009,Guard (proxy),17.5,3.0,5.0,0.504,0.261,-1.6,-3.6999999999999993,0.011,,,,,0
Allonzo Trier,NYK,24.0,193.04,90.7184,Arizona,USA,2018,Undrafted,Undrafted,24,6.5,1.2,1.2,-11.1,0.018,0.078,0.208,0.62,0.1639999999999999,2019-20,2019,Guard (proxy),10.9,3.1,1.9,0.564,0.207,-7.2,-4.4,0.056,,,,,0
Alonzo Gee,DEN,30.0,198.12,102.0582,Alabama,USA,Undrafted,Undrafted,Undrafted,13,0.8,1.2,0.5,1.4,0.046,0.136,0.108,0.306,0.092,2016-17,2016,Wing (proxy),4.5,3.4,1.0,0.5720000000000001,0.092,-4.0,-3.7,-0.266,,,,,0
Alonzo Mourning,MIA,38.0,208.28,118.38751200000002,Georgetown,USA,1992,1,2,25,6.0,3.7,0.3,-0.4,0.103,0.1639999999999999,0.182,0.58,0.032,2007-08,2007,Big (proxy),8.6,4.5,0.2,0.59,0.208,-0.7,-2.6,-0.01,,,,,0
Alperen Sengun,HOU,20.0,210.82,110.222856,,Turkey,2021,1,16,75,14.8,9.0,3.9,-7.8,0.107,0.204,0.211,0.599,0.1989999999999999,2022-23,2022,Big (proxy),9.6,5.5,2.6,0.552,0.214,-10.2,5.200000000000001,0.0469999999999999,,,,,0
Alton Ford,PHX,22.0,205.74,127.00576,Houston,USA,2001,2,50,11,0.6,0.5,0.1,-16.7,0.0,0.207,0.183,0.3389999999999999,0.071,2002-03,2002,Big (proxy),3.1,2.0,0.1,0.573,0.175,-8.7,-2.5,-0.234,,,,,0
Alton Lister,BOS,38.0,213.36,111.13004,Arizona State,USA,1981,1,21,53,1.6,3.2,0.2,-13.3,0.136,0.249,0.1,0.48,0.038,1996-97,1996,Big (proxy),,,,,,,,,,,,,0
Alvin Jones,PHI,23.0,210.82,120.20188,Georgia Tech,USA,2001,2,56,23,1.1,1.6,0.1,-3.8,0.13,0.235,0.144,0.451,0.036,2001-02,2001,Big (proxy),,,,,,,,,,,,,0
Alvin Williams,TOR,29.0,195.58,83.91452,Villanova,USA,1997,2,47,56,8.8,2.7,4.0,-5.8,0.012,0.089,0.171,0.4629999999999999,0.237,2003-04,2003,Wing (proxy),13.2,3.1,5.3,0.508,0.1969999999999999,-5.7,-4.399999999999999,-0.045,,,,,0
Amal McCaskill,PHI,30.0,210.82,106.59412,Marquette,USA,1996,2,49,59,1.9,2.3,0.3,-4.1,0.093,0.157,0.118,0.4379999999999999,0.055,2003-04,2003,Big (proxy),1.0,2.0,0.5,0.293,0.135,-9.2,0.8999999999999999,0.1449999999999999,,,,,0
Amar'e Stoudemire,MIA,33.0,208.28,111.13004,,USA,2002,1,9,52,5.8,4.3,0.5,1.8,0.1009999999999999,0.2289999999999999,0.18,0.599,0.054,2015-16,2015,Big (proxy),11.5,5.6,0.8,0.595,0.238,-4.9,-5.7,0.004,,,,,0
Amile Jefferson,ORL,27.0,205.74,100.697424,Duke,USA,2017,Undrafted,Undrafted,18,0.8,1.3,0.2,8.5,0.1119999999999999,0.163,0.129,0.372,0.078,2019-20,2019,Big (proxy),2.3,1.8,0.3,0.6920000000000001,0.125,8.8,-1.4999999999999998,-0.32,,,,,0
Amir Coffey,LAC,26.0,200.66,95.25432,Minnesota,USA,Undrafted,Undrafted,Undrafted,50,3.4,1.1,1.1,-8.9,0.026,0.055,0.128,0.498,0.119,2022-23,2022,Wing (proxy),9.0,2.9,1.8,0.598,0.154,-0.9,-5.6,-0.0999999999999999,,,,,0
Amir Johnson,PHI,32.0,205.74,108.86208,,USA,2005,2,56,51,3.9,2.9,1.2,-5.0,0.084,0.185,0.1689999999999999,0.574,0.156,2018-19,2018,Big (proxy),4.6,4.5,1.6,0.575,0.125,1.5,-0.6999999999999997,-0.001,,,,,0
Anderson Varejao,GSW,34.0,210.82,123.830616,,Brazil,2004,2,30,14,1.3,1.9,0.7,-8.4,0.133,0.188,0.124,0.478,0.152,2016-17,2016,Big (proxy),2.6,2.7,0.7,0.473,0.147,-0.5,-1.3,0.005,,,,,0
Andrae Patterson,MIN,23.0,205.74,107.954896,Indiana,USA,1998,2,46,35,3.3,1.9,0.4,-1.6,0.104,0.144,0.206,0.505,0.094,1998-99,1998,Big (proxy),,,,,,,,,,,,,0
Andray Blatche,BKN,27.0,210.82,117.93392,,USA,2005,2,49,73,11.2,5.3,1.5,0.4,0.089,0.1989999999999999,0.252,0.532,0.126,2013-14,2013,Big (proxy),10.3,5.1,1.0,0.547,0.263,-1.3,0.8999999999999986,-0.015,,,,,0
Andre Barrett,TOR,24.0,177.8,78.471416,Seton Hall,USA,Undrafted,Undrafted,Undrafted,19,4.6,1.3,2.7,-4.7,0.032,0.071,0.188,0.3979999999999999,0.28,2005-06,2005,Guard (proxy),3.1,1.1,1.8,0.446,0.15,2.1,1.4999999999999996,-0.0480000000000001,,,,,0
Andre Brown,MEM,27.0,205.74,111.13004,DePaul,USA,Undrafted,Undrafted,Undrafted,33,3.0,2.8,0.2,-12.2,0.128,0.218,0.172,0.502,0.045,2007-08,2007,Big (proxy),2.4,1.9,0.1,0.5770000000000001,0.183,-2.5,0.6000000000000001,-0.075,,,,,0
Andre Drummond,CHI,29.0,210.82,126.552168,Connecticut,USA,2012,1,9,67,6.0,6.6,0.5,2.6,0.16,0.353,0.196,0.606,0.057,2022-23,2022,Big (proxy),7.9,9.3,1.8,0.574,0.181,2.4,-1.9000000000000004,0.032,,,,,0
Andre Iguodala,GSW,38.0,198.12,97.52228,Arizona,USA,2004,1,9,31,4.0,3.2,3.7,8.7,0.035,0.1169999999999999,0.113,0.478,0.263,2021-22,2021,Wing (proxy),4.4,3.5,2.3,0.519,0.109,-2.5,-0.4000000000000003,-0.041,,,,,0
Andre Miller,SAS,40.0,190.5,90.7184,Utah,USA,1999,1,8,39,3.7,1.3,2.2,5.1,0.036,0.1009999999999999,0.162,0.6,0.276,2015-16,2015,Guard (proxy),4.4,1.9,3.5,0.5479999999999999,0.155,-4.4,-0.7000000000000002,0.052,,,,,0
Andre Owens,IND,27.0,193.04,90.7184,Houston,USA,Undrafted,Undrafted,Undrafted,31,4.0,1.5,1.5,-0.4,0.038,0.093,0.163,0.504,0.18,2007-08,2007,Guard (proxy),3.0,0.9,0.3,0.421,0.203,-10.0,1.0,0.083,,,,,0
Andre Roberson,OKC,26.0,200.66,95.25432,Colorado,USA,2013,1,26,39,5.0,4.7,1.2,9.4,0.068,0.109,0.085,0.5429999999999999,0.059,2017-18,2017,Wing (proxy),6.6,5.1,1.0,0.51,0.1,2.8,-1.5999999999999996,0.0329999999999999,,,,,0
Andrea Bargnani,BKN,30.0,213.36,111.13004,,Italy,2006,1,1,46,6.6,2.1,0.4,-15.7,0.047,0.135,0.2339999999999999,0.5,0.051,2015-16,2015,Big (proxy),14.8,4.4,1.6,0.527,0.262,-17.5,-8.200000000000001,-0.027,,,,,0
Andreas Glyniadakis,SEA,25.0,215.9,127.00576,,USA,2003,2,58,13,1.3,0.6,0.1,-20.4,0.031,0.09,0.154,0.475,0.02,2006-07,2006,Big (proxy),,,,,,,,,,,,,0
Andrei Kirilenko,BKN,33.0,205.74,106.59412,,Russia,1999,1,24,45,5.0,3.2,1.6,-3.1,0.077,0.128,0.144,0.532,0.131,2013-14,2013,Big (proxy),12.4,5.7,2.8,0.59,0.173,-1.4,-7.4,-0.0579999999999999,,,,,0
Andres Nocioni,PHI,32.0,200.66,102.0582,,Argentina,Undrafted,Undrafted,Undrafted,11,1.5,1.3,0.1,-14.4,0.019,0.255,0.25,0.342,0.033,2011-12,2011,Wing (proxy),6.1,3.1,0.8,0.5379999999999999,0.174,-6.9,-4.6,-0.1959999999999999,,,,,0
Andrew Bogut,GSW,34.0,213.36,117.93392,Utah,Australia,2005,1,1,11,3.5,5.0,1.0,3.9,0.1,0.297,0.148,0.523,0.104,2018-19,2018,Big (proxy),1.5,3.3,0.6,0.696,0.085,-5.1,2.0,-0.1729999999999999,,,,,0
Andrew Bynum,IND,26.0,213.36,129.27372,,USA,2005,1,10,26,8.7,5.6,1.1,-11.8,0.108,0.198,0.24,0.456,0.099,2013-14,2013,Big (proxy),18.7,11.8,1.4,0.594,0.237,2.3,-10.0,-0.1379999999999999,,,,,0
Andrew DeClercq,ORL,31.0,208.28,115.66596,Florida,USA,1995,2,34,71,3.2,4.5,0.6,-3.7,0.122,0.176,0.103,0.526,0.054,2003-04,2003,Big (proxy),4.7,4.4,0.7,0.562,0.1369999999999999,4.5,-1.5,-0.036,,,,,0
Andrew Gaze,SAS,33.0,200.66,92.98636,Seton Hall,USA,Undrafted,Undrafted,Undrafted,19,1.1,0.3,0.3,27.4,0.038,0.048,0.206,0.42,0.182,1998-99,1998,Wing (proxy),,,,,,,,,,,,,0
Andrew Goudelock,LAL,23.0,190.5,90.7184,College of Charleston,USA,2011,2,46,40,4.4,0.8,0.5,-4.2,0.0139999999999999,0.068,0.228,0.488,0.085,2011-12,2011,Guard (proxy),,,,,,,,,,,,,0
Andrew Harrison,NOP,24.0,198.12,96.615096,Kentucky,USA,2015,2,44,17,3.2,1.2,1.4,-5.5,0.032,0.074,0.171,0.4429999999999999,0.1939999999999999,2018-19,2018,Wing (proxy),9.5,2.3,3.2,0.534,0.195,-7.3,-6.3,-0.0910000000000001,,,,,0
Andrew Lang,NYK,34.0,210.82,124.7378,Arkansas,USA,1988,2,28,19,3.1,3.2,0.2,0.7,0.076,0.198,0.14,0.44,0.021,1999-00,1999,Big (proxy),3.8,4.4,0.6,0.367,0.155,-7.1,-0.6999999999999997,0.073,,,,,0
Andrew Nembhard,IND,23.0,190.5,86.636072,Gonzaga,Canada,2022,2,31,75,9.5,2.7,4.5,-5.9,0.016,0.078,0.159,0.528,0.222,2022-23,2022,Guard (proxy),,,,,,,,,,,,,0
Andrew Nicholson,BKN,27.0,205.74,113.398,St. Bonaventure,Canada,2012,1,19,38,2.6,1.6,0.3,-17.6,0.05,0.156,0.178,0.427,0.047,2016-17,2016,Big (proxy),6.9,3.6,0.4,0.5670000000000001,0.209,1.2,-4.300000000000001,-0.14,,,,,0
Andrew White III,ATL,25.0,200.66,95.25432,Syracuse,USA,Undrafted,Undrafted,Undrafted,15,4.6,2.3,0.4,-18.6,0.016,0.133,0.16,0.461,0.05,2017-18,2017,Wing (proxy),,,,,,,,,,,,,0
Andrew Wiggins,GSW,28.0,200.66,89.357624,Kansas,Canada,2014,1,1,37,17.1,5.0,2.3,5.2,0.05,0.1009999999999999,0.212,0.564,0.1,2022-23,2022,Wing (proxy),17.2,4.5,2.2,0.56,0.2239999999999999,5.8,-0.0999999999999978,0.0039999999999998,,,,,0
Andris Biedrins,GSW,27.0,213.36,109.769264,,Latvia,2004,1,11,53,0.5,2.9,0.3,-4.9,0.075,0.246,0.037,0.449,0.039,2012-13,2012,Big (proxy),1.7,3.7,0.3,0.581,0.053,-6.6,-1.2,-0.1319999999999999,,,,,0
Anfernee Hardaway,MIA,36.0,200.66,97.52228,Memphis,USA,1993,1,3,16,3.8,2.2,2.2,-4.8,0.011,0.1119999999999999,0.1119999999999999,0.469,0.173,2007-08,2007,Wing (proxy),7.3,2.4,2.0,0.48,0.1689999999999999,-6.6,-3.5,-0.011,,,,,0
Anfernee Simons,POR,24.0,190.5,82.10015200000001,,USA,2018,1,24,62,21.1,2.6,4.1,-1.6,0.008,0.067,0.247,0.581,0.186,2022-23,2022,Guard (proxy),17.3,2.6,3.9,0.583,0.244,-2.5,3.8000000000000007,-0.002,,,,,0
Ansu Sesay,GSW,28.0,205.74,102.0582,Mississippi,USA,1998,2,30,16,3.1,2.4,0.8,-10.4,0.142,0.168,0.2,0.466,0.179,2004-05,2004,Big (proxy),3.5,1.6,0.3,0.504,0.177,0.4,-0.3999999999999999,-0.0379999999999999,,,,,0
Antawn Jamison,LAC,38.0,205.74,106.59412,North Carolina,USA,1998,1,4,22,3.8,2.5,0.3,11.0,0.038,0.204,0.203,0.408,0.047,2013-14,2013,Big (proxy),9.4,4.8,0.7,0.561,0.188,2.3,-5.6000000000000005,-0.153,,,,,0
Ante Zizic,CLE,23.0,208.28,120.655472,,Croatia,2016,1,23,22,4.4,3.0,0.3,1.3,0.084,0.211,0.168,0.597,0.038,2019-20,2019,Big (proxy),7.8,5.4,0.9,0.59,0.178,-3.9,-3.3999999999999995,0.007,,,,,0
Anthony Avent,LAC,30.0,205.74,108.86208,Seton Hall,USA,1991,1,15,49,1.7,1.5,0.2,-11.9,0.062,0.155,0.154,0.368,0.046,1999-00,1999,Big (proxy),,,,,,,,,,,,,0
Anthony Bennett,BKN,24.0,203.2,106.59412,Nevada-Las Vegas,Canada,2013,1,1,23,5.0,3.4,0.5,-10.6,0.104,0.207,0.191,0.5329999999999999,0.075,2016-17,2016,Wing (proxy),1.5,1.2,0.0,0.446,0.181,-12.5,3.5,0.0869999999999999,,,,,0
Anthony Bowie,NYK,34.0,198.12,90.7184,Oklahoma,USA,1986,3,66,27,2.8,1.0,0.4,-2.2,0.049,0.094,0.151,0.586,0.078,1997-98,1997,Wing (proxy),,,,,,,,,,,,,0
Anthony Brown,ORL,24.0,200.66,95.707912,Stanford,USA,2015,2,34,11,3.9,3.0,0.7,1.3,0.048,0.163,0.158,0.43,0.08,2016-17,2016,Wing (proxy),4.0,2.4,0.7,0.427,0.11,-4.3,-0.1,0.003,,,,,0
Anthony Carter,TOR,37.0,185.42,86.18248,Hawaii,USA,Undrafted,Undrafted,Undrafted,24,2.0,1.4,1.4,-8.9,0.0289999999999999,0.151,0.165,0.409,0.296,2011-12,2011,Guard (proxy),3.3,1.5,2.1,0.502,0.144,1.1,-1.2999999999999998,-0.093,,,,,0
Anthony Davis,LAL,30.0,208.28,114.758776,Kentucky,USA,2012,1,1,56,25.9,12.5,2.6,4.8,0.102,0.248,0.2769999999999999,0.627,0.128,2022-23,2022,Big (proxy),23.2,9.9,3.1,0.578,0.263,-3.0,2.6999999999999997,0.049,,,,,0
Anthony Edwards,MIN,21.0,193.04,102.0582,Georgia,USA,2020,1,1,79,24.6,5.8,4.4,1.9,0.017,0.139,0.292,0.564,0.192,2022-23,2022,Guard (proxy),21.3,4.8,3.8,0.56,0.262,4.0,3.3000000000000007,0.0039999999999998,,,,,0
Anthony Gill,WAS,30.0,203.2,104.32616,Virginia,USA,Undrafted,Undrafted,Undrafted,59,3.3,1.7,0.6,-0.8,0.0579999999999999,0.1,0.1159999999999999,0.604,0.074,2022-23,2022,Wing (proxy),4.1,1.9,0.6,0.682,0.138,5.8,-0.7999999999999998,-0.078,,,,,0
Anthony Goldwire,MIL,33.0,187.96,82.553744,Houston,USA,1994,2,52,33,5.2,1.8,2.4,-4.1,0.023,0.11,0.148,0.575,0.252,2004-05,2004,Guard (proxy),1.5,0.6,1.0,0.379,0.146,5.6,3.7,0.1959999999999999,,,,,0
Anthony Grundy,ATL,27.0,190.5,83.91452,North Carolina State,USA,Undrafted,Undrafted,Undrafted,12,4.3,1.4,0.8,10.7,0.011,0.144,0.22,0.589,0.13,2005-06,2005,Guard (proxy),,,,,,,,,,,,,0
Anthony Johnson,ORL,35.0,190.5,88.45044,College of Charleston,USA,1997,2,39,31,4.2,1.5,2.0,7.6,0.025,0.108,0.166,0.5429999999999999,0.249,2009-10,2009,Guard (proxy),5.3,1.8,2.5,0.505,0.157,4.0,-1.0999999999999996,0.0379999999999999,,,,,0
Anthony Lamb,GSW,25.0,198.12,102.965384,Vermont,USA,Undrafted,Undrafted,Undrafted,62,6.7,3.5,1.5,1.7,0.047,0.129,0.136,0.61,0.111,2022-23,2022,Wing (proxy),5.5,2.9,1.0,0.523,0.144,-9.2,1.2000000000000002,0.0869999999999999,,,,,0
Anthony Mason,MIL,36.0,203.2,115.66596,Tennessee State,USA,1988,3,53,65,7.2,6.4,3.2,-3.3,0.05,0.183,0.1169999999999999,0.524,0.15,2002-03,2002,Wing (proxy),9.6,7.9,4.2,0.544,0.127,0.5,-2.3999999999999995,-0.02,,,,,0
Anthony Miller,HOU,28.0,205.74,115.66596,Michigan State,USA,1994,2,39,35,3.7,4.7,0.5,7.4,0.111,0.245,0.125,0.544,0.05,1999-00,1999,Big (proxy),2.4,2.3,0.2,0.502,0.142,7.2,1.3000000000000005,0.042,,,,,0
Anthony Morrow,CHI,31.0,195.58,95.25432,Georgia Tech,USA,Undrafted,Undrafted,Undrafted,49,5.5,0.6,0.5,-1.8,0.018,0.03,0.161,0.505,0.052,2016-17,2016,Wing (proxy),5.6,0.9,0.4,0.5429999999999999,0.171,4.0,-0.0999999999999996,-0.0379999999999999,,,,,0
Anthony Parker,CLE,37.0,198.12,95.25432,Bradley,USA,1997,1,21,51,7.2,2.7,2.4,-10.0,0.009,0.121,0.14,0.523,0.144,2011-12,2011,Wing (proxy),8.3,3.0,3.0,0.505,0.146,-7.8,-1.1000000000000003,0.018,,,,,0
Anthony Peeler,WAS,35.0,193.04,94.347136,Missouri,USA,1992,1,15,40,3.8,1.6,1.4,-12.1,0.0279999999999999,0.1169999999999999,0.157,0.484,0.18,2004-05,2004,Guard (proxy),5.7,2.0,1.6,0.575,0.147,4.9,-1.9000000000000004,-0.0909999999999999,,,,,0
Anthony Randolph,DEN,24.0,210.82,102.0582,Louisiana State,USA,2008,1,14,43,4.8,2.8,0.7,-8.6,0.0409999999999999,0.213,0.2019999999999999,0.499,0.104,2013-14,2013,Big (proxy),3.7,2.4,0.3,0.534,0.217,1.9,1.0999999999999996,-0.035,,,,,0
Anthony Roberson,CHI,26.0,187.96,81.64656,Florida,USA,Undrafted,Undrafted,Undrafted,29,4.1,0.8,0.7,-11.5,0.022,0.066,0.206,0.487,0.124,2008-09,2008,Guard (proxy),5.6,1.1,0.5,0.527,0.221,-14.6,-1.5,-0.04,,,,,0
Anthony Tolliver,PHI,36.0,203.2,108.86208,Creighton,USA,Undrafted,Undrafted,Undrafted,11,1.5,0.9,0.2,16.6,0.0279999999999999,0.071,0.09,0.433,0.025,2020-21,2020,Wing (proxy),3.6,2.8,0.8,0.513,0.108,-6.0,-2.1,-0.08,,,,,0
Antoine Carr,VAN,38.0,205.74,102.0582,Wichita State,USA,1983,1,8,21,3.2,1.5,0.3,-18.8,0.047,0.129,0.168,0.477,0.063,1999-00,1999,Big (proxy),2.6,1.7,0.5,0.427,0.198,-6.4,0.6000000000000001,0.0499999999999999,,,,,0
Antoine Rigaudeau,DAL,31.0,200.66,95.25432,,USA,Undrafted,Undrafted,Undrafted,11,1.5,0.7,0.5,-33.7,0.044,0.055,0.211,0.243,0.128,2002-03,2002,Wing (proxy),,,,,,,,,,,,,0
Antoine Walker,MIN,31.0,205.74,111.13004,Kentucky,USA,1996,1,6,46,8.0,3.7,1.0,-5.1,0.068,0.146,0.2239999999999999,0.455,0.085,2007-08,2007,Big (proxy),8.5,4.3,1.7,0.462,0.2239999999999999,0.6,-0.5,-0.007,,,,,0
Antoine Wright,TOR,26.0,200.66,97.52228,Texas A&M,USA,2005,1,15,67,6.5,2.8,1.1,1.6,0.033,0.128,0.161,0.502,0.075,2009-10,2009,Wing (proxy),7.3,2.1,1.2,0.501,0.156,3.2,-0.7999999999999998,0.001,,,,,0
Antonio Blakeney,CHI,22.0,193.04,87.089664,Louisiana State,USA,Undrafted,Undrafted,Undrafted,57,7.3,1.9,0.7,-7.8,0.008,0.114,0.24,0.487,0.079,2018-19,2018,Guard (proxy),7.9,1.7,1.1,0.471,0.2269999999999999,-1.3,-0.6000000000000005,0.016,,,,,0
Antonio Burks,MEM,26.0,182.88,88.45044,Memphis,USA,2004,2,36,57,2.0,0.6,1.3,-1.1,0.009,0.071,0.1639999999999999,0.367,0.24,2005-06,2005,Guard (proxy),3.0,0.5,1.2,0.534,0.185,-7.8,-1.0,-0.167,,,,,0
Antonio Daniels,NOH,34.0,193.04,92.98636,Bowling Green,USA,1997,1,4,74,4.1,1.0,2.4,-11.7,0.006,0.093,0.1639999999999999,0.536,0.3,2008-09,2008,Guard (proxy),8.4,2.9,4.8,0.5489999999999999,0.135,0.2,-4.300000000000001,-0.0129999999999999,,,,,0
Antonio Davis,TOR,37.0,205.74,111.13004,Texas-El Paso,USA,1990,2,45,44,4.9,4.7,0.5,-11.5,0.114,0.158,0.135,0.479,0.035,2005-06,2005,Big (proxy),7.0,5.9,1.1,0.516,0.143,0.1,-2.1,-0.037,,,,,0
Antonio Harvey,POR,30.0,210.82,113.398,Pfeiffer,USA,Undrafted,Undrafted,Undrafted,12,2.6,1.2,0.3,-14.3,0.071,0.129,0.211,0.506,0.103,2000-01,2000,Big (proxy),2.2,1.7,0.3,0.581,0.168,13.1,0.3999999999999999,-0.0749999999999999,,,,,0
Antonio Lang,PHI,28.0,203.2,92.98636,Duke,USA,1994,2,29,10,0.6,0.5,0.2,-13.4,0.0,0.172,0.111,0.366,0.091,1999-00,1999,Wing (proxy),1.3,1.6,0.1,0.653,0.113,-23.9,-0.7000000000000001,-0.287,,,,,0
Antonio McDyess,SAS,36.0,205.74,111.13004,Alabama,USA,1995,1,2,73,5.3,5.4,1.2,5.8,0.107,0.225,0.15,0.516,0.093,2010-11,2010,Big (proxy),5.8,5.9,1.1,0.492,0.151,6.6,-0.5,0.024,,,,,0
Antonis Fotsis,MEM,21.0,208.28,99.336648,,Greece,2001,2,47,28,3.9,2.2,0.4,-6.1,0.088,0.121,0.19,0.479,0.057,2001-02,2001,Big (proxy),,,,,,,,,,,,,0
Antonius Cleveland,DAL,26.0,195.58,88.45044,S.E. Missouri,USA,Undrafted,Undrafted,Undrafted,11,1.0,0.6,0.1,-7.8,0.037,0.122,0.159,0.34,0.034,2019-20,2019,Wing (proxy),1.4,0.8,0.1,0.486,0.107,-13.9,-0.3999999999999999,-0.1459999999999999,,,,,0
Anzejs Pasecniks,WAS,24.0,218.44,103.872568,,Latvia,2017,1,25,27,5.8,4.0,0.7,0.2,0.086,0.153,0.151,0.551,0.0579999999999999,2019-20,2019,Big (proxy),,,,,,,,,,,,,0
Archie Goodwin,BKN,22.0,195.58,92.98636,Kentucky,USA,2013,1,29,15,7.3,1.9,1.6,-5.4,0.039,0.106,0.209,0.6509999999999999,0.186,2016-17,2016,Wing (proxy),8.9,2.5,2.1,0.498,0.231,-11.0,-1.6000000000000003,0.1529999999999999,,,,,0
Armen Gilliam,UTA,36.0,205.74,117.93392,Nevada-Las Vegas,USA,1987,1,2,50,6.7,4.2,0.8,-4.7,0.104,0.203,0.2339999999999999,0.486,0.106,1999-00,1999,Big (proxy),8.3,3.7,0.6,0.525,0.222,-1.3,-1.6000000000000003,-0.039,,,,,0
Armon Johnson,POR,22.0,190.5,88.45044,Nevada,USA,2010,2,34,38,2.9,0.9,1.2,-3.0,0.042,0.109,0.237,0.497,0.3,2010-11,2010,Guard (proxy),,,,,,,,,,,,,0
Armoni Brooks,TOR,24.0,190.5,88.45044,Houston,USA,2019,Undrafted,Undrafted,54,5.3,1.9,1.1,-3.8,0.021,0.0969999999999999,0.159,0.483,0.105,2021-22,2021,Guard (proxy),11.2,3.4,1.5,0.565,0.175,-11.7,-5.9,-0.0819999999999999,,,,,0
Arnett Moultrie,PHI,23.0,208.28,108.86208,Mississippi State,USA,2012,1,27,12,3.0,2.9,0.2,-16.2,0.06,0.146,0.104,0.4479999999999999,0.015,2013-14,2013,Big (proxy),3.7,3.1,0.2,0.595,0.14,-7.5,-0.7000000000000002,-0.147,,,,,0
Aron Baynes,TOR,34.0,208.28,117.93392,Washington State,Australia,Undrafted,Undrafted,Undrafted,53,6.1,5.2,0.9,-4.4,0.0819999999999999,0.192,0.157,0.503,0.07,2020-21,2020,Big (proxy),11.5,5.6,1.6,0.581,0.205,-1.5,-5.4,-0.0779999999999999,,,,,0
Arron Afflalo,ORL,32.0,195.58,95.25432,UCLA,USA,2007,1,27,53,3.4,1.2,0.6,-6.8,0.006,0.0819999999999999,0.127,0.516,0.066,2017-18,2017,Wing (proxy),8.4,2.0,1.3,0.5589999999999999,0.147,-7.7,-5.0,-0.0429999999999999,,,,,0
Art Long,TOR,30.0,205.74,113.398,Cincinnati,USA,Undrafted,Undrafted,Undrafted,26,2.3,2.3,0.2,-15.3,0.107,0.2019999999999999,0.204,0.3779999999999999,0.0559999999999999,2002-03,2002,Big (proxy),4.5,4.0,0.7,0.506,0.163,-0.1,-2.2,-0.1280000000000001,,,,,0
Arvydas Macijauskas,NOK,26.0,193.04,97.068688,,Lithuania,Undrafted,Undrafted,Undrafted,19,2.3,0.5,0.3,-10.8,0.0279999999999999,0.065,0.1969999999999999,0.462,0.071,2005-06,2005,Guard (proxy),,,,,,,,,,,,,0
Arvydas Sabonis,POR,38.0,220.98,132.448864,,Lithuania,1986,1,24,78,6.1,4.3,1.8,8.1,0.09,0.251,0.195,0.5489999999999999,0.185,2002-03,2002,Big (proxy),10.1,5.4,1.5,0.527,0.241,8.5,-4.0,0.0219999999999999,,,,,0
Ashraf Amaya,WAS,25.0,203.2,104.32616,Southern Illinois,USA,Undrafted,Undrafted,Undrafted,31,1.3,1.7,0.1,-8.6,0.127,0.289,0.184,0.382,0.038,1996-97,1996,Wing (proxy),,,,,,,,,,,,,0
Austin Croshere,SAS,34.0,208.28,108.86208,Providence,USA,1997,1,12,14,2.9,2.4,0.6,-17.7,0.0969999999999999,0.271,0.206,0.452,0.161,2008-09,2008,Big (proxy),3.9,2.4,0.7,0.573,0.163,2.1,-1.0,-0.1209999999999999,,,,,0
Austin Daye,ATL,27.0,210.82,99.79024,Gonzaga,USA,2009,1,15,34,3.8,2.2,0.5,-3.1,0.031,0.212,0.217,0.449,0.083,2014-15,2014,Big (proxy),3.0,1.2,0.4,0.456,0.23,-1.1,0.7999999999999998,-0.007,,,,,0
Austin Reaves,LAL,25.0,195.58,89.357624,Oklahoma,USA,Undrafted,Undrafted,Undrafted,64,13.0,3.0,3.4,4.9,0.018,0.079,0.154,0.687,0.155,2022-23,2022,Wing (proxy),7.3,3.2,1.8,0.6,0.121,1.8,5.7,0.087,,,,,0
Austin Rivers,MIN,30.0,193.04,90.7184,Duke,USA,2012,1,10,52,4.9,1.6,1.4,-4.9,0.005,0.078,0.104,0.564,0.095,2022-23,2022,Guard (proxy),6.0,1.7,1.3,0.546,0.123,1.9,-1.0999999999999996,0.0179999999999999,,,,,0
Avery Bradley,LAL,31.0,190.5,81.64656,Texas-Austin,USA,2010,1,19,62,6.4,2.2,0.8,-5.8,0.021,0.073,0.119,0.55,0.046,2021-22,2021,Guard (proxy),6.4,2.1,1.7,0.487,0.146,-10.2,0.0,0.063,,,,,0
Avery Johnson,GSW,39.0,180.34,83.91452,Southern,USA,Undrafted,Undrafted,Undrafted,46,4.6,0.7,2.4,-2.7,0.006,0.055,0.213,0.4539999999999999,0.311,2003-04,2003,Guard (proxy),3.3,0.6,1.3,0.467,0.213,-4.3,1.2999999999999998,-0.0130000000000001,,,,,0
Awvee Storey,MIL,31.0,198.12,102.0582,Arizona State,USA,Undrafted,Undrafted,Undrafted,26,3.5,2.1,0.6,-11.0,0.121,0.105,0.183,0.452,0.102,2007-08,2007,Wing (proxy),1.7,0.9,0.2,0.456,0.2,8.5,1.8,-0.004,,,,,0
Axel Toupane,DEN,23.0,200.66,95.25432,,France,Undrafted,Undrafted,Undrafted,21,3.6,1.5,0.7,-2.1,0.032,0.087,0.125,0.49,0.068,2015-16,2015,Wing (proxy),,,,,,,,,,,,,0
Ayo Dosunmu,CHI,23.0,195.58,90.7184,Illinois,USA,2021,2,38,80,8.6,2.8,2.6,-1.3,0.022,0.081,0.145,0.5670000000000001,0.135,2022-23,2022,Wing (proxy),8.8,2.8,3.3,0.596,0.138,-5.0,-0.200000000000001,-0.0289999999999999,,,,,0
B.J. Armstrong,CHI,32.0,187.96,83.91452,Iowa,USA,1989,1,18,27,7.4,1.7,2.9,-12.9,0.004,0.09,0.19,0.51,0.26,1999-00,1999,Guard (proxy),3.3,1.2,1.9,0.54,0.16,-5.2,4.1000000000000005,-0.03,,,,,0
BJ Johnson,ORL,24.0,200.66,90.7184,La Salle,USA,Undrafted,Undrafted,Undrafted,10,3.0,1.5,0.3,-8.1,0.033,0.136,0.201,0.412,0.059,2019-20,2019,Wing (proxy),,,,,,,,,,,,,0
Bam Adebayo,MIA,25.0,205.74,115.66596,Kentucky,USA,2017,1,14,75,20.4,9.2,3.2,1.8,0.073,0.206,0.251,0.5920000000000001,0.154,2022-23,2022,Big (proxy),19.1,10.1,3.4,0.608,0.248,8.1,1.2999999999999972,-0.0159999999999999,,,,,0
Baron Davis,NYK,33.0,190.5,96.161504,UCLA,USA,1999,1,3,29,6.1,1.9,4.7,4.0,0.027,0.084,0.207,0.457,0.347,2011-12,2011,Guard (proxy),13.1,2.7,6.7,0.506,0.243,-1.3,-7.0,-0.0489999999999999,,,,,0
Ben Davis,PHX,24.0,205.74,108.86208,Arizona,USA,1996,2,43,20,1.5,1.4,0.0,-0.4,0.132,0.192,0.156,0.417,0.0,1996-97,1996,Big (proxy),,,,,,,,,,,,,0
Ben Gordon,ORL,32.0,190.5,92.98636,Connecticut,USA,2004,1,3,56,6.2,1.1,0.9,-9.0,0.008,0.083,0.22,0.5379999999999999,0.111,2014-15,2014,Guard (proxy),5.2,1.4,1.1,0.422,0.221,2.5,1.0,0.1159999999999999,,,,,0
Ben Handlogten,UTA,31.0,208.28,108.86208,Western Michigan,USA,Undrafted,Undrafted,Undrafted,21,4.5,3.1,0.6,-8.5,0.106,0.21,0.173,0.525,0.075,2004-05,2004,Big (proxy),4.0,3.2,0.4,0.5770000000000001,0.187,-4.7,0.5,-0.052,,,,,0
Ben Hansbrough,IND,25.0,190.5,92.079176,Notre Dame,USA,Undrafted,Undrafted,Undrafted,28,2.0,0.6,0.8,-6.7,0.01,0.0819999999999999,0.163,0.501,0.2019999999999999,2012-13,2012,Guard (proxy),,,,,,,,,,,,,0
Ben McLemore,POR,29.0,190.5,88.45044,Kansas,USA,2013,1,7,64,10.2,1.6,0.9,-13.1,0.009,0.072,0.207,0.5670000000000001,0.077,2021-22,2021,Guard (proxy),7.7,1.9,0.7,0.523,0.192,-4.2,2.499999999999999,0.044,,,,,0
Ben Simmons,BKN,26.0,208.28,108.86208,Louisiana State,Australia,2016,1,1,42,6.9,6.3,6.1,2.1,0.04,0.186,0.142,0.5589999999999999,0.295,2022-23,2022,Big (proxy),14.3,7.2,6.9,0.584,0.2,8.0,-7.4,-0.025,,,,,0
Ben Uzoh,TOR,24.0,190.5,92.98636,Tulsa,USA,Undrafted,Undrafted,Undrafted,18,4.5,3.7,3.4,0.9,0.061,0.139,0.162,0.377,0.28,2011-12,2011,Guard (proxy),3.8,1.5,1.6,0.4679999999999999,0.206,-8.7,0.7000000000000002,-0.0909999999999999,,,,,0
Ben Wallace,DET,37.0,205.74,108.86208,Virginia Union,USA,Undrafted,Undrafted,Undrafted,62,1.4,4.3,0.7,-5.4,0.093,0.242,0.069,0.3979999999999999,0.073,2011-12,2011,Big (proxy),2.9,6.5,1.3,0.442,0.083,-7.2,-1.5,-0.044,,,,,0
Bennedict Mathurin,IND,21.0,195.58,95.25432,Arizona,Canada,2022,1,6,78,16.7,4.1,1.5,-4.3,0.037,0.103,0.235,0.5660000000000001,0.078,2022-23,2022,Wing (proxy),,,,,,,,,,,,,0
Beno Udrih,DET,34.0,190.5,92.98636,,Slovenia,2004,1,28,39,5.8,1.5,3.4,5.4,0.012,0.102,0.201,0.535,0.364,2016-17,2016,Guard (proxy),4.7,1.6,2.6,0.496,0.172,-1.3,1.0999999999999996,0.039,,,,,0
Benoit Benjamin,PHI,33.0,213.36,120.20188,Creighton,USA,1985,1,3,14,4.5,3.8,0.2,2.5,0.106,0.246,0.147,0.581,0.024,1997-98,1997,Big (proxy),,,,,,,,,,,,,0
Bernard James,DAL,30.0,208.28,106.59412,Florida State,USA,2012,2,33,16,2.8,2.4,0.3,-1.7,0.123,0.146,0.12,0.593,0.039,2014-15,2014,Big (proxy),0.9,1.4,0.1,0.503,0.1169999999999999,-2.8,1.9,0.0899999999999999,,,,,0
Bernard Robinson,NJN,26.0,198.12,95.25432,Michigan,USA,2004,2,45,31,2.0,1.5,0.6,-7.2,0.0409999999999999,0.153,0.151,0.413,0.119,2006-07,2006,Wing (proxy),6.4,3.3,1.2,0.498,0.1689999999999999,-2.9,-4.4,-0.085,,,,,0
Bill Curley,GSW,29.0,205.74,99.79024,Boston College,USA,1994,1,22,20,3.2,1.9,0.2,-6.8,0.118,0.1,0.159,0.569,0.0279999999999999,2000-01,2000,Big (proxy),2.7,1.8,0.5,0.481,0.141,-14.1,0.5,0.0879999999999999,,,,,0
Bill Wennington,CHI,36.0,213.36,125.644984,St. John's (NY),USA,1985,1,16,38,3.8,2.1,0.5,-7.7,0.048,0.159,0.218,0.381,0.085,1998-99,1998,Big (proxy),3.5,1.7,0.4,0.461,0.193,3.7,0.2999999999999998,-0.08,,,,,0
Billy Owens,DET,32.0,203.2,99.79024,Syracuse,USA,1991,1,3,45,4.4,4.6,1.2,-1.1,0.104,0.158,0.151,0.4,0.108,2000-01,2000,Wing (proxy),6.0,4.9,1.6,0.462,0.162,-2.7,-1.5999999999999996,-0.062,,,,,0
Billy Thomas,CLE,32.0,195.58,99.79024,Kansas,USA,Undrafted,Undrafted,Undrafted,11,1.3,0.2,0.0,-5.3,0.0,0.067,0.2339999999999999,0.391,0.0,2007-08,2007,Wing (proxy),2.2,0.8,0.5,0.465,0.156,-3.0,-0.9000000000000001,-0.074,,,,,0
Bimbo Coles,MIA,36.0,187.96,82.553744,Virginia Tech,USA,1990,2,40,22,1.3,0.5,0.7,-14.1,0.013,0.06,0.131,0.382,0.163,2003-04,2003,Guard (proxy),4.4,1.7,2.1,0.413,0.143,-8.7,-3.1000000000000005,-0.0309999999999999,,,,,0
Bismack Biyombo,PHX,30.0,203.2,115.66596,,DRC,2011,1,7,61,4.3,4.3,0.9,3.1,0.093,0.184,0.136,0.555,0.089,2022-23,2022,Wing (proxy),5.8,4.6,0.6,0.596,0.1669999999999999,5.6,-1.5,-0.0409999999999999,,,,,0
Bison Dele,DET,30.0,210.82,117.93392,Arizona,USA,1991,1,10,49,10.5,5.6,1.4,2.1,0.099,0.187,0.243,0.531,0.115,1998-99,1998,Big (proxy),16.2,8.9,1.2,0.542,0.241,0.4,-5.699999999999999,-0.011,,,,,0
Blake Ahearn,MIA,24.0,187.96,86.18248,Missouri State,USA,Undrafted,Undrafted,Undrafted,12,5.8,1.6,1.6,-23.6,0.0069999999999999,0.113,0.254,0.495,0.288,2007-08,2007,Guard (proxy),,,,,,,,,,,,,0
Blake Griffin,BOS,34.0,205.74,113.398,Oklahoma,USA,2009,1,1,41,4.1,3.8,1.5,9.9,0.079,0.195,0.125,0.59,0.142,2022-23,2022,Big (proxy),6.4,4.1,1.9,0.518,0.1669999999999999,-4.7,-2.3000000000000007,0.0719999999999999,,,,,0
Blake Wesley,SAS,20.0,193.04,83.91452,Notre Dame,USA,2022,1,25,37,5.0,2.2,2.6,-13.4,0.016,0.1009999999999999,0.18,0.3929999999999999,0.201,2022-23,2022,Guard (proxy),,,,,,,,,,,,,0
Blue Edwards,MIA,33.0,193.04,90.7184,East Carolina,USA,1989,1,21,24,3.2,1.4,1.3,-1.1,0.031,0.096,0.168,0.495,0.19,1998-99,1998,Guard (proxy),10.8,2.7,2.5,0.521,0.221,-5.0,-7.6,-0.026,,,,,0
Bo Outlaw,ORL,36.0,203.2,99.79024,Houston,USA,Undrafted,Undrafted,Undrafted,41,2.0,2.6,0.4,0.2,0.132,0.1669999999999999,0.083,0.667,0.055,2006-07,2006,Wing (proxy),2.3,2.4,0.4,0.61,0.106,-0.8,-0.2999999999999998,0.057,,,,,0
Bob Sura,HOU,32.0,195.58,90.7184,Florida State,USA,1995,1,17,61,10.3,5.5,5.2,3.8,0.049,0.155,0.176,0.5329999999999999,0.266,2004-05,2004,Wing (proxy),7.5,4.1,2.9,0.51,0.191,0.8,2.8000000000000007,0.0229999999999999,,,,,0
Boban Marjanovic,HOU,34.0,223.52,131.54168,,Serbia,Undrafted,Undrafted,Undrafted,31,3.3,1.9,0.3,18.5,0.121,0.226,0.206,0.71,0.079,2022-23,2022,Big (proxy),4.3,1.7,0.1,0.615,0.311,12.8,-1.0,0.0949999999999999,,,,,0
Bobby Brown,HOU,33.0,187.96,79.3786,Cal State-Fullerton,USA,Undrafted,Undrafted,Undrafted,20,2.5,0.4,0.6,-24.5,0.0,0.061,0.252,0.425,0.19,2017-18,2017,Guard (proxy),2.5,0.2,0.6,0.509,0.2339999999999999,-12.1,0.0,-0.084,,,,,0
Bobby Hurley,VAN,27.0,182.88,74.84268,Duke,USA,1993,1,7,61,4.1,1.1,2.9,-8.0,0.016,0.074,0.181,0.461,0.33,1997-98,1997,Guard (proxy),2.9,0.8,3.0,0.482,0.14,-2.6,1.1999999999999995,-0.0209999999999999,,,,,0
Bobby Jackson,SAC,36.0,185.42,83.91452,Minnesota,USA,1997,1,23,71,7.5,2.8,2.0,-6.2,0.033,0.126,0.18,0.502,0.16,2008-09,2008,Guard (proxy),7.7,2.5,1.9,0.51,0.205,7.0,-0.2000000000000001,-0.008,,,,,0
Bobby Jones,DEN,24.0,200.66,97.52228,Washington,USA,2006,2,37,46,3.9,2.0,0.6,-7.2,0.064,0.139,0.1639999999999999,0.5479999999999999,0.092,2007-08,2007,Wing (proxy),2.5,1.3,0.4,0.495,0.176,5.8,1.4,0.0529999999999999,,,,,0
Bobby Phills,CHH,30.0,195.58,95.25432,Southern,USA,1991,2,45,28,13.6,2.5,2.8,0.8,0.024,0.077,0.2189999999999999,0.524,0.175,1999-00,1999,Wing (proxy),14.3,4.0,3.5,0.537,0.2,3.4,-0.7000000000000011,-0.013,,,,,0
Bobby Portis,MIL,28.0,210.82,113.398,Arkansas,USA,2015,1,22,70,14.1,9.6,1.5,-0.1,0.08,0.263,0.211,0.575,0.087,2022-23,2022,Big (proxy),14.6,9.1,1.2,0.5710000000000001,0.207,6.3,-0.5,0.0039999999999998,,,,,0
Bobby Simmons,LAC,32.0,198.12,106.59412,DePaul,USA,2001,2,41,28,2.9,2.0,0.4,-0.5,0.047,0.121,0.113,0.43,0.039,2011-12,2011,Wing (proxy),5.3,2.7,0.7,0.485,0.165,-7.8,-2.4,-0.0549999999999999,,,,,0
Bogdan Bogdanovic,ATL,30.0,195.58,102.0582,,Serbia,2014,1,27,54,14.0,3.1,2.8,1.2,0.015,0.093,0.196,0.586,0.134,2022-23,2022,Wing (proxy),15.1,4.0,3.1,0.562,0.212,4.5,-1.0999999999999996,0.0239999999999999,,,,,0
Bojan Bogdanovic,DET,34.0,200.66,102.511792,,Croatia,2011,2,31,59,21.6,3.8,2.6,-8.2,0.018,0.099,0.251,0.627,0.133,2022-23,2022,Wing (proxy),18.1,4.3,1.7,0.599,0.2319999999999999,4.8,3.5,0.028,,,,,0
Bol Bol,ORL,23.0,218.44,99.79024,Oregon,Sudan,2019,2,44,70,9.1,5.8,1.0,-4.4,0.046,0.22,0.177,0.603,0.069,2022-23,2022,Big (proxy),2.4,1.4,0.4,0.565,0.16,0.5,6.699999999999999,0.038,,,,,0
Bones Hyland,LAC,22.0,187.96,76.657048,Virginia Commonwealth,USA,2021,1,26,56,11.8,2.4,3.1,-5.3,0.019,0.111,0.271,0.535,0.245,2022-23,2022,Guard (proxy),10.1,2.7,2.8,0.5579999999999999,0.231,1.7,1.700000000000001,-0.0229999999999999,,,,,0
Boniface Ndong,LAC,28.0,213.36,92.98636,,Senegal,Undrafted,Undrafted,Undrafted,23,2.2,1.6,0.3,-14.0,0.106,0.2,0.187,0.439,0.08,2005-06,2005,Big (proxy),,,,,,,,,,,,,0
Bonzi Wells,NOH,31.0,195.58,95.25432,Ball State,USA,1998,1,11,73,9.1,4.5,1.3,1.6,0.062,0.187,0.228,0.495,0.11,2007-08,2007,Wing (proxy),7.8,4.3,1.1,0.446,0.242,2.9,1.2999999999999998,0.0489999999999999,,,,,0
Boris Diaw,UTA,35.0,203.2,113.398,,France,2003,1,21,73,4.6,2.2,2.3,2.4,0.043,0.103,0.158,0.494,0.207,2016-17,2016,Wing (proxy),6.4,3.1,2.3,0.5820000000000001,0.168,10.8,-1.8000000000000007,-0.088,,,,,0
Bostjan Nachbar,NJN,27.0,205.74,100.243832,,Slovenia,2002,1,15,75,9.8,3.5,1.2,-8.5,0.038,0.145,0.214,0.531,0.1,2007-08,2007,Big (proxy),9.2,3.3,0.8,0.614,0.193,0.2,0.6000000000000014,-0.0829999999999999,,,,,0
Bracey Wright,MIN,22.0,190.5,91.171992,Indiana,USA,2005,2,47,19,3.5,1.1,0.8,11.8,0.043,0.099,0.172,0.493,0.114,2006-07,2006,Guard (proxy),,,,,,,,,,,,,0
Brad Miller,MIN,36.0,213.36,118.38751200000002,Purdue,USA,Undrafted,Undrafted,Undrafted,15,2.3,1.3,1.6,-6.3,0.0289999999999999,0.122,0.1369999999999999,0.542,0.255,2011-12,2011,Big (proxy),6.4,3.7,2.4,0.5660000000000001,0.17,0.0,-4.1000000000000005,-0.024,,,,,0
Brad Wanamaker,WAS,32.0,190.5,95.25432,Pittsburgh,USA,Undrafted,Undrafted,Undrafted,23,3.6,1.7,2.4,-6.4,0.018,0.107,0.146,0.472,0.243,2021-22,2021,Guard (proxy),5.5,1.7,2.9,0.489,0.166,-5.7,-1.9,-0.017,,,,,0
Bradley Beal,WAS,30.0,193.04,93.893544,Florida,USA,2012,1,3,50,23.2,3.9,5.4,0.7,0.026,0.091,0.288,0.593,0.26,2022-23,2022,Guard (proxy),23.2,4.7,6.6,0.539,0.297,-3.5,0.0,0.0539999999999999,,,,,0
Brandan Wright,MEM,30.0,208.28,106.59412,North Carolina,USA,2007,1,8,28,5.0,3.4,0.5,5.3,0.086,0.161,0.14,0.596,0.0559999999999999,2017-18,2017,Big (proxy),6.8,2.8,0.5,0.628,0.166,3.9,-1.7999999999999998,-0.032,,,,,0
Brandon Armstrong,NJN,24.0,195.58,83.91452,Pepperdine,USA,2001,1,23,56,2.7,0.8,0.3,-14.0,0.035,0.092,0.2289999999999999,0.427,0.065,2003-04,2003,Wing (proxy),1.4,0.2,0.1,0.405,0.226,-9.7,1.3000000000000005,0.0219999999999999,,,,,0
Brandon Bass,LAC,32.0,203.2,113.398,Louisiana State,USA,2005,2,33,52,5.6,2.5,0.4,-13.0,0.086,0.165,0.2,0.65,0.063,2016-17,2016,Wing (proxy),7.2,4.3,1.1,0.619,0.138,-2.6,-1.6000000000000003,0.031,,,,,0
Brandon Boston,LAC,20.0,198.12,85.275296,Kentucky,USA,2021,2,51,51,6.7,2.2,1.0,-2.0,0.02,0.111,0.212,0.481,0.103,2021-22,2021,Wing (proxy),,,,,,,,,,,,,0
Brandon Boston Jr.,LAC,21.0,198.12,85.275296,Kentucky,USA,2021,2,51,22,6.5,1.4,0.9,-7.7,0.024,0.098,0.237,0.515,0.129,2022-23,2022,Wing (proxy),,,,,,,,,,,,,0
Brandon Clarke,MEM,26.0,203.2,97.52228,Gonzaga,Canada,2019,1,21,56,10.0,5.5,1.3,0.7,0.079,0.177,0.174,0.6809999999999999,0.1,2022-23,2022,Wing (proxy),10.4,5.3,1.3,0.66,0.171,7.5,-0.4000000000000003,0.0209999999999999,,,,,0
Brandon Davies,PHI,23.0,208.28,108.86208,Brigham Young,USA,Undrafted,Undrafted,Undrafted,27,5.3,3.1,1.1,-19.1,0.099,0.135,0.186,0.4629999999999999,0.123,2014-15,2014,Big (proxy),2.8,2.1,0.5,0.476,0.14,-5.2,2.5,-0.013,,,,,0
Brandon Goodwin,CLE,26.0,182.88,81.64656,Florida Gulf Coast,USA,Undrafted,Undrafted,Undrafted,36,4.8,1.9,2.5,-6.3,0.0279999999999999,0.11,0.177,0.501,0.278,2021-22,2021,Guard (proxy),4.9,1.5,2.0,0.471,0.19,-4.4,-0.1000000000000005,0.03,,,,,0
Brandon Hunter,ORL,24.0,200.66,120.655472,Ohio,USA,2003,2,56,31,3.1,2.2,0.1,-4.8,0.128,0.208,0.213,0.527,0.023,2004-05,2004,Wing (proxy),3.5,3.3,0.5,0.4629999999999999,0.168,-0.8,-0.3999999999999999,0.0640000000000001,,,,,0
Brandon Ingram,NOP,25.0,203.2,86.18248,Duke,USA,2016,1,2,45,24.7,5.5,5.8,3.0,0.015,0.145,0.306,0.5820000000000001,0.2769999999999999,2022-23,2022,Wing (proxy),22.7,5.8,5.6,0.5539999999999999,0.291,3.3,2.0,0.0280000000000001,,,,,0
Brandon Jennings,MIL,28.0,185.42,77.11064,,USA,2009,1,10,14,5.2,2.2,3.1,-13.1,0.022,0.131,0.191,0.478,0.331,2017-18,2017,Guard (proxy),7.1,2.4,4.9,0.479,0.175,-3.0,-1.8999999999999997,-0.001,,,,,0
Brandon Knight,DET,28.0,187.96,82.553744,Kentucky,USA,2011,1,8,25,7.3,1.6,2.8,-7.6,0.009,0.093,0.207,0.503,0.216,2019-20,2019,Guard (proxy),6.8,1.5,1.8,0.484,0.178,-12.0,0.5,0.019,,,,,0
Brandon Paul,SAS,27.0,193.04,90.7184,,USA,Undrafted,Undrafted,Undrafted,64,2.3,1.1,0.6,0.3,0.011,0.109,0.131,0.504,0.096,2017-18,2017,Guard (proxy),,,,,,,,,,,,,0
Brandon Roy,POR,26.0,198.12,95.707912,Washington,USA,2006,1,6,47,12.2,2.6,2.7,2.5,0.025,0.093,0.228,0.491,0.168,2010-11,2010,Wing (proxy),21.5,4.4,4.7,0.568,0.266,6.0,-9.3,-0.0769999999999999,,,,,0
Brandon Rush,MIN,31.0,198.12,102.0582,Kansas,USA,2008,1,13,47,4.2,2.1,1.0,-0.8,0.019,0.089,0.0969999999999999,0.505,0.0579999999999999,2016-17,2016,Wing (proxy),4.2,2.5,0.8,0.56,0.128,0.2,0.0,-0.055,,,,,0
Brandon Sampson,CHI,22.0,195.58,83.46092800000001,,USA,Undrafted,Undrafted,Undrafted,14,5.1,1.1,0.7,-6.0,0.0139999999999999,0.063,0.154,0.5670000000000001,0.063,2018-19,2018,Wing (proxy),,,,,,,,,,,,,0
Brandon Williams,POR,22.0,187.96,86.18248,Arizona,USA,Undrafted,Undrafted,Undrafted,24,12.9,3.1,3.9,-20.4,0.026,0.089,0.246,0.476,0.235,2021-22,2021,Guard (proxy),,,,,,,,,,,,,0
Braxton Key,DET,25.0,203.2,102.0582,Virginia,USA,Undrafted,Undrafted,Undrafted,11,7.2,4.5,1.0,8.0,0.0579999999999999,0.187,0.184,0.508,0.077,2021-22,2021,Wing (proxy),,,,,,,,,,,,,0
Brendan Haywood,CLE,35.0,213.36,119.294696,North Carolina,USA,2001,1,20,22,1.6,1.3,0.1,-21.3,0.0559999999999999,0.192,0.181,0.49,0.032,2014-15,2014,Big (proxy),3.5,4.8,0.5,0.441,0.115,-8.2,-1.9,0.0489999999999999,,,,,0
Brent Barry,HOU,37.0,200.66,95.25432,Oregon State,USA,1995,1,15,56,3.7,1.7,1.4,1.1,0.023,0.106,0.123,0.575,0.141,2008-09,2008,Wing (proxy),7.1,1.8,1.7,0.655,0.155,5.5,-3.3999999999999995,-0.08,,,,,0
Brent Price,SAC,33.0,185.42,83.91452,Oklahoma,USA,1992,2,32,20,1.6,0.4,0.5,-19.4,0.04,0.039,0.187,0.474,0.1639999999999999,2001-02,2001,Guard (proxy),3.4,0.9,1.7,0.518,0.1939999999999999,-3.7,-1.7999999999999998,-0.044,,,,,0
Brent Scott,IND,26.0,208.28,113.398,Rice,USA,Undrafted,Undrafted,Undrafted,16,1.2,0.6,0.2,4.9,0.073,0.109,0.186,0.484,0.086,1996-97,1996,Big (proxy),,,,,,,,,,,,,0
Brett Szabo,BOS,29.0,210.82,104.32616,Augustana (SD),USA,Undrafted,Undrafted,Undrafted,70,2.2,2.4,0.2,-11.1,0.089,0.196,0.119,0.517,0.039,1996-97,1996,Big (proxy),,,,,,,,,,,,,0
Brevin Knight,UTA,33.0,177.8,75.296272,Stanford,USA,1997,1,16,74,2.4,1.2,2.6,3.6,0.016,0.095,0.134,0.414,0.307,2008-09,2008,Guard (proxy),4.6,1.9,4.4,0.4529999999999999,0.123,-9.9,-2.2,-0.0389999999999999,,,,,0
Brian Cardinal,DAL,35.0,203.2,108.86208,Purdue,USA,2000,2,44,44,1.0,0.8,0.4,-7.7,0.016,0.121,0.11,0.373,0.094,2011-12,2011,Wing (proxy),2.6,1.1,0.7,0.672,0.0969999999999999,0.4,-1.6,-0.299,,,,,0
Brian Cook,WAS,31.0,205.74,113.398,Illinois,USA,2003,1,24,32,2.5,2.0,0.3,-3.1,0.0409999999999999,0.209,0.186,0.396,0.0559999999999999,2011-12,2011,Big (proxy),4.8,2.4,0.4,0.534,0.203,-8.8,-2.3,-0.138,,,,,0
Brian Evans,MIN,25.0,203.2,99.79024,Indiana,USA,1996,1,27,16,2.1,1.2,0.9,-2.5,0.043,0.107,0.135,0.372,0.188,1998-99,1998,Wing (proxy),4.5,1.9,0.8,0.476,0.185,-4.0,-2.4,-0.1039999999999999,,,,,0
Brian Grant,PHX,34.0,205.74,115.212368,Xavier,USA,1994,1,8,21,2.9,2.7,0.3,-2.0,0.048,0.198,0.1369999999999999,0.445,0.039,2005-06,2005,Big (proxy),3.8,3.7,0.5,0.539,0.115,-5.0,-0.8999999999999999,-0.094,,,,,0
Brian Roberts,CHA,31.0,185.42,78.471416,Dayton,USA,Undrafted,Undrafted,Undrafted,41,3.5,1.0,1.3,-7.0,0.013,0.094,0.186,0.51,0.214,2016-17,2016,Guard (proxy),4.0,0.8,1.1,0.552,0.196,-6.2,-0.5,-0.042,,,,,0
Brian Scalabrine,CHI,34.0,205.74,106.59412,Southern California,USA,2001,2,34,28,1.1,0.8,0.5,9.1,0.07,0.134,0.155,0.49,0.195,2011-12,2011,Big (proxy),1.1,0.4,0.3,0.526,0.12,1.1,0.0,-0.036,,,,,0
Brian Shaw,LAL,37.0,198.12,90.7184,California-Santa Barbara,USA,1988,1,24,72,3.5,1.7,1.4,-5.4,0.024,0.128,0.158,0.467,0.1889999999999999,2002-03,2002,Wing (proxy),2.9,1.9,1.5,0.4579999999999999,0.153,8.0,0.6000000000000001,0.0090000000000001,,,,,0
Brian Skinner,LAC,34.0,205.74,115.66596,Baylor,USA,1998,1,22,16,1.6,1.7,0.0,-13.6,0.089,0.22,0.135,0.456,0.0,2009-10,2009,Big (proxy),4.2,4.0,0.5,0.474,0.146,-16.5,-2.6,-0.0179999999999999,,,,,0
Briante Weber,MEM,25.0,187.96,74.84268,Virginia Commonwealth,USA,Undrafted,Undrafted,Undrafted,18,2.8,1.9,1.2,-21.6,0.03,0.13,0.111,0.527,0.139,2017-18,2017,Guard (proxy),3.1,1.3,1.1,0.462,0.173,-10.8,-0.3000000000000002,0.065,,,,,0
Brice Johnson,LAC,24.0,208.28,104.32616,North Carolina,USA,2016,1,25,18,2.4,1.7,0.1,-2.3,0.08,0.2269999999999999,0.193,0.486,0.03,2017-18,2017,Big (proxy),,,,,,,,,,,,,0
Britton Johnsen,ORL,24.0,208.28,95.25432,Utah,USA,Undrafted,Undrafted,Undrafted,20,2.1,2.3,0.6,-16.4,0.053,0.127,0.126,0.318,0.072,2003-04,2003,Big (proxy),,,,,,,,,,,,,0
Brodric Thomas,BOS,25.0,195.58,83.91452,Truman State,USA,Undrafted,Undrafted,Undrafted,12,1.8,0.8,0.9,3.0,0.034,0.103,0.172,0.52,0.239,2021-22,2021,Wing (proxy),3.9,1.7,0.9,0.487,0.158,-4.5,-2.1,0.033,,,,,0
Brook Lopez,MIL,35.0,215.9,127.912944,Stanford,USA,2008,1,10,78,15.9,6.7,1.3,7.1,0.064,0.135,0.187,0.63,0.06,2022-23,2022,Big (proxy),12.4,4.1,0.5,0.57,0.211,-1.4,3.5,0.06,,,,,0
Brooks Thompson,NYK,27.0,193.04,87.543256,Oklahoma State,USA,1994,1,27,30,2.0,0.5,0.9,-8.3,0.0069999999999999,0.098,0.201,0.496,0.245,1997-98,1997,Guard (proxy),6.6,1.4,2.7,0.526,0.214,-6.2,-4.6,-0.03,,,,,0
Bruce Bowen,SAS,38.0,200.66,90.7184,Cal State-Fullerton,USA,Undrafted,Undrafted,Undrafted,80,2.7,1.8,0.5,0.4,0.013,0.1,0.072,0.539,0.0409999999999999,2008-09,2008,Wing (proxy),6.0,2.9,1.1,0.527,0.1,4.9,-3.3,0.012,,,,,0
Bruce Brown,DEN,26.0,193.04,91.625584,Miami,USA,2018,2,42,80,11.5,4.1,3.4,0.8,0.0289999999999999,0.1159999999999999,0.174,0.5710000000000001,0.1639999999999999,2022-23,2022,Guard (proxy),9.0,4.8,2.1,0.575,0.146,-0.3,2.5,-0.0039999999999998,,,,,0
Bruno Caboclo,HOU,24.0,205.74,98.883056,,Brazil,2014,1,20,30,3.0,2.0,0.4,-5.1,0.081,0.145,0.17,0.484,0.076,2019-20,2019,Big (proxy),8.3,4.6,1.5,0.5710000000000001,0.15,0.9,-5.300000000000001,-0.087,,,,,0
Bruno Fernando,ATL,24.0,208.28,108.86208,Maryland,Angola,2019,2,34,39,3.9,3.5,0.8,-8.9,0.123,0.19,0.159,0.5710000000000001,0.1169999999999999,2022-23,2022,Big (proxy),2.9,1.8,0.2,0.6709999999999999,0.1969999999999999,-10.1,1.0,-0.0999999999999998,,,,,0
Bruno Sundov,NYK,25.0,218.44,117.93392,,Croatia,1998,2,35,21,1.2,0.6,0.1,-9.6,0.091,0.119,0.276,0.33,0.063,2004-05,2004,Big (proxy),1.2,1.1,0.3,0.281,0.222,-32.4,0.0,0.0489999999999999,,,,,0
Bryant Reeves,VAN,28.0,213.36,131.54168,Oklahoma State,USA,1995,1,6,75,8.3,6.0,1.1,-5.6,0.083,0.198,0.175,0.506,0.073,2000-01,2000,Big (proxy),8.9,5.7,1.2,0.481,0.193,-5.8,-0.5999999999999996,0.025,,,,,0
Bryant Stith,CLE,31.0,195.58,95.25432,Virginia,USA,1992,1,13,50,4.2,1.7,0.8,-8.7,0.035,0.114,0.168,0.493,0.1119999999999999,2001-02,2001,Wing (proxy),9.7,3.6,2.2,0.5379999999999999,0.145,-2.3,-5.499999999999999,-0.0449999999999999,,,,,0
Bryce Cotton,UTA,22.0,185.42,74.84268,Providence,USA,Undrafted,Undrafted,Undrafted,15,5.3,1.2,1.0,-0.4,0.021,0.106,0.237,0.52,0.1689999999999999,2014-15,2014,Guard (proxy),,,,,,,,,,,,,0
Bryce Dejean-Jones,NOP,23.0,198.12,92.079176,Iowa State,USA,Undrafted,Undrafted,Undrafted,14,5.6,3.4,1.1,-7.0,0.0279999999999999,0.175,0.141,0.505,0.076,2015-16,2015,Wing (proxy),,,,,,,,,,,,,0
Bryce Drew,NOH,29.0,190.5,83.46092800000001,Valparaiso,USA,1998,1,16,15,0.8,0.4,0.9,-14.1,0.0,0.098,0.16,0.311,0.26,2003-04,2003,Guard (proxy),1.5,1.0,0.8,0.352,0.165,6.4,-0.7,-0.0409999999999999,,,,,0
Bryce McGowens,CHA,20.0,198.12,79.3786,Nebraska,USA,2022,2,40,46,5.3,2.0,1.2,-9.7,0.025,0.088,0.147,0.519,0.098,2022-23,2022,Wing (proxy),,,,,,,,,,,,,0
Bryn Forbes,MIN,29.0,187.96,92.98636,Michigan State,USA,Undrafted,Undrafted,Undrafted,25,3.6,0.6,0.7,-8.5,0.015,0.04,0.155,0.497,0.087,2022-23,2022,Guard (proxy),8.8,1.2,1.0,0.574,0.201,-0.5,-5.200000000000001,-0.0769999999999999,,,,,0
Bryon Russell,DEN,34.0,200.66,102.0582,Long Beach State,USA,1993,2,45,70,4.4,2.5,1.0,0.1,0.053,0.141,0.139,0.537,0.115,2004-05,2004,Wing (proxy),4.0,2.0,1.0,0.53,0.149,1.2,0.4000000000000003,0.007,,,,,0
Bubba Wells,DAL,23.0,195.58,104.32616,Austin Peay,USA,1997,2,34,39,3.3,1.7,0.9,-14.0,0.057,0.138,0.185,0.474,0.142,1997-98,1997,Wing (proxy),,,,,,,,,,,,,0
Buck Williams,NYK,38.0,203.2,102.0582,Maryland,USA,1981,1,3,41,4.9,4.5,0.5,2.7,0.128,0.172,0.138,0.56,0.046,1997-98,1997,Wing (proxy),6.3,5.4,0.7,0.574,0.149,6.9,-1.3999999999999997,-0.0139999999999999,,,,,0
Buddy Boeheim,DET,23.0,198.12,92.98636,Syracuse,USA,Undrafted,Undrafted,Undrafted,10,1.6,0.6,0.4,2.7,0.022,0.043,0.131,0.287,0.059,2022-23,2022,Wing (proxy),,,,,,,,,,,,,0
Buddy Hield,IND,30.0,193.04,99.79024,Oklahoma,Bahamas,2016,1,6,80,16.8,5.0,2.8,-1.9,0.027,0.132,0.205,0.614,0.131,2022-23,2022,Guard (proxy),15.6,4.4,2.8,0.5479999999999999,0.214,-3.6,1.200000000000001,0.066,,,,,0
Byron Mullens,PHI,25.0,213.36,124.7378,Ohio State,USA,2009,1,24,45,4.2,2.0,0.3,-17.8,0.061,0.191,0.211,0.544,0.06,2013-14,2013,Big (proxy),10.6,6.4,1.5,0.465,0.213,-16.2,-6.4,0.079,,,,,0
Byron Scott,LAL,36.0,193.04,92.98636,Arizona State,USA,1983,1,4,79,6.7,1.5,1.3,6.7,0.017,0.075,0.157,0.59,0.11,1996-97,1996,Guard (proxy),,,,,,,,,,,,,0
C.J. Watson,ORL,33.0,187.96,79.3786,Tennessee,USA,Undrafted,Undrafted,Undrafted,62,4.5,1.4,1.8,-9.9,0.017,0.084,0.142,0.507,0.174,2016-17,2016,Guard (proxy),4.3,2.0,2.7,0.461,0.12,-2.3,0.2000000000000001,0.0459999999999999,,,,,0
C.J. Williams,MIN,29.0,195.58,102.511792,North Carolina State,USA,Undrafted,Undrafted,Undrafted,15,2.6,0.5,0.8,-17.5,0.0069999999999999,0.053,0.138,0.55,0.158,2018-19,2018,Wing (proxy),5.5,1.5,1.1,0.512,0.134,-1.2,-2.9,0.038,,,,,0
CJ Elleby,POR,22.0,198.12,90.7184,Washington State,USA,2020,2,46,58,5.8,3.9,1.5,-14.3,0.052,0.141,0.143,0.491,0.109,2021-22,2021,Wing (proxy),2.3,1.1,0.3,0.4679999999999999,0.16,-5.3,3.5,0.023,,,,,0
CJ McCollum,NOP,31.0,190.5,86.18248,Lehigh,USA,2013,1,10,75,20.9,4.4,5.7,1.1,0.021,0.104,0.26,0.541,0.242,2022-23,2022,Guard (proxy),22.1,4.3,5.1,0.5529999999999999,0.2689999999999999,-1.9,-1.2000000000000028,-0.0119999999999999,,,,,0
CJ Miles,WAS,33.0,198.12,99.79024,,USA,2005,2,34,10,6.4,1.2,1.2,-1.3,0.021,0.05,0.1689999999999999,0.472,0.091,2019-20,2019,Wing (proxy),6.4,1.8,0.7,0.504,0.173,-1.7,0.0,-0.032,,,,,0
CJ Wilcox,ORL,26.0,195.58,88.45044,Washington,USA,2014,1,28,22,1.0,0.5,0.5,-13.1,0.033,0.087,0.149,0.3289999999999999,0.174,2016-17,2016,Wing (proxy),3.0,0.5,0.4,0.491,0.2,8.8,-2.0,-0.1620000000000001,,,,,0
Cade Cunningham,DET,21.0,200.66,99.79024,Oklahoma State,USA,2021,1,1,12,19.9,6.2,6.0,-6.1,0.027,0.148,0.287,0.492,0.306,2022-23,2022,Wing (proxy),17.4,5.5,5.6,0.504,0.273,-6.2,2.5,-0.012,,,,,0
Cal Bowdler,ATL,25.0,208.28,114.758776,Old Dominion,USA,1999,1,17,52,3.1,2.1,0.2,-1.1,0.076,0.143,0.159,0.416,0.03,2001-02,2001,Big (proxy),3.2,1.8,0.1,0.532,0.168,1.3,-0.1,-0.116,,,,,0
Calbert Cheaney,GSW,34.0,200.66,95.25432,Indiana,USA,1993,1,6,42,2.2,1.5,0.5,-12.5,0.047,0.11,0.128,0.412,0.074,2005-06,2005,Wing (proxy),4.5,2.3,1.2,0.444,0.151,-3.5,-2.3,-0.032,,,,,0
Caleb Houstan,ORL,20.0,203.2,92.98636,Michigan,Canada,2022,2,32,51,3.8,1.9,0.6,-5.3,0.0409999999999999,0.083,0.107,0.508,0.051,2022-23,2022,Wing (proxy),,,,,,,,,,,,,0
Caleb Martin,MIA,27.0,195.58,92.98636,Nevada,USA,Undrafted,Undrafted,Undrafted,71,9.6,4.8,1.6,0.0,0.044,0.13,0.143,0.5710000000000001,0.0819999999999999,2022-23,2022,Wing (proxy),9.2,3.8,1.1,0.611,0.158,5.7,0.4000000000000003,-0.0399999999999999,,,,,0
Caleb Swanigan,POR,23.0,205.74,117.93392,Purdue,USA,2017,1,26,27,2.4,3.7,1.1,-6.5,0.099,0.248,0.132,0.597,0.138,2019-20,2019,Big (proxy),2.0,3.0,0.5,0.377,0.17,-16.8,0.3999999999999999,0.2199999999999999,,,,,0
Calvin Booth,PHI,32.0,210.82,113.398,Penn State,USA,1999,2,35,31,0.8,1.2,0.3,-3.0,0.034,0.18,0.077,0.382,0.06,2007-08,2007,Big (proxy),1.6,1.8,0.4,0.49,0.092,4.1,-0.8,-0.1079999999999999,,,,,0
Cam Reddish,POR,23.0,200.66,98.429464,Duke,USA,2019,1,10,40,9.7,2.2,1.4,-9.0,0.017,0.07,0.166,0.561,0.085,2022-23,2022,Wing (proxy),10.1,2.1,1.0,0.5429999999999999,0.213,-9.8,-0.4000000000000003,0.0180000000000001,,,,,0
Cam Thomas,BKN,21.0,190.5,95.25432,Louisiana State,Japan,2021,1,27,57,10.6,1.7,1.4,-1.6,0.009,0.089,0.268,0.5670000000000001,0.133,2022-23,2022,Guard (proxy),8.5,2.4,1.2,0.519,0.212,-6.4,2.1,0.048,,,,,0
Cameron Bairstow,DET,25.0,205.74,113.398,New Mexico,Australia,2014,2,49,18,1.9,1.6,0.3,-7.1,0.038,0.235,0.198,0.391,0.091,2015-16,2015,Big (proxy),0.6,0.4,0.1,0.309,0.14,-16.5,1.2999999999999998,0.082,,,,,0
Cameron Johnson,BKN,27.0,203.2,95.25432,North Carolina,USA,2019,1,11,42,15.5,4.4,1.9,6.6,0.0289999999999999,0.12,0.2019999999999999,0.617,0.099,2022-23,2022,Wing (proxy),12.5,4.1,1.5,0.625,0.1669999999999999,6.2,3.0,-0.008,,,,,0
Cameron Payne,PHX,28.0,185.42,83.007336,Murray State,USA,2015,1,14,48,10.3,2.2,4.5,4.1,0.012,0.1,0.239,0.512,0.308,2022-23,2022,Guard (proxy),10.8,3.0,4.9,0.5,0.235,6.3,-0.5,0.012,,,,,0
Cameron Reynolds,MIN,24.0,203.2,102.0582,,USA,Undrafted,Undrafted,Undrafted,19,5.0,1.6,0.7,-4.9,0.0139999999999999,0.102,0.141,0.58,0.073,2018-19,2018,Wing (proxy),,,,,,,,,,,,,0
Caris LeVert,CLE,28.0,198.12,92.98636,Michigan,USA,2016,1,20,74,12.1,3.8,3.9,4.5,0.024,0.105,0.183,0.546,0.182,2022-23,2022,Wing (proxy),17.0,3.7,4.3,0.525,0.252,-1.8,-4.9,0.021,,,,,0
Carl Herrera,DEN,32.0,205.74,102.0582,Houston,USA,1990,2,30,28,2.3,2.2,0.1,-7.8,0.085,0.147,0.143,0.402,0.025,1998-99,1998,Big (proxy),2.9,1.6,0.4,0.437,0.216,-5.3,-0.6000000000000001,-0.0349999999999999,,,,,0
Carl Landry,PHI,32.0,205.74,112.490816,Purdue,USA,2007,2,31,36,9.8,4.1,0.9,-10.4,0.09,0.2019999999999999,0.239,0.605,0.102,2015-16,2015,Big (proxy),7.2,3.8,0.4,0.578,0.182,-9.2,2.6000000000000005,0.027,,,,,0
Carl Thomas,CLE,28.0,193.04,88.45044,Eastern Michigan,USA,Undrafted,Undrafted,Undrafted,43,3.4,1.1,0.4,-5.1,0.026,0.102,0.179,0.49,0.086,1997-98,1997,Guard (proxy),1.1,0.7,0.4,0.43,0.1669999999999999,-8.9,2.3,0.06,,,,,0
Carldell Johnson,NOH,29.0,177.8,81.64656,Alabama-Birmingham,USA,Undrafted,Undrafted,Undrafted,15,1.8,0.6,1.5,2.3,0.011,0.078,0.182,0.372,0.314,2011-12,2011,Guard (proxy),,,,,,,,,,,,,0
Carlos Arroyo,BOS,31.0,187.96,90.7184,Florida International,Puerto Rico,Undrafted,Undrafted,Undrafted,64,4.8,1.6,2.0,6.2,0.021,0.078,0.141,0.528,0.16,2010-11,2010,Guard (proxy),6.1,1.8,3.1,0.529,0.143,3.4,-1.2999999999999998,-0.001,,,,,0
Carlos Boozer,LAL,33.0,205.74,117.026736,Duke,USA,2002,2,34,71,11.8,6.8,1.3,-9.2,0.07,0.248,0.235,0.517,0.1009999999999999,2014-15,2014,Big (proxy),13.7,8.3,1.6,0.489,0.259,-1.5,-1.8999999999999984,0.028,,,,,0
Carlos Delfino,HOU,30.0,198.12,104.32616,,Argentina,2003,1,25,67,10.6,3.3,2.0,6.2,0.012,0.1369999999999999,0.186,0.5489999999999999,0.125,2012-13,2012,Wing (proxy),9.0,3.9,2.3,0.515,0.157,-6.3,1.5999999999999996,0.0339999999999999,,,,,0
Carlos Rogers,IND,31.0,210.82,105.233344,Tennessee State,USA,1994,1,11,22,2.7,1.7,0.1,-5.9,0.0969999999999999,0.153,0.16,0.574,0.03,2001-02,2001,Big (proxy),4.6,3.6,0.2,0.674,0.128,2.8,-1.8999999999999997,-0.1,,,,,0
Carmelo Anthony,LAL,38.0,200.66,107.954896,Syracuse,USA,2003,1,3,69,13.3,4.2,1.0,-2.9,0.034,0.1159999999999999,0.195,0.579,0.0559999999999999,2021-22,2021,Wing (proxy),13.4,3.1,1.5,0.547,0.228,-0.6,-0.0999999999999996,0.0319999999999999,,,,,0
Caron Butler,SAC,36.0,200.66,103.418976,Connecticut,USA,2002,1,10,17,3.7,1.3,0.6,-12.4,0.0289999999999999,0.115,0.163,0.49,0.099,2015-16,2015,Wing (proxy),5.9,2.5,1.0,0.544,0.132,-1.8,-2.2,-0.054,,,,,0
Carsen Edwards,BOS,23.0,180.34,90.7184,Purdue,USA,2019,2,33,31,4.0,0.8,0.5,-4.1,0.01,0.084,0.187,0.527,0.075,2020-21,2020,Guard (proxy),3.3,1.3,0.6,0.444,0.171,-5.5,0.7000000000000002,0.083,,,,,0
Cartier Martin,DET,30.0,200.66,99.79024,Kansas State,USA,Undrafted,Undrafted,Undrafted,23,1.6,0.9,0.5,2.3,0.0,0.114,0.128,0.34,0.085,2014-15,2014,Wing (proxy),5.6,1.9,0.6,0.562,0.173,-6.5,-4.0,-0.222,,,,,0
Casey Jacobsen,MEM,27.0,198.12,97.52228,Stanford,USA,2002,1,22,53,2.0,1.2,0.4,0.4,0.023,0.108,0.111,0.437,0.052,2007-08,2007,Wing (proxy),6.5,2.0,1.3,0.555,0.144,-0.4,-4.5,-0.118,,,,,0
Cassius Stanley,IND,21.0,195.58,86.18248,Duke,USA,2020,2,54,24,1.5,0.8,0.0,9.4,0.067,0.11,0.198,0.3829999999999999,0.017,2020-21,2020,Wing (proxy),,,,,,,,,,,,,0
Cassius Winston,WAS,23.0,185.42,83.91452,Michigan State,USA,2020,2,53,22,1.9,0.4,0.5,-21.4,0.0,0.087,0.182,0.575,0.222,2020-21,2020,Guard (proxy),,,,,,,,,,,,,0
Cedi Osman,CLE,28.0,200.66,104.32616,,Turkey,2015,2,31,77,8.7,2.3,1.5,7.5,0.017,0.1,0.178,0.579,0.107,2022-23,2022,Wing (proxy),10.7,2.2,2.0,0.563,0.206,-1.8,-2.0,0.016,,,,,0
Cedric Bozeman,ATL,24.0,198.12,93.893544,UCLA,USA,Undrafted,Undrafted,Undrafted,23,1.1,1.0,0.4,-5.2,0.016,0.1119999999999999,0.1119999999999999,0.312,0.075,2006-07,2006,Wing (proxy),,,,,,,,,,,,,0
Cedric Ceballos,MIA,31.0,200.66,99.79024,Cal State-Fullerton,USA,1990,2,48,40,6.5,2.7,0.5,-3.6,0.072,0.148,0.228,0.526,0.067,2000-01,2000,Wing (proxy),16.6,6.7,1.3,0.516,0.263,-2.4,-10.1,0.01,,,,,0
Cedric Henderson,GSW,27.0,200.66,102.0582,Memphis,USA,1997,2,44,12,3.0,0.3,0.3,12.9,0.013,0.032,0.242,0.528,0.1,2001-02,2001,Wing (proxy),4.3,1.6,1.4,0.416,0.165,-6.6,-1.2999999999999998,0.112,,,,,0
Cedric Jackson,WAS,24.0,190.5,86.18248,Cleveland State,USA,Undrafted,Undrafted,Undrafted,12,1.7,0.7,1.2,-1.3,0.0289999999999999,0.087,0.216,0.396,0.3329999999999999,2009-10,2009,Guard (proxy),,,,,,,,,,,,,0
Cedric Simmons,SAC,23.0,205.74,106.59412,North Carolina State,USA,2006,1,15,18,1.6,0.9,0.1,-15.0,0.065,0.1639999999999999,0.181,0.4529999999999999,0.042,2008-09,2008,Big (proxy),0.6,1.3,0.0,0.217,0.121,-20.2,1.0,0.2359999999999999,,,,,0
Cezary Trybanski,MEM,23.0,218.44,108.86208,,Poland,Undrafted,Undrafted,Undrafted,15,0.9,0.9,0.1,-11.1,0.073,0.099,0.163,0.287,0.021,2002-03,2002,Big (proxy),,,,,,,,,,,,,0
Chandler Hutchison,WAS,25.0,198.12,95.25432,Boise State,USA,2018,1,22,25,4.3,3.1,0.7,-5.2,0.016,0.195,0.155,0.469,0.061,2020-21,2020,Wing (proxy),7.8,3.9,0.9,0.521,0.183,-11.9,-3.5,-0.052,,,,,0
Chandler Parsons,MEM,30.0,208.28,104.32616,Florida,USA,2011,2,38,25,7.5,2.8,1.7,-5.4,0.0069999999999999,0.126,0.192,0.484,0.143,2018-19,2018,Big (proxy),7.9,2.5,1.9,0.578,0.18,-6.0,-0.4000000000000003,-0.0939999999999999,,,,,0
Channing Frye,CLE,36.0,213.36,115.66596,Arizona,USA,2005,1,8,36,3.6,1.4,0.6,-22.7,0.01,0.158,0.174,0.524,0.1,2018-19,2018,Big (proxy),5.0,2.5,0.7,0.599,0.151,8.2,-1.4,-0.0749999999999999,,,,,0
Charles Barkley,HOU,37.0,198.12,114.305184,Auburn,USA,1984,1,5,20,14.5,10.5,3.2,-2.4,0.125,0.252,0.216,0.534,0.165,1999-00,1999,Wing (proxy),16.1,12.3,4.6,0.546,0.225,4.7,-1.6000000000000014,-0.012,,,,,0
Charles Bassey,SAS,22.0,205.74,104.32616,Western Kentucky,Nigeria,2021,2,53,35,5.7,5.5,1.4,-2.4,0.14,0.2319999999999999,0.152,0.6579999999999999,0.131,2022-23,2022,Big (proxy),3.0,2.7,0.3,0.66,0.152,-8.8,2.7,-0.0020000000000001,,,,,0
Charles Cooke,NOP,23.0,195.58,88.904032,University of Dayton,USA,Undrafted,Undrafted,Undrafted,13,0.5,0.2,0.1,-15.7,0.0,0.049,0.163,0.2019999999999999,0.038,2017-18,2017,Wing (proxy),,,,,,,,,,,,,0
Charles Jenkins,PHI,24.0,190.5,97.52228,Hofstra,USA,2011,2,44,59,1.9,0.5,0.7,-0.6,0.019,0.0579999999999999,0.155,0.425,0.1669999999999999,2012-13,2012,Guard (proxy),5.8,1.3,3.3,0.482,0.187,-11.6,-3.9,-0.0569999999999999,,,,,0
Charles Jones,HOU,41.0,205.74,97.52228,Albany State (GA),USA,1979,8,165,24,0.6,1.0,0.2,-6.2,0.098,0.111,0.049,0.6890000000000001,0.055,1997-98,1997,Big (proxy),0.3,1.1,0.3,0.4,0.025,2.6,0.3,0.289,,,,,0
Charles O'Bannon,DET,24.0,195.58,94.800728,UCLA,USA,1997,2,31,18,3.1,1.9,0.7,11.4,0.1169999999999999,0.1009999999999999,0.191,0.47,0.126,1998-99,1998,Wing (proxy),2.1,1.1,0.6,0.423,0.152,4.0,1.0,0.0469999999999999,,,,,0
Charles Oakley,WAS,39.0,205.74,112.490816,Virginia Union,USA,1985,1,9,42,1.8,2.5,1.0,1.6,0.083,0.18,0.085,0.529,0.127,2002-03,2002,Big (proxy),3.8,6.0,2.0,0.392,0.122,-12.2,-2.0,0.137,,,,,0
Charles R. Jones,LAC,24.0,190.5,81.64656,Long Island-Brooklyn,USA,Undrafted,Undrafted,Undrafted,56,3.4,1.1,1.7,-14.6,0.026,0.078,0.159,0.445,0.233,1999-00,1999,Guard (proxy),3.7,1.4,1.4,0.407,0.163,-12.2,-0.3000000000000002,0.038,,,,,0
Charles Shackleford,CHH,33.0,210.82,111.13004,North Carolina State,USA,1988,2,32,32,3.3,4.0,0.4,-5.4,0.142,0.264,0.1689999999999999,0.521,0.07,1998-99,1998,Big (proxy),,,,,,,,,,,,,0
Charles Smith,DEN,30.0,193.04,90.7184,New Mexico,USA,1997,1,26,22,3.6,0.7,0.4,-4.5,0.016,0.076,0.179,0.53,0.074,2005-06,2005,Guard (proxy),7.4,2.2,1.3,0.483,0.206,-0.2,-3.8,0.047,,,,,0
Charlie Bell,GSW,32.0,190.5,90.7184,Michigan State,USA,Undrafted,Undrafted,Undrafted,19,1.7,0.9,0.7,2.0,0.037,0.084,0.133,0.357,0.113,2010-11,2010,Guard (proxy),6.5,1.9,1.5,0.486,0.147,0.2,-4.8,-0.129,,,,,0
Charlie Brown Jr.,PHI,25.0,198.12,90.264808,St. Joseph's (PA),USA,Undrafted,Undrafted,Undrafted,22,1.4,1.5,0.3,-3.6,0.067,0.088,0.105,0.346,0.045,2021-22,2021,Wing (proxy),2.0,0.4,0.2,0.472,0.231,33.9,-0.6000000000000001,-0.126,,,,,0
Charlie Villanueva,DAL,31.0,210.82,105.233344,Connecticut,USA,2005,1,7,62,5.1,2.5,0.4,-7.9,0.036,0.213,0.244,0.473,0.063,2015-16,2015,Big (proxy),6.3,2.3,0.3,0.534,0.261,-3.3,-1.2000000000000002,-0.061,,,,,0
Charlie Ward,HOU,34.0,187.96,83.91452,Florida State,USA,1994,1,26,14,5.4,2.8,3.1,-0.9,0.019,0.105,0.133,0.4529999999999999,0.1889999999999999,2004-05,2004,Guard (proxy),6.0,2.0,3.0,0.528,0.184,-2.5,-0.5999999999999996,-0.0750000000000001,,,,,0
Chase Budinger,PHX,28.0,200.66,94.800728,Arizona,USA,2009,2,44,66,4.1,2.3,1.0,-0.1,0.048,0.129,0.142,0.514,0.098,2015-16,2015,Wing (proxy),6.8,3.0,1.0,0.537,0.165,-10.5,-2.7,-0.023,,,,,0
Chasson Randle,ORL,28.0,187.96,83.91452,Stanford,USA,2015,Undrafted,Undrafted,41,6.5,2.0,1.8,-15.0,0.008,0.084,0.154,0.515,0.143,2020-21,2020,Guard (proxy),5.5,1.1,2.0,0.555,0.16,-5.8,1.0,-0.04,,,,,0
Chauncey Billups,DET,37.0,190.5,95.25432,Colorado,USA,1997,1,3,19,3.8,1.5,2.2,-7.2,0.0139999999999999,0.098,0.153,0.427,0.196,2013-14,2013,Guard (proxy),8.4,1.5,2.2,0.601,0.2,4.5,-4.6000000000000005,-0.174,,,,,0
Cheick Diallo,PHX,23.0,203.2,99.336648,Kansas,Mali,2016,2,33,47,4.7,2.8,0.5,-3.8,0.063,0.208,0.1689999999999999,0.688,0.076,2019-20,2019,Wing (proxy),6.0,5.2,0.5,0.644,0.155,-4.7,-1.2999999999999998,0.0439999999999999,,,,,0
Cheikh Samb,NYK,24.0,215.9,111.13004,,USA,2006,2,51,18,0.8,1.3,0.1,0.6,0.128,0.163,0.209,0.214,0.019,2008-09,2008,Big (proxy),,,,,,,,,,,,,0
Cherokee Parks,GSW,31.0,210.82,108.86208,Duke,USA,1995,1,12,12,1.0,0.8,0.1,-12.6,0.08,0.13,0.12,0.475,0.03,2003-04,2003,Big (proxy),6.3,4.4,0.7,0.523,0.141,-15.3,-5.3,-0.048,,,,,0
Chimezie Metu,SAC,26.0,205.74,102.0582,Southern California,USA,2018,2,49,66,4.9,3.0,0.6,6.7,0.068,0.206,0.168,0.639,0.08,2022-23,2022,Big (proxy),8.9,5.6,1.0,0.546,0.184,-5.7,-4.0,0.0929999999999999,,,,,0
Chris Andersen,CLE,38.0,208.28,111.13004,Blinn,USA,Undrafted,Undrafted,Undrafted,12,2.3,2.6,0.4,4.3,0.098,0.191,0.136,0.497,0.063,2016-17,2016,Big (proxy),3.9,3.6,0.4,0.598,0.109,-10.7,-1.6,-0.1009999999999999,,,,,0
Chris Anstey,CHI,25.0,213.36,112.944408,,USA,1997,1,18,73,6.0,3.8,0.9,-6.5,0.106,0.221,0.2289999999999999,0.512,0.126,1999-00,1999,Big (proxy),3.3,2.4,0.7,0.418,0.18,-5.4,2.7,0.094,,,,,0
Chris Babb,BOS,24.0,195.58,102.0582,Iowa State,USA,Undrafted,Undrafted,Undrafted,14,1.6,1.2,0.2,-2.4,0.031,0.119,0.113,0.367,0.034,2013-14,2013,Wing (proxy),,,,,,,,,,,,,0
Chris Bosh,MIA,32.0,210.82,106.59412,Georgia Tech,USA,2003,1,4,53,19.1,7.4,2.4,1.7,0.032,0.211,0.253,0.5710000000000001,0.129,2015-16,2015,Big (proxy),21.1,7.0,2.2,0.5479999999999999,0.29,-2.2,-2.0,0.0230000000000001,,,,,0
Chris Boucher,TOR,30.0,205.74,90.7184,Oregon,Saint Lucia,Undrafted,Undrafted,Undrafted,76,9.4,5.5,0.4,-1.3,0.094,0.19,0.175,0.59,0.0289999999999999,2022-23,2022,Big (proxy),9.4,6.2,0.3,0.57,0.172,5.3,0.0,0.02,,,,,0
Chris Carr,BOS,27.0,198.12,99.79024,Southern Illinois,USA,1995,2,56,35,4.8,1.3,0.3,-11.4,0.038,0.1169999999999999,0.226,0.611,0.072,2000-01,2000,Wing (proxy),9.3,3.0,1.5,0.482,0.257,-11.3,-4.500000000000001,0.129,,,,,0
Chris Childs,NJN,35.0,190.5,88.45044,Boise State,USA,Undrafted,Undrafted,Undrafted,12,1.3,0.4,1.3,-3.0,0.03,0.023,0.1159999999999999,0.352,0.242,2002-03,2002,Guard (proxy),4.1,2.2,5.1,0.435,0.133,-0.7,-2.8,-0.083,,,,,0
Chris Chiozza,GSW,26.0,180.34,79.3786,Florida,USA,Undrafted,Undrafted,Undrafted,34,2.0,1.1,1.9,-7.9,0.023,0.073,0.132,0.407,0.264,2021-22,2021,Guard (proxy),4.0,1.1,3.0,0.461,0.2,3.0,-2.0,-0.054,,,,,0
Chris Clemons,HOU,22.0,175.26,81.64656,Campbell University,USA,Undrafted,Undrafted,Undrafted,33,4.9,0.9,0.8,-8.8,0.012,0.08,0.235,0.5479999999999999,0.162,2019-20,2019,Guard (proxy),,,,,,,,,,,,,0
Chris Copeland,MIL,32.0,205.74,108.408488,Colorado,USA,Undrafted,Undrafted,Undrafted,24,2.1,0.4,0.5,-26.2,0.0069999999999999,0.073,0.177,0.462,0.12,2015-16,2015,Big (proxy),6.2,2.2,1.0,0.4679999999999999,0.212,-3.9,-4.1,-0.0059999999999998,,,,,0
Chris Crawford,ATL,29.0,205.74,106.59412,Marquette,USA,1997,2,50,56,10.2,3.1,0.8,-5.2,0.054,0.1169999999999999,0.214,0.544,0.068,2003-04,2003,Big (proxy),6.8,2.3,0.8,0.519,0.181,-8.5,3.3999999999999995,0.025,,,,,0
Chris Douglas-Roberts,LAC,28.0,200.66,95.25432,Memphis,USA,2008,2,40,12,1.6,1.0,0.3,-7.8,0.011,0.159,0.11,0.387,0.0579999999999999,2014-15,2014,Wing (proxy),6.9,2.4,1.0,0.588,0.148,0.6,-5.300000000000001,-0.2009999999999999,,,,,0
Chris Duarte,IND,26.0,195.58,86.18248,Oregon,Dominican Republic,2021,1,13,46,7.9,2.5,1.4,-6.2,0.02,0.106,0.181,0.496,0.1009999999999999,2022-23,2022,Wing (proxy),13.1,4.1,2.1,0.537,0.207,-2.0,-5.199999999999999,-0.041,,,,,0
Chris Dudley,POR,37.0,210.82,117.93392,Yale,USA,1987,4,75,43,1.1,1.9,0.3,2.5,0.096,0.196,0.098,0.424,0.0579999999999999,2001-02,2001,Big (proxy),1.4,3.5,0.3,0.405,0.084,1.5,-0.2999999999999998,0.0189999999999999,,,,,0
Chris Duhon,LAL,30.0,185.42,86.18248,Duke,USA,2004,2,38,46,2.9,1.5,2.9,0.5,0.015,0.076,0.091,0.517,0.236,2012-13,2012,Guard (proxy),3.8,1.6,2.4,0.5579999999999999,0.115,0.7,-0.8999999999999999,-0.0409999999999999,,,,,0
Chris Garner,TOR,23.0,177.8,70.760352,Memphis,USA,Undrafted,Undrafted,Undrafted,38,1.4,0.6,1.2,-15.1,0.025,0.073,0.144,0.363,0.241,1997-98,1997,Guard (proxy),,,,,,,,,,,,,0
Chris Gatling,MIA,34.0,208.28,99.79024,Old Dominion,USA,1991,1,16,54,6.4,3.8,0.5,-4.1,0.102,0.1969999999999999,0.236,0.501,0.061,2001-02,2001,Big (proxy),11.4,5.3,0.8,0.505,0.258,-6.6,-5.0,-0.004,,,,,0
Chris Herren,BOS,25.0,187.96,86.18248,Fresno State,USA,1999,2,33,25,3.3,0.8,2.2,2.2,0.011,0.049,0.133,0.41,0.204,2000-01,2000,Guard (proxy),3.1,1.2,2.5,0.498,0.136,-5.5,0.1999999999999997,-0.088,,,,,0
Chris Hunter,GSW,25.0,210.82,108.86208,Michigan,USA,Undrafted,Undrafted,Undrafted,60,4.5,2.8,0.6,-1.6,0.077,0.165,0.151,0.546,0.065,2009-10,2009,Big (proxy),,,,,,,,,,,,,0
Chris Jefferies,CHI,24.0,203.2,104.32616,Fresno State,USA,2002,1,27,21,4.0,1.4,0.3,5.6,0.027,0.136,0.2189999999999999,0.52,0.0579999999999999,2003-04,2003,Wing (proxy),3.9,1.2,0.4,0.4629999999999999,0.176,-7.4,0.1,0.0570000000000001,,,,,0
Chris Johnson,UTA,26.0,198.12,93.439952,Dayton,USA,Undrafted,Undrafted,Undrafted,70,2.9,1.9,0.6,4.6,0.037,0.134,0.1369999999999999,0.482,0.0819999999999999,2015-16,2015,Wing (proxy),5.7,1.9,0.5,0.515,0.145,-2.7,-2.8000000000000003,-0.033,,,,,0
Chris Kaman,POR,34.0,213.36,120.20188,Central Michigan,USA,2003,1,6,16,2.8,1.5,0.7,-13.2,0.077,0.17,0.213,0.496,0.186,2015-16,2015,Big (proxy),8.6,6.5,0.9,0.537,0.228,0.6,-5.8,-0.041,,,,,0
Chris McCullough,WAS,23.0,205.74,97.52228,Syracuse,USA,2015,1,29,19,2.4,1.3,0.2,-12.2,0.07,0.187,0.2189999999999999,0.478,0.0819999999999999,2017-18,2017,Big (proxy),2.3,1.2,0.1,0.526,0.198,26.8,0.1,-0.048,,,,,0
Chris Mihm,LAL,29.0,213.36,120.20188,Texas,USA,2000,1,7,18,2.0,1.9,0.6,-17.2,0.153,0.184,0.2189999999999999,0.418,0.172,2008-09,2008,Big (proxy),3.6,3.3,0.6,0.384,0.195,-1.2,-1.6,0.0339999999999999,,,,,0
Chris Mills,GSW,33.0,200.66,99.79024,Arizona,USA,1993,1,22,21,4.8,2.4,1.0,3.7,0.078,0.143,0.208,0.4429999999999999,0.138,2002-03,2002,Wing (proxy),7.4,2.9,1.1,0.516,0.185,-6.7,-2.6000000000000005,-0.0730000000000001,,,,,0
Chris Morris,PHX,33.0,203.2,103.418976,Auburn,USA,1988,1,4,44,4.2,2.8,0.5,4.0,0.111,0.15,0.161,0.544,0.073,1998-99,1998,Wing (proxy),4.3,2.1,0.4,0.498,0.226,0.8,-0.0999999999999996,0.046,,,,,0
Chris Mullin,GSW,37.0,198.12,90.7184,St. John's (NY),USA,1985,1,7,20,5.8,2.1,1.0,-9.2,0.025,0.095,0.158,0.486,0.088,2000-01,2000,Wing (proxy),5.1,1.6,0.8,0.59,0.179,6.5,0.7000000000000002,-0.1039999999999999,,,,,0
Chris Paul,PHX,38.0,182.88,79.3786,Wake Forest,USA,2005,1,4,59,13.9,4.3,8.9,2.3,0.0139999999999999,0.118,0.195,0.555,0.389,2022-23,2022,Guard (proxy),14.7,4.4,10.8,0.581,0.1969999999999999,10.0,-0.7999999999999989,-0.0259999999999999,,,,,0
Chris Porter,GSW,23.0,200.66,98.883056,Auburn,USA,2000,2,55,51,8.6,3.7,1.2,-13.4,0.071,0.103,0.204,0.434,0.088,2000-01,2000,Wing (proxy),,,,,,,,,,,,,0
Chris Quinn,SAS,27.0,187.96,79.3786,Notre Dame,USA,Undrafted,Undrafted,Undrafted,41,2.0,0.6,1.0,-1.8,0.012,0.087,0.173,0.428,0.236,2010-11,2010,Guard (proxy),2.2,0.6,1.2,0.477,0.149,-10.6,-0.2000000000000001,-0.0489999999999999,,,,,0
Chris Richard,CHI,25.0,205.74,116.119552,Florida,USA,2007,2,41,18,2.1,3.3,0.4,-8.1,0.091,0.201,0.0969999999999999,0.547,0.051,2009-10,2009,Big (proxy),1.9,2.6,0.3,0.496,0.098,-3.1,0.2000000000000001,0.051,,,,,0
Chris Robinson,SAC,24.0,195.58,90.7184,Western Kentucky,USA,1996,2,51,35,4.6,1.3,1.1,-8.9,0.022,0.098,0.225,0.447,0.1669999999999999,1997-98,1997,Wing (proxy),4.6,1.7,1.6,0.486,0.155,-11.4,0.0,-0.0389999999999999,,,,,0
Chris Silva,MIA,25.0,203.2,106.140528,South Carolina,Gabon,Undrafted,Undrafted,Undrafted,10,2.6,3.6,0.7,-16.1,0.127,0.2739999999999999,0.123,0.6409999999999999,0.13,2021-22,2021,Wing (proxy),2.1,1.8,0.4,0.708,0.151,-0.5,0.5,-0.067,,,,,0
Chris Singleton,WAS,24.0,205.74,103.418976,Florida State,USA,2011,1,18,25,3.0,2.2,0.2,-14.9,0.074,0.185,0.168,0.481,0.043,2013-14,2013,Big (proxy),4.1,3.2,0.6,0.425,0.157,-4.6,-1.0999999999999996,0.0559999999999999,,,,,0
Chris Taft,GSW,21.0,208.28,118.38751200000002,Pittsburgh,USA,2005,2,42,17,2.8,2.1,0.1,4.2,0.142,0.156,0.134,0.578,0.024,2005-06,2005,Big (proxy),,,,,,,,,,,,,0
Chris Webber,DET,34.0,208.28,111.13004,Michigan,USA,1993,1,1,61,11.2,7.2,3.1,2.3,0.0819999999999999,0.218,0.215,0.482,0.17,2006-07,2006,Big (proxy),20.2,9.9,3.4,0.482,0.276,-1.9,-9.0,0.0,,,,,0
Chris Whitney,WAS,32.0,182.88,79.3786,Clemson,USA,1993,2,47,16,2.9,0.9,0.9,-16.0,0.016,0.077,0.128,0.498,0.146,2003-04,2003,Guard (proxy),7.0,1.3,2.8,0.4679999999999999,0.19,-12.1,-4.1,0.03,,,,,0
Chris Wilcox,BOS,30.0,208.28,106.59412,Maryland,USA,2002,1,8,61,4.2,3.0,0.4,-0.5,0.081,0.1639999999999999,0.119,0.725,0.0409999999999999,2012-13,2012,Big (proxy),5.4,4.4,0.4,0.612,0.15,-2.8,-1.2000000000000002,0.1129999999999999,,,,,0
Chris Wright,GSW,23.0,203.2,102.511792,Dayton,USA,Undrafted,Undrafted,Undrafted,24,2.9,1.9,0.2,-4.4,0.102,0.151,0.156,0.597,0.035,2011-12,2011,Wing (proxy),,,,,,,,,,,,,0
Christian Braun,DEN,22.0,198.12,99.79024,Kansas,USA,2022,1,21,76,4.7,2.4,0.8,-4.3,0.042,0.1119999999999999,0.127,0.568,0.07,2022-23,2022,Wing (proxy),,,,,,,,,,,,,0
Christian Eyenga,CLE,22.0,195.58,95.25432,,Congo,2009,1,30,44,6.9,2.8,0.8,-10.4,0.031,0.121,0.173,0.476,0.061,2010-11,2010,Wing (proxy),,,,,,,,,,,,,0
Christian Koloko,TOR,23.0,213.36,104.32616,Arizona,Cameroon,2022,2,33,58,3.1,2.9,0.5,9.0,0.094,0.11,0.1,0.517,0.05,2022-23,2022,Big (proxy),,,,,,,,,,,,,0
Christian Laettner,MIA,35.0,210.82,111.13004,Duke,USA,1992,1,3,49,5.3,2.7,0.8,11.6,0.06,0.141,0.152,0.619,0.091,2004-05,2004,Big (proxy),5.9,4.8,1.9,0.511,0.147,-8.8,-0.6000000000000005,0.1079999999999999,,,,,0
Christian Wood,DAL,27.0,205.74,97.068688,UNLV,USA,Undrafted,Undrafted,Undrafted,67,16.6,7.3,1.8,-1.3,0.053,0.238,0.259,0.624,0.119,2022-23,2022,Big (proxy),17.9,10.1,2.3,0.595,0.233,-9.1,-1.2999999999999972,0.029,,,,,0
Chuck Hayes,TOR,32.0,198.12,108.86208,Kentucky,USA,Undrafted,Undrafted,Undrafted,29,1.7,1.8,0.7,7.6,0.0819999999999999,0.163,0.106,0.492,0.105,2014-15,2014,Wing (proxy),2.2,3.4,0.6,0.4679999999999999,0.104,4.7,-0.5000000000000002,0.024,,,,,0
Chuck Person,SEA,36.0,203.2,109.315672,Auburn,USA,1986,1,4,37,2.8,1.4,0.6,-5.3,0.018,0.157,0.18,0.4029999999999999,0.106,1999-00,1999,Wing (proxy),6.1,2.6,1.2,0.5,0.163,-1.3,-3.3,-0.097,,,,,0
Chucky Atkins,DET,35.0,180.34,83.91452,South Florida,USA,Undrafted,Undrafted,Undrafted,40,4.0,0.7,2.3,-6.0,0.009,0.053,0.141,0.477,0.22,2009-10,2009,Guard (proxy),3.0,0.7,1.8,0.408,0.156,-6.9,1.0,0.069,,,,,0
Chucky Brown,SAC,34.0,203.2,99.79024,North Carolina State,USA,1989,2,43,18,1.2,1.8,0.3,-9.1,0.098,0.223,0.147,0.377,0.094,2001-02,2001,Wing (proxy),3.9,2.1,0.4,0.4639999999999999,0.157,-6.4,-2.7,-0.0869999999999999,,,,,0
Chuma Okeke,ORL,24.0,203.2,103.872568,Auburn,USA,2019,1,16,27,4.7,3.6,1.4,-10.8,0.049,0.132,0.121,0.488,0.1009999999999999,2022-23,2022,Wing (proxy),8.6,5.0,1.7,0.501,0.159,-8.8,-3.9,-0.013,,,,,0
Clar. Weatherspoon,HOU,34.0,200.66,122.46984,Southern Mississippi,USA,1992,1,9,40,3.1,3.1,0.4,8.1,0.0819999999999999,0.187,0.135,0.475,0.051,2004-05,2004,Wing (proxy),5.0,3.9,0.6,0.5379999999999999,0.152,-5.0,-1.9,-0.0629999999999999,,,,,0
Cleanthony Early,NYK,25.0,203.2,95.25432,Wichita State,USA,2014,2,34,17,1.8,1.5,0.4,0.4,0.0279999999999999,0.146,0.148,0.371,0.0579999999999999,2015-16,2015,Wing (proxy),5.4,2.5,0.9,0.447,0.195,-13.0,-3.6000000000000005,-0.076,,,,,0
Clifford Robinson,NJN,40.0,208.28,111.13004,Connecticut,USA,1989,2,36,50,4.1,2.4,1.0,-10.8,0.037,0.1119999999999999,0.132,0.434,0.092,2006-07,2006,Big (proxy),6.9,3.3,1.1,0.502,0.154,0.3,-2.8000000000000007,-0.068,,,,,0
Clifford Rozier,TOR,24.0,210.82,104.32616,Louisville,USA,1994,1,16,42,4.5,5.6,0.7,-6.3,0.151,0.223,0.14,0.471,0.067,1996-97,1996,Big (proxy),,,,,,,,,,,,,0
Clint Capela,ATL,29.0,208.28,116.119552,,Switzerland,2014,1,25,65,12.0,11.0,0.9,-1.1,0.142,0.268,0.151,0.6559999999999999,0.045,2022-23,2022,Big (proxy),11.1,11.9,1.2,0.604,0.149,3.3,0.9000000000000004,0.0519999999999999,,,,,0
Clyde Drexler,HOU,36.0,200.66,100.697424,Houston,USA,1983,1,14,70,18.4,4.9,5.5,1.1,0.05,0.113,0.256,0.531,0.268,1997-98,1997,Wing (proxy),18.0,6.0,5.7,0.5479999999999999,0.231,7.5,0.3999999999999986,-0.0169999999999999,,,,,0
Coby Karl,LAL,25.0,195.58,97.52228,Boise State,USA,Undrafted,Undrafted,Undrafted,17,1.8,0.8,0.5,16.1,0.045,0.143,0.218,0.493,0.184,2007-08,2007,Wing (proxy),,,,,,,,,,,,,0
Coby White,CHI,23.0,195.58,88.45044,North Carolina,USA,2019,1,7,74,9.7,2.9,2.8,4.0,0.009,0.11,0.17,0.5720000000000001,0.159,2022-23,2022,Wing (proxy),12.7,3.0,2.9,0.564,0.195,-1.2,-3.0,0.0080000000000001,,,,,0
Cody Martin,CHA,26.0,198.12,92.98636,Nevada-Reno,USA,2019,2,36,71,7.7,4.0,2.5,0.1,0.043,0.108,0.12,0.579,0.124,2021-22,2021,Wing (proxy),4.0,3.1,1.7,0.5,0.123,1.0,3.7,0.0789999999999999,,,,,0
Cody Zeller,MIA,30.0,210.82,108.86208,Indiana,USA,2013,1,4,15,6.5,4.3,0.7,-10.3,0.1169999999999999,0.2,0.175,0.659,0.077,2022-23,2022,Big (proxy),5.2,4.6,0.8,0.627,0.153,-2.1,1.2999999999999998,0.032,,,,,0
Cole Aldrich,MIN,29.0,210.82,114.758776,Kansas,USA,2010,1,11,21,0.6,0.7,0.1,-1.8,0.057,0.286,0.151,0.34,0.081,2017-18,2017,Big (proxy),1.7,2.5,0.4,0.5489999999999999,0.094,-0.2,-1.1,-0.2089999999999999,,,,,0
Cole Anthony,ORL,23.0,190.5,83.91452,North Carolina,USA,2020,1,15,60,13.0,4.8,3.9,-0.1,0.03,0.152,0.209,0.57,0.228,2022-23,2022,Guard (proxy),16.3,5.4,5.7,0.519,0.245,-5.4,-3.3000000000000007,0.0509999999999999,,,,,0
Collin Sexton,UTA,24.0,187.96,86.18248,Alabama,USA,2018,1,8,48,14.3,2.2,2.9,0.1,0.032,0.0559999999999999,0.23,0.616,0.178,2022-23,2022,Guard (proxy),16.0,3.3,2.1,0.523,0.264,-5.8,-1.6999999999999993,0.0929999999999999,,,,,0
Corey Beck,CHH,28.0,190.5,90.7184,Arkansas,USA,Undrafted,Undrafted,Undrafted,24,1.9,1.2,0.8,4.9,0.042,0.142,0.158,0.493,0.183,1998-99,1998,Guard (proxy),3.2,1.5,1.7,0.516,0.16,2.4,-1.3000000000000005,-0.023,,,,,0
Corey Benjamin,CHI,23.0,198.12,92.98636,Oregon State,USA,1998,1,28,65,4.7,1.5,1.1,-12.5,0.049,0.089,0.217,0.4529999999999999,0.148,2000-01,2000,Wing (proxy),7.7,1.8,1.1,0.479,0.245,-11.2,-3.0,-0.026,,,,,0
Corey Brewer,SAC,33.0,205.74,84.368112,Florida,USA,2007,1,7,31,4.9,2.5,1.3,0.0,0.045,0.098,0.13,0.532,0.107,2018-19,2018,Big (proxy),5.3,2.1,0.9,0.534,0.136,-2.3,-0.3999999999999994,-0.002,,,,,0
Corey Kispert,WAS,24.0,198.12,101.604608,Gonzaga,USA,2021,1,15,74,11.1,2.8,1.2,-3.2,0.016,0.0819999999999999,0.139,0.657,0.0559999999999999,2022-23,2022,Wing (proxy),8.2,2.7,1.1,0.586,0.142,0.1,2.9000000000000004,0.071,,,,,0
Corey Maggette,DET,33.0,198.12,102.0582,Duke,USA,1999,1,13,18,5.3,1.4,1.1,-3.1,0.021,0.09,0.2019999999999999,0.489,0.121,2012-13,2012,Wing (proxy),15.0,3.9,1.2,0.517,0.267,-15.7,-9.7,-0.028,,,,,0
Corie Blount,TOR,35.0,208.28,109.769264,Cincinnati,USA,1993,1,25,62,4.0,4.4,0.9,-0.3,0.107,0.1889999999999999,0.136,0.462,0.084,2003-04,2003,Big (proxy),3.0,4.1,1.0,0.502,0.104,0.1,1.0,-0.0399999999999999,,,,,0
Corliss Williamson,SAC,33.0,200.66,111.13004,Arkansas,USA,1995,1,13,68,9.1,3.3,0.6,3.7,0.057,0.1369999999999999,0.226,0.5589999999999999,0.054,2006-07,2006,Wing (proxy),3.4,1.8,0.4,0.506,0.201,5.1,5.699999999999999,0.0529999999999999,,,,,0
Corsley Edwards,NOH,26.0,205.74,124.7378,Central Connecticut State,USA,2002,2,57,10,2.7,2.5,0.3,-14.6,0.1119999999999999,0.149,0.166,0.372,0.057,2004-05,2004,Big (proxy),,,,,,,,,,,,,0
Cory Alexander,CHA,32.0,185.42,86.18248,Virginia,USA,1995,1,29,16,3.1,1.8,2.3,-11.9,0.04,0.123,0.161,0.451,0.319,2004-05,2004,Guard (proxy),2.0,1.0,1.4,0.407,0.178,-6.6,1.1,0.044,,,,,0
Cory Carr,CHI,23.0,193.04,95.25432,Texas Tech,USA,1998,2,49,42,4.1,1.2,1.6,-14.0,0.015,0.0819999999999999,0.21,0.372,0.206,1998-99,1998,Guard (proxy),,,,,,,,,,,,,0
Cory Higgins,CHA,23.0,195.58,81.64656,Colorado,USA,Undrafted,Undrafted,Undrafted,38,3.9,0.9,0.9,-15.1,0.02,0.081,0.251,0.402,0.159,2011-12,2011,Wing (proxy),,,,,,,,,,,,,0
Cory Jefferson,BKN,24.0,205.74,98.883056,Baylor,USA,2014,2,60,50,3.7,2.9,0.3,6.8,0.1009999999999999,0.2,0.174,0.48,0.047,2014-15,2014,Big (proxy),,,,,,,,,,,,,0
Cory Joseph,DET,31.0,190.5,90.7184,Texas,Canada,2011,1,29,62,6.9,1.7,3.5,-4.1,0.016,0.07,0.149,0.5579999999999999,0.256,2022-23,2022,Guard (proxy),8.0,2.7,3.6,0.579,0.141,-6.4,-1.0999999999999996,-0.021,,,,,0
Courtney Alexander,NOH,26.0,195.58,92.98636,Fresno State,USA,2000,1,13,66,7.9,1.8,1.2,-0.3,0.033,0.068,0.214,0.4589999999999999,0.105,2002-03,2002,Wing (proxy),9.8,2.6,1.5,0.521,0.204,-6.4,-1.9000000000000004,-0.0620000000000001,,,,,0
Courtney Fortson,HOU,24.0,180.34,83.91452,Arkansas,USA,Undrafted,Undrafted,Undrafted,10,3.5,1.5,1.0,-22.6,0.061,0.107,0.217,0.4529999999999999,0.222,2011-12,2011,Guard (proxy),,,,,,,,,,,,,0
Courtney Lee,DAL,34.0,195.58,97.52228,Western Kentucky,USA,2008,1,22,24,4.5,1.3,0.5,6.7,0.019,0.07,0.1159999999999999,0.629,0.044,2019-20,2019,Wing (proxy),4.0,1.6,1.1,0.492,0.15,-6.4,0.5,0.137,,,,,0
Craig Brackins,PHI,24.0,208.28,104.32616,Iowa State,USA,2010,1,21,14,1.6,1.1,0.6,-32.3,0.054,0.128,0.193,0.325,0.174,2011-12,2011,Big (proxy),,,,,,,,,,,,,0
Craig Ehlo,SEA,35.0,198.12,81.64656,Washington State,USA,1983,3,48,62,3.5,1.8,1.1,5.7,0.0559999999999999,0.107,0.166,0.412,0.13,1996-97,1996,Wing (proxy),,,,,,,,,,,,,0
Craig Smith,POR,28.0,200.66,120.20188,Boston College,USA,2006,2,36,47,3.3,2.3,0.4,-9.7,0.081,0.1969999999999999,0.158,0.556,0.067,2011-12,2011,Wing (proxy),5.4,2.4,0.6,0.5920000000000001,0.1939999999999999,-5.7,-2.1000000000000005,-0.036,,,,,0
Cristiano Felicio,CHI,28.0,210.82,122.46984,,Brazil,Undrafted,Undrafted,Undrafted,18,1.3,1.4,0.5,7.1,0.1119999999999999,0.205,0.1169999999999999,0.574,0.155,2020-21,2020,Big (proxy),3.9,4.6,0.7,0.6709999999999999,0.088,-7.7,-2.6,-0.0969999999999999,,,,,0
Curtis Borchardt,UTA,24.0,213.36,109.769264,Stanford,USA,2002,1,18,67,3.0,3.3,0.7,-9.2,0.1169999999999999,0.218,0.1369999999999999,0.492,0.096,2004-05,2004,Big (proxy),3.6,3.4,0.9,0.4539999999999999,0.149,-6.2,-0.6000000000000001,0.038,,,,,0
Cuttino Mobley,LAC,33.0,193.04,97.52228,Rhode Island,USA,1998,2,41,11,13.7,2.6,1.1,-9.0,0.025,0.066,0.212,0.491,0.055,2008-09,2008,Guard (proxy),12.8,3.6,2.6,0.514,0.185,-7.8,0.8999999999999986,-0.023,,,,,0
D'Angelo Russell,LAL,27.0,193.04,87.543256,Ohio State,USA,2015,1,2,71,17.8,3.0,6.2,1.5,0.016,0.075,0.225,0.605,0.2739999999999999,2022-23,2022,Guard (proxy),18.1,3.3,7.1,0.544,0.246,4.7,-0.3000000000000007,0.0609999999999999,,,,,0
D.J. Augustin,LAL,34.0,180.34,83.007336,Texas-Austin,USA,2008,1,9,55,5.3,1.2,1.9,-10.6,0.012,0.065,0.139,0.61,0.176,2021-22,2021,Guard (proxy),7.7,1.6,3.3,0.57,0.1639999999999999,-1.8,-2.4000000000000004,0.04,,,,,0
D.J. Wilson,HOU,25.0,208.28,104.779752,Michigan,USA,2017,1,17,35,5.2,3.2,0.7,-11.3,0.042,0.1989999999999999,0.195,0.511,0.088,2020-21,2020,Big (proxy),3.6,2.5,0.7,0.475,0.175,-6.3,1.6,0.036,,,,,0
DJ Mbenga,NOH,30.0,213.36,115.66596,,Democratic Republic of the Congo,Undrafted,Undrafted,Undrafted,41,1.4,2.1,0.1,-5.2,0.125,0.168,0.1119999999999999,0.518,0.032,2010-11,2010,Big (proxy),2.1,1.8,0.2,0.471,0.166,-2.4,-0.7000000000000002,0.047,,,,,0
DJ Strawberry,PHX,23.0,195.58,91.171992,Maryland,USA,2007,2,59,33,2.2,0.8,0.9,-3.2,0.034,0.073,0.1889999999999999,0.364,0.165,2007-08,2007,Wing (proxy),,,,,,,,,,,,,0
DJ White,BOS,26.0,205.74,113.398,Indiana,USA,2008,1,29,12,2.4,1.1,0.3,13.9,0.061,0.111,0.165,0.5379999999999999,0.07,2012-13,2012,Big (proxy),6.8,3.6,0.8,0.516,0.179,-16.1,-4.4,0.0219999999999999,,,,,0
DaJuan Summers,NOH,24.0,203.2,108.86208,Georgetown,USA,2009,2,35,15,4.5,1.5,0.7,-8.3,0.045,0.094,0.173,0.493,0.083,2011-12,2011,Wing (proxy),3.4,0.5,0.1,0.476,0.217,-4.6,1.1,0.017,,,,,0
DaQuan Jeffries,SAS,23.0,195.58,104.32616,Tulsa,USA,Undrafted,Undrafted,Undrafted,31,4.1,2.3,0.7,-4.5,0.036,0.103,0.114,0.514,0.059,2020-21,2020,Wing (proxy),3.8,1.4,0.5,0.586,0.129,3.0,0.2999999999999998,-0.0719999999999999,,,,,0
Daequan Cook,CHI,26.0,195.58,95.25432,Ohio State,USA,2007,1,21,49,2.8,1.2,0.4,-5.8,0.017,0.146,0.188,0.3979999999999999,0.072,2012-13,2012,Wing (proxy),5.5,2.1,0.3,0.509,0.15,6.4,-2.7,-0.1110000000000001,,,,,0
Dahntay Jones,LAC,34.0,198.12,102.0582,Duke,USA,2003,1,20,33,0.6,0.3,0.1,-23.0,0.008,0.093,0.103,0.406,0.027,2014-15,2014,Wing (proxy),3.4,1.3,0.6,0.482,0.14,-1.8,-2.8,-0.0759999999999999,,,,,0
Dairis Bertans,NOP,29.0,193.04,90.7184,,Latvia,Undrafted,Undrafted,Undrafted,12,2.8,0.8,0.8,-15.0,0.011,0.036,0.12,0.362,0.078,2018-19,2018,Guard (proxy),,,,,,,,,,,,,0
Daishen Nix,HOU,21.0,193.04,102.511792,,USA,Undrafted,Undrafted,Undrafted,57,4.0,1.7,2.3,-8.2,0.018,0.091,0.149,0.447,0.191,2022-23,2022,Guard (proxy),3.2,1.4,1.7,0.48,0.1669999999999999,-6.6,0.7999999999999998,-0.0329999999999999,,,,,0
Dajuan Wagner,CLE,22.0,187.96,90.7184,Memphis,USA,2002,1,6,11,4.0,0.2,1.2,-6.7,0.0,0.026,0.295,0.3879999999999999,0.22,2004-05,2004,Guard (proxy),6.5,1.3,1.2,0.439,0.2319999999999999,-7.9,-2.5,-0.0510000000000001,,,,,0
Dakari Johnson,OKC,22.0,213.36,115.66596,Kentucky,USA,2015,2,48,31,1.8,1.1,0.3,10.9,0.099,0.111,0.139,0.575,0.083,2017-18,2017,Big (proxy),,,,,,,,,,,,,0
Dalano Banton,TOR,23.0,200.66,92.532768,Nebraska,Canada,2021,2,46,31,4.6,1.5,1.2,-6.5,0.036,0.13,0.2289999999999999,0.505,0.2019999999999999,2022-23,2022,Wing (proxy),3.2,1.9,1.5,0.4629999999999999,0.159,1.5,1.3999999999999997,0.042,,,,,0
Dale Davis,DET,38.0,210.82,114.305184,Clemson,USA,1991,1,13,46,1.8,3.0,0.3,5.0,0.141,0.184,0.1,0.486,0.0409999999999999,2006-07,2006,Big (proxy),0.9,1.9,0.2,0.425,0.089,-10.1,0.9,0.061,,,,,0
Dale Ellis,CHH,39.0,200.66,92.98636,Tennessee,USA,1983,1,9,42,4.2,1.3,0.3,4.8,0.027,0.091,0.148,0.54,0.038,1999-00,1999,Wing (proxy),10.3,2.4,0.8,0.581,0.175,-0.7,-6.1000000000000005,-0.0409999999999999,,,,,0
Dalen Terry,CHI,20.0,200.66,88.45044,Arizona,USA,2022,1,18,38,2.2,1.0,0.6,3.3,0.0559999999999999,0.1169999999999999,0.173,0.523,0.157,2022-23,2022,Wing (proxy),,,,,,,,,,,,,0
Dalibor Bagaric,CHI,22.0,215.9,131.54168,,Croatia,2000,1,24,10,1.9,2.0,0.4,1.8,0.086,0.2,0.186,0.342,0.103,2002-03,2002,Big (proxy),3.7,3.2,0.5,0.4429999999999999,0.188,-11.9,-1.8000000000000005,-0.1009999999999998,,,,,0
Damian Jones,UTA,28.0,210.82,111.13004,Vanderbilt,USA,2016,1,30,41,3.5,3.0,0.4,-9.0,0.078,0.152,0.102,0.7190000000000001,0.044,2022-23,2022,Big (proxy),8.1,4.4,1.2,0.701,0.163,-6.8,-4.6,0.0180000000000001,,,,,0
Damian Lillard,POR,32.0,187.96,88.45044,Weber State,USA,2012,1,6,58,32.2,4.8,7.3,2.1,0.022,0.1119999999999999,0.331,0.645,0.3379999999999999,2022-23,2022,Guard (proxy),24.0,4.1,7.3,0.55,0.288,-1.8,8.200000000000003,0.0949999999999999,,,,,0
Damien Inglis,MIL,21.0,203.2,111.583632,,France,2014,2,31,20,1.8,1.6,0.5,-10.0,0.016,0.195,0.158,0.444,0.1119999999999999,2015-16,2015,Wing (proxy),,,,,,,,,,,,,0
Damien Wilkins,IND,38.0,198.12,98.429464,Georgia,USA,Undrafted,Undrafted,Undrafted,19,1.7,0.8,0.5,7.0,0.031,0.072,0.125,0.405,0.075,2017-18,2017,Wing (proxy),6.4,1.7,1.5,0.5329999999999999,0.175,-4.0,-4.7,-0.1279999999999999,,,,,0
Damion James,NJN,23.0,200.66,99.79024,Texas,USA,2010,1,24,25,4.4,3.4,0.8,-3.3,0.048,0.211,0.16,0.477,0.0819999999999999,2010-11,2010,Wing (proxy),,,,,,,,,,,,,0
Damion Lee,PHX,30.0,195.58,95.25432,Drexel,USA,Undrafted,Undrafted,Undrafted,74,8.2,3.0,1.3,2.7,0.024,0.124,0.155,0.607,0.092,2022-23,2022,Wing (proxy),7.4,3.2,1.0,0.561,0.156,2.8,0.7999999999999989,0.0459999999999999,,,,,0
Damir Markota,MIL,21.0,208.28,102.0582,,USA,2006,2,59,30,1.7,1.0,0.2,-17.6,0.076,0.129,0.193,0.449,0.059,2006-07,2006,Big (proxy),,,,,,,,,,,,,0
Damjan Rudez,ORL,31.0,208.28,103.418976,,Croatia,Undrafted,Undrafted,Undrafted,45,1.8,0.6,0.4,-17.3,0.017,0.079,0.138,0.466,0.1009999999999999,2016-17,2016,Big (proxy),2.3,0.6,0.3,0.5720000000000001,0.126,-2.1,-0.4999999999999998,-0.106,,,,,0
Damon Jones,MIL,32.0,190.5,88.45044,Houston,USA,Undrafted,Undrafted,Undrafted,18,1.8,0.3,0.4,1.7,0.0,0.065,0.17,0.485,0.086,2008-09,2008,Guard (proxy),6.5,1.1,1.9,0.5820000000000001,0.141,0.2,-4.7,-0.097,,,,,0
Damon Stoudamire,SAS,34.0,177.8,77.56423199999999,Arizona,USA,1995,1,7,60,5.3,2.0,2.8,-4.6,0.022,0.108,0.193,0.45,0.244,2007-08,2007,Guard (proxy),7.5,2.2,4.8,0.493,0.174,-7.6,-2.2,-0.0429999999999999,,,,,0
Damone Brown,WAS,26.0,203.2,91.625584,Syracuse,USA,2001,2,36,14,3.9,2.0,1.0,-1.5,0.069,0.138,0.225,0.409,0.161,2004-05,2004,Wing (proxy),1.4,0.2,0.1,0.469,0.2289999999999999,-10.1,2.5,-0.06,,,,,0
Damyean Dotson,CLE,27.0,195.58,95.25432,Houston,USA,2017,2,44,46,6.7,2.0,2.0,-12.5,0.005,0.095,0.162,0.499,0.161,2020-21,2020,Wing (proxy),6.7,1.9,1.2,0.527,0.158,-5.3,0.0,-0.028,,,,,0
Dan Dickau,LAC,29.0,182.88,81.64656,Gonzaga,USA,2002,1,28,67,5.3,1.4,2.6,-4.1,0.0139999999999999,0.099,0.172,0.53,0.273,2007-08,2007,Guard (proxy),3.3,0.9,1.4,0.476,0.211,2.6,2.0,0.054,,,,,0
Dan Gadzuric,NJN,33.0,210.82,108.86208,UCLA,Netherlands,2002,2,33,42,2.8,3.2,0.3,-7.7,0.159,0.172,0.161,0.419,0.046,2010-11,2010,Big (proxy),2.8,2.9,0.4,0.44,0.161,4.1,0.0,-0.021,,,,,0
Dan Langhi,PHX,25.0,210.82,99.79024,Vanderbilt,USA,2000,2,31,60,3.1,1.5,0.4,11.1,0.039,0.148,0.192,0.434,0.061,2002-03,2002,Big (proxy),3.1,2.0,0.4,0.412,0.146,-21.4,0.0,0.022,,,,,0
Dan Majerle,PHX,36.0,198.12,100.697424,Central Michigan,USA,1988,1,14,65,4.6,2.7,1.4,1.9,0.026,0.142,0.129,0.49,0.1119999999999999,2001-02,2001,Wing (proxy),5.0,3.1,1.7,0.48,0.1159999999999999,4.4,-0.4000000000000003,0.01,,,,,0
Dan Schayes,ORL,40.0,210.82,117.93392,Syracuse,USA,1981,1,13,19,1.5,0.7,0.2,7.2,0.026,0.098,0.131,0.431,0.044,1998-99,1998,Big (proxy),5.5,3.3,0.6,0.479,0.178,-0.6,-4.0,-0.0479999999999999,,,,,0
Dana Barros,DET,35.0,180.34,74.84268,Boston College,USA,1989,1,16,29,6.7,2.0,2.7,0.8,0.002,0.109,0.192,0.473,0.221,2001-02,2001,Guard (proxy),8.0,1.6,1.8,0.534,0.2019999999999999,-3.6,-1.2999999999999998,-0.061,,,,,0
Daniel Ewing,LAC,24.0,190.5,83.91452,Duke,USA,2005,2,32,61,2.9,1.2,1.5,4.3,0.016,0.105,0.156,0.495,0.215,2006-07,2006,Guard (proxy),3.8,1.3,1.3,0.4579999999999999,0.16,-1.2,-0.8999999999999999,0.037,,,,,0
Daniel Gafford,WAS,24.0,208.28,106.140528,Arkansas,USA,2019,2,38,78,9.0,5.6,1.1,-2.5,0.103,0.159,0.146,0.7390000000000001,0.074,2022-23,2022,Big (proxy),9.4,5.7,0.9,0.708,0.16,-6.9,-0.4000000000000003,0.0310000000000001,,,,,0
Daniel Gibson,CLE,27.0,187.96,90.7184,Texas,USA,2006,2,42,46,5.4,1.3,1.8,-13.5,0.006,0.077,0.144,0.475,0.147,2012-13,2012,Guard (proxy),7.5,2.9,2.2,0.493,0.151,-3.2,-2.1,-0.018,,,,,0
Daniel Hamilton,ATL,23.0,200.66,88.45044,Connecticut,USA,2016,2,56,19,3.0,2.5,1.2,-4.9,0.043,0.161,0.153,0.455,0.157,2018-19,2018,Wing (proxy),,,,,,,,,,,,,0
Daniel Ochefu,WAS,23.0,210.82,111.13004,Villanova,USA,Undrafted,Undrafted,Undrafted,19,1.3,1.2,0.2,-20.5,0.077,0.288,0.19,0.43,0.07,2016-17,2016,Big (proxy),,,,,,,,,,,,,0
Daniel Orton,PHI,23.0,208.28,124.7378,Kentucky,USA,2010,1,29,22,3.0,2.8,0.7,-8.6,0.07,0.209,0.131,0.54,0.0969999999999999,2013-14,2013,Big (proxy),2.5,2.0,0.3,0.493,0.161,-4.2,0.5,0.047,,,,,0
Daniel Oturu,LAC,21.0,203.2,108.86208,Minnesota,USA,2020,2,33,30,1.8,1.6,0.3,1.8,0.119,0.157,0.174,0.471,0.092,2020-21,2020,Wing (proxy),,,,,,,,,,,,,0
Daniel Santiago,MIL,29.0,215.9,116.119552,Saint Vincent,Puerto Rico,Undrafted,Undrafted,Undrafted,11,2.0,1.7,0.1,-16.1,0.068,0.186,0.135,0.426,0.016,2004-05,2004,Big (proxy),4.0,2.4,0.4,0.536,0.153,2.9,-2.0,-0.11,,,,,0
Daniel Theis,BOS,30.0,205.74,111.13004,,Germany,Undrafted,Undrafted,Undrafted,47,8.2,4.9,0.9,-3.9,0.061,0.159,0.162,0.595,0.068,2021-22,2021,Big (proxy),9.6,5.5,1.7,0.609,0.154,-1.3,-1.4000000000000004,-0.014,,,,,0
Danilo Gallinari,ATL,33.0,208.28,107.047712,,Italy,2008,1,6,66,11.7,4.7,1.5,3.4,0.021,0.161,0.182,0.579,0.086,2021-22,2021,Big (proxy),13.3,4.1,1.5,0.613,0.211,2.7,-1.6000000000000014,-0.034,,,,,0
Danny Ferry,SAS,36.0,208.28,106.59412,Duke,USA,1989,1,2,64,1.9,1.2,0.3,2.5,0.039,0.107,0.119,0.4589999999999999,0.055,2002-03,2002,Big (proxy),4.6,1.8,1.0,0.594,0.127,9.5,-2.7,-0.135,,,,,0
Danny Fortson,SEA,31.0,203.2,117.93392,Cincinnati,USA,1997,1,10,14,2.9,3.1,0.1,0.5,0.104,0.256,0.152,0.56,0.01,2006-07,2006,Wing (proxy),3.8,3.4,0.1,0.622,0.158,8.9,-0.8999999999999999,-0.0619999999999999,,,,,0
Danny Granger,PHX,32.0,205.74,100.697424,New Mexico,USA,2005,1,17,30,6.3,2.7,0.6,-8.0,0.0409999999999999,0.1169999999999999,0.161,0.527,0.049,2014-15,2014,Big (proxy),8.2,3.2,1.0,0.502,0.198,5.5,-1.8999999999999997,0.025,,,,,0
Danny Green,CLE,36.0,198.12,97.52228,North Carolina,USA,2009,2,46,11,5.5,1.3,0.5,-5.5,0.023,0.08,0.187,0.617,0.065,2022-23,2022,Wing (proxy),5.9,2.5,1.0,0.561,0.121,3.0,-0.4000000000000003,0.0559999999999999,,,,,0
Danny Manning,DET,37.0,208.28,106.140528,Kansas,USA,1988,1,1,13,2.6,1.4,0.5,-0.7,0.079,0.155,0.216,0.491,0.152,2002-03,2002,Big (proxy),4.0,2.6,0.7,0.505,0.156,-2.1,-1.4,-0.014,,,,,0
Dante Cunningham,SAS,32.0,203.2,104.32616,Villanova,USA,2009,2,33,64,3.0,2.9,0.8,-8.2,0.049,0.148,0.086,0.585,0.072,2018-19,2018,Wing (proxy),5.7,4.1,0.7,0.539,0.114,-1.1,-2.7,0.0459999999999999,,,,,0
Dante Exum,CLE,24.0,195.58,97.068688,,Australia,2014,1,5,35,4.5,1.9,1.1,-8.8,0.024,0.109,0.145,0.5760000000000001,0.124,2019-20,2019,Wing (proxy),6.9,1.6,2.6,0.516,0.207,3.2,-2.4000000000000004,0.06,,,,,0
Danuel House Jr.,PHI,30.0,198.12,99.79024,Texas A&M,USA,Undrafted,Undrafted,Undrafted,56,4.8,1.7,0.8,0.3,0.012,0.107,0.133,0.6,0.074,2022-23,2022,Wing (proxy),5.9,2.6,1.0,0.555,0.146,3.8,-1.1000000000000003,0.0449999999999999,,,,,0
Dario Saric,OKC,29.0,208.28,102.0582,,Croatia,2014,1,12,57,6.4,3.6,1.3,1.6,0.064,0.195,0.186,0.583,0.131,2022-23,2022,Big (proxy),8.7,3.8,1.3,0.5670000000000001,0.218,11.5,-2.299999999999999,0.0159999999999999,,,,,0
Darius Bazley,PHX,23.0,205.74,97.975872,,USA,2019,1,23,43,5.2,3.2,0.9,-3.6,0.053,0.157,0.165,0.524,0.088,2022-23,2022,Big (proxy),10.8,6.3,1.4,0.515,0.18,-11.3,-5.6000000000000005,0.009,,,,,0
Darius Garland,CLE,23.0,185.42,87.089664,Vanderbilt,USA,2019,1,5,69,21.6,2.7,7.8,8.0,0.012,0.067,0.262,0.5870000000000001,0.3279999999999999,2022-23,2022,Guard (proxy),21.7,3.3,8.6,0.5760000000000001,0.272,6.6,-0.0999999999999978,0.011,,,,,0
Darius Miles,MEM,27.0,205.74,106.59412,,USA,2000,1,3,34,3.5,1.7,0.5,-13.2,0.076,0.158,0.211,0.5329999999999999,0.1159999999999999,2008-09,2008,Big (proxy),14.0,4.6,1.8,0.48,0.256,-8.9,-10.5,0.0529999999999999,,,,,0
Darius Miller,OKC,31.0,198.12,102.0582,Kentucky,USA,2012,2,46,18,4.1,1.3,1.2,7.2,0.011,0.103,0.127,0.685,0.151,2020-21,2020,Wing (proxy),8.2,1.9,2.1,0.55,0.131,-0.2,-4.1,0.135,,,,,0
Darius Morris,BKN,24.0,193.04,88.45044,Michigan,USA,2011,2,41,38,2.2,0.7,1.3,-11.2,0.025,0.077,0.1989999999999999,0.377,0.281,2014-15,2014,Guard (proxy),4.0,1.0,1.6,0.498,0.192,-12.1,-1.7999999999999998,-0.121,,,,,0
Darius Songaila,PHI,33.0,205.74,112.490816,Wake Forest,Lithuania,2002,2,49,10,1.6,1.0,0.2,-14.1,0.0289999999999999,0.157,0.128,0.477,0.044,2010-11,2010,Big (proxy),7.2,3.1,0.9,0.522,0.1969999999999999,-2.7,-5.6,-0.045,,,,,0
Darius Washington,SAS,22.0,187.96,88.45044,Memphis,USA,Undrafted,Undrafted,Undrafted,18,2.9,1.1,0.8,1.3,0.035,0.129,0.214,0.493,0.161,2007-08,2007,Guard (proxy),,,,,,,,,,,,,0
Darko Milicic,MIN,27.0,213.36,124.7378,,Serbia,2003,1,2,29,4.6,3.3,0.6,-5.9,0.079,0.143,0.171,0.4579999999999999,0.062,2011-12,2011,Big (proxy),8.8,5.2,1.5,0.482,0.1989999999999999,-6.7,-4.200000000000001,-0.024,,,,,0
Darnell Jackson,SAC,25.0,205.74,114.758776,Kansas,USA,2008,2,52,59,3.2,1.6,0.2,-5.8,0.103,0.106,0.175,0.521,0.048,2010-11,2010,Big (proxy),0.8,0.8,0.1,0.352,0.177,-12.4,2.4000000000000004,0.169,,,,,0
Darrell Armstrong,NJN,40.0,185.42,81.64656,Fayetteville State,USA,Undrafted,Undrafted,Undrafted,50,2.5,1.3,1.5,-7.2,0.037,0.106,0.142,0.499,0.225,2007-08,2007,Guard (proxy),5.6,1.7,2.4,0.547,0.174,-2.1,-3.1,-0.048,,,,,0
Darrell Arthur,DEN,30.0,205.74,106.59412,Kansas,USA,2008,1,27,19,2.8,0.8,0.5,-10.5,0.021,0.087,0.188,0.5589999999999999,0.1009999999999999,2017-18,2017,Big (proxy),6.4,2.7,1.0,0.583,0.18,-0.4,-3.6000000000000005,-0.024,,,,,0
Darren Collison,IND,31.0,182.88,79.3786,UCLA,USA,2009,1,21,76,11.2,3.1,6.0,2.2,0.017,0.089,0.176,0.574,0.302,2018-19,2018,Guard (proxy),12.4,2.6,5.3,0.61,0.17,2.6,-1.200000000000001,-0.036,,,,,0
Darrick Martin,TOR,37.0,180.34,77.11064,UCLA,USA,Undrafted,Undrafted,Undrafted,17,1.6,0.4,1.2,15.9,0.024,0.033,0.153,0.296,0.21,2007-08,2007,Guard (proxy),3.0,0.4,1.4,0.455,0.228,-5.6,-1.4,-0.159,,,,,0
Darrin Hancock,ATL,25.0,200.66,92.98636,Kansas,USA,1994,2,38,24,1.8,0.8,0.5,-2.6,0.03,0.118,0.159,0.51,0.136,1996-97,1996,Wing (proxy),,,,,,,,,,,,,0
Darrun Hilliard,SAS,25.0,198.12,99.79024,Villanova,USA,2015,2,38,14,1.1,0.5,0.8,5.6,0.0,0.08,0.119,0.362,0.147,2017-18,2017,Wing (proxy),3.3,0.8,0.8,0.4589999999999999,0.196,-0.1,-2.2,-0.0969999999999999,,,,,0
Darvin Ham,DET,31.0,200.66,108.86208,Texas Tech,USA,Undrafted,Undrafted,Undrafted,47,1.0,0.7,0.1,-10.4,0.094,0.079,0.106,0.4539999999999999,0.035,2004-05,2004,Wing (proxy),1.8,1.7,0.3,0.531,0.121,2.5,-0.8,-0.0770000000000001,,,,,0
David Andersen,NOH,31.0,210.82,112.037224,,USA,2002,2,36,40,3.4,2.1,0.3,-0.4,0.069,0.213,0.187,0.513,0.054,2010-11,2010,Big (proxy),5.8,3.3,0.7,0.497,0.2019999999999999,1.8,-2.4,0.016,,,,,0
David Benoit,UTA,33.0,203.2,99.79024,Alabama,USA,Undrafted,Undrafted,Undrafted,49,3.6,1.7,0.4,-2.0,0.059,0.172,0.201,0.542,0.087,2000-01,2000,Wing (proxy),5.5,2.6,0.3,0.477,0.191,-0.6,-1.9,0.065,,,,,0
David Duke Jr.,BKN,23.0,193.04,92.532768,Providence,USA,Undrafted,Undrafted,Undrafted,23,3.7,1.3,0.9,-6.3,0.049,0.078,0.187,0.497,0.145,2022-23,2022,Guard (proxy),4.7,3.0,0.8,0.444,0.15,0.1,-1.0,0.0529999999999999,,,,,0
David Harrison,IND,25.0,213.36,127.00576,Colorado,USA,2004,1,29,55,4.2,2.1,0.3,1.4,0.066,0.113,0.165,0.539,0.03,2007-08,2007,Big (proxy),3.0,1.8,0.3,0.525,0.217,-12.0,1.2000000000000002,0.014,,,,,0
David Lee,SAS,34.0,205.74,111.13004,Florida,USA,2005,1,30,79,7.3,5.6,1.6,11.0,0.118,0.211,0.166,0.613,0.126,2016-17,2016,Big (proxy),7.8,5.5,1.5,0.568,0.215,-3.0,-0.5,0.045,,,,,0
David Noel,MIL,23.0,198.12,104.32616,North Carolina,USA,2006,2,39,68,2.7,1.8,1.0,-8.2,0.059,0.123,0.136,0.47,0.122,2006-07,2006,Wing (proxy),,,,,,,,,,,,,0
David Nwaba,HOU,29.0,195.58,99.336648,Cal Poly,USA,Undrafted,Undrafted,Undrafted,46,5.1,3.3,0.8,-9.0,0.061,0.179,0.15,0.5670000000000001,0.085,2021-22,2021,Wing (proxy),9.2,3.9,1.0,0.557,0.163,-1.3,-4.1,0.01,,,,,0
David Robinson,SAS,37.0,215.9,113.398,Navy,USA,1987,1,1,64,8.5,7.9,1.0,11.2,0.118,0.22,0.1669999999999999,0.531,0.057,2002-03,2002,Big (proxy),12.2,8.3,1.2,0.562,0.193,9.9,-3.6999999999999993,-0.031,,,,,0
David Roddy,MEM,22.0,193.04,115.66596,Colorado State,USA,2022,1,23,70,6.7,2.8,0.8,-1.9,0.037,0.107,0.163,0.519,0.064,2022-23,2022,Guard (proxy),,,,,,,,,,,,,0
David Vanterpool,WAS,28.0,195.58,90.7184,St. Bonaventure,USA,Undrafted,Undrafted,Undrafted,22,5.5,1.7,3.0,-1.3,0.043,0.064,0.181,0.462,0.254,2000-01,2000,Wing (proxy),,,,,,,,,,,,,0
David Vaughn,NJN,26.0,205.74,108.86208,Memphis,USA,1995,1,25,10,3.4,3.4,0.1,3.3,0.155,0.196,0.174,0.599,0.015,1998-99,1998,Big (proxy),4.1,3.8,0.5,0.48,0.184,-11.4,-0.6999999999999997,0.119,,,,,0
David Wesley,CLE,36.0,185.42,92.079176,Baylor,USA,Undrafted,Undrafted,Undrafted,35,2.1,1.0,1.1,0.8,0.011,0.1009999999999999,0.139,0.418,0.172,2006-07,2006,Guard (proxy),9.9,2.5,2.9,0.546,0.152,-1.9,-7.800000000000001,-0.128,,,,,0
David West,GSW,37.0,205.74,113.398,Xavier,USA,2003,1,18,73,6.8,3.3,1.9,1.9,0.072,0.163,0.223,0.6,0.22,2017-18,2017,Big (proxy),4.6,3.0,2.2,0.5710000000000001,0.1939999999999999,9.1,2.2,0.0289999999999999,,,,,0
David Wingate,NYK,35.0,195.58,84.821704,Georgetown,USA,1986,2,44,20,0.7,0.4,0.3,14.4,0.038,0.072,0.11,0.4379999999999999,0.086,1998-99,1998,Wing (proxy),2.6,1.4,0.6,0.494,0.156,-0.7,-1.9,-0.0560000000000001,,,,,0
David Wood,MIL,32.0,205.74,104.32616,Nevada-Reno,USA,Undrafted,Undrafted,Undrafted,46,1.2,0.6,0.3,3.9,0.026,0.128,0.1,0.621,0.085,1996-97,1996,Big (proxy),,,,,,,,,,,,,0
Davion Mitchell,SAC,24.0,182.88,91.625584,Baylor,USA,2021,1,9,80,5.6,1.3,2.3,2.7,0.012,0.062,0.14,0.545,0.173,2022-23,2022,Guard (proxy),11.5,2.2,4.2,0.489,0.2019999999999999,-6.0,-5.9,0.056,,,,,0
Davis Bertans,DAL,30.0,208.28,102.0582,,Latvia,2011,2,42,45,4.6,1.2,0.5,-4.3,0.02,0.086,0.155,0.618,0.065,2022-23,2022,Big (proxy),5.6,2.1,0.6,0.531,0.165,1.0,-1.0,0.0869999999999999,,,,,0
Davon Reed,LAL,28.0,195.58,93.439952,Miami,USA,2017,2,32,43,2.1,1.4,0.5,-14.1,0.031,0.146,0.142,0.471,0.099,2022-23,2022,Wing (proxy),4.4,2.3,1.1,0.624,0.1169999999999999,0.3,-2.3000000000000003,-0.153,,,,,0
Day'Ron Sharpe,BKN,21.0,205.74,120.20188,North Carolina,USA,2021,1,29,48,4.7,4.2,0.8,-8.8,0.168,0.19,0.173,0.581,0.099,2022-23,2022,Big (proxy),6.2,5.0,0.5,0.593,0.205,6.9,-1.5,-0.012,,,,,0
De'Aaron Fox,SAC,25.0,190.5,83.91452,Kentucky,USA,2017,1,5,73,25.0,4.2,6.1,3.1,0.017,0.111,0.288,0.599,0.281,2022-23,2022,Guard (proxy),23.2,3.9,5.6,0.5489999999999999,0.284,-4.4,1.8000000000000007,0.05,,,,,0
De'Andre Hunter,ATL,25.0,203.2,100.243832,Virginia,USA,2019,1,4,67,15.4,4.2,1.4,-0.6,0.021,0.1119999999999999,0.193,0.563,0.059,2022-23,2022,Wing (proxy),13.4,3.3,1.3,0.547,0.1939999999999999,0.7,2.0,0.0159999999999999,,,,,0
De'Anthony Melton,PHI,25.0,187.96,90.7184,Southern California,USA,2018,2,46,77,10.1,4.1,2.6,2.7,0.034,0.114,0.162,0.5660000000000001,0.133,2022-23,2022,Guard (proxy),10.8,4.5,2.7,0.529,0.205,5.6,-0.7000000000000011,0.037,,,,,0
DeAndre Jordan,DEN,34.0,210.82,120.20188,Texas A&M,USA,2008,2,35,39,5.1,5.2,0.9,-8.4,0.094,0.252,0.134,0.731,0.084,2022-23,2022,Big (proxy),4.3,5.5,0.4,0.6409999999999999,0.132,-10.8,0.7999999999999998,0.09,,,,,0
DeAndre Liggins,NOP,30.0,198.12,94.800728,Kentucky,USA,2011,2,53,58,1.7,1.3,0.8,-13.2,0.01,0.1,0.079,0.467,0.091,2017-18,2017,Wing (proxy),2.5,1.7,0.9,0.476,0.1159999999999999,2.8,-0.8,-0.0089999999999999,,,,,0
DeAndre' Bembry,MIL,27.0,195.58,95.25432,St. Joseph's (PA),USA,2016,1,21,56,5.1,2.9,1.2,-0.6,0.042,0.106,0.111,0.601,0.087,2021-22,2021,Wing (proxy),5.7,2.9,2.1,0.57,0.142,0.4,-0.6000000000000005,0.031,,,,,0
DeJuan Blair,WAS,27.0,200.66,122.46984,Pittsburgh,USA,2009,2,37,29,2.1,2.0,0.4,-11.4,0.0969999999999999,0.203,0.172,0.414,0.077,2015-16,2015,Wing (proxy),1.9,1.9,0.1,0.469,0.182,-12.4,0.2000000000000001,-0.0549999999999999,,,,,0
DeJuan Wheat,VAN,25.0,182.88,74.84268,Louisville,USA,1997,2,51,46,4.5,1.0,2.2,-9.9,0.021,0.073,0.206,0.479,0.3289999999999999,1998-99,1998,Guard (proxy),1.7,0.3,0.7,0.504,0.182,-1.6,2.8,-0.025,,,,,0
DeMar DeRozan,CHI,33.0,198.12,99.79024,Southern California,USA,2009,1,9,74,24.5,4.6,5.1,1.5,0.013,0.1159999999999999,0.272,0.5920000000000001,0.222,2022-23,2022,Wing (proxy),27.9,5.2,4.9,0.59,0.308,1.1,-3.3999999999999986,0.0020000000000001,,,,,0
DeMarcus Cousins,DEN,31.0,208.28,122.46984,Kentucky,USA,2010,1,5,48,9.0,5.6,1.5,2.2,0.103,0.281,0.267,0.5670000000000001,0.153,2021-22,2021,Big (proxy),8.9,6.4,1.9,0.537,0.239,-3.2,0.0999999999999996,0.03,,,,,0
DeMarcus Nelson,GSW,23.0,193.04,90.7184,Duke,USA,Undrafted,Undrafted,Undrafted,13,4.1,1.8,1.0,-13.8,0.036,0.113,0.178,0.44,0.12,2008-09,2008,Guard (proxy),,,,,,,,,,,,,0
DeMarre Carroll,HOU,33.0,198.12,97.52228,Missouri,USA,2009,1,27,24,3.6,2.3,1.0,0.0,0.042,0.138,0.148,0.515,0.1159999999999999,2019-20,2019,Wing (proxy),11.1,5.2,1.3,0.546,0.181,1.9,-7.5,-0.031,,,,,0
DeQuan Jones,ORL,23.0,203.2,100.243832,Miami (FL),USA,Undrafted,Undrafted,Undrafted,63,3.7,1.7,0.3,-10.8,0.023,0.122,0.15,0.485,0.03,2012-13,2012,Wing (proxy),,,,,,,,,,,,,0
DeSagana Diop,CHA,31.0,213.36,127.00576,,Senegal,2001,1,8,22,0.7,2.3,0.6,-6.3,0.051,0.193,0.073,0.292,0.087,2012-13,2012,Big (proxy),1.1,3.1,0.9,0.347,0.087,-20.1,-0.4000000000000001,-0.0549999999999999,,,,,0
DeShawn Stevenson,ATL,32.0,195.58,98.883056,,USA,2000,1,23,56,5.1,2.2,0.9,-1.1,0.018,0.103,0.118,0.522,0.063,2012-13,2012,Wing (proxy),2.9,2.0,0.8,0.413,0.096,-6.2,2.2,0.109,,,,,0
Dean Garrett,GSW,35.0,210.82,113.398,Indiana,USA,1988,2,38,34,1.1,1.7,0.1,0.0,0.086,0.2239999999999999,0.153,0.32,0.038,2001-02,2001,Big (proxy),2.5,3.1,0.3,0.511,0.109,-4.1,-1.4,-0.191,,,,,0
Dean Oliver,GSW,24.0,180.34,79.3786,Iowa,USA,Undrafted,Undrafted,Undrafted,15,1.5,1.1,1.5,-9.1,0.088,0.088,0.184,0.3379999999999999,0.418,2002-03,2002,Guard (proxy),2.1,0.4,1.1,0.42,0.185,-16.8,-0.6000000000000001,-0.082,,,,,0
Dean Wade,CLE,26.0,205.74,103.418976,Kansas State,USA,Undrafted,Undrafted,Undrafted,44,4.7,3.4,0.8,6.5,0.023,0.146,0.1,0.55,0.0559999999999999,2022-23,2022,Big (proxy),5.3,2.9,1.0,0.584,0.107,2.0,-0.5999999999999996,-0.0339999999999999,,,,,0
Deandre Ayton,PHX,24.0,213.36,113.398,Arizona,Bahamas,2018,1,1,67,18.0,10.0,1.7,0.0,0.084,0.247,0.231,0.617,0.09,2022-23,2022,Big (proxy),17.2,10.2,1.4,0.6559999999999999,0.217,9.6,0.8000000000000007,-0.0389999999999999,,,,,0
Dedric Willoughby,CHI,26.0,190.5,81.64656,Iowa State,USA,Undrafted,Undrafted,Undrafted,25,7.6,2.0,2.6,-6.0,0.024,0.0969999999999999,0.204,0.472,0.225,1999-00,1999,Guard (proxy),,,,,,,,,,,,,0
Dee Brown,PHX,24.0,182.88,83.91452,Illinois,USA,2006,2,46,19,2.4,1.5,1.9,-5.9,0.0279999999999999,0.098,0.118,0.449,0.185,2008-09,2008,Guard (proxy),1.9,0.8,1.7,0.411,0.141,2.1,0.5,0.038,,,,,0
Deividas Sirvydis,DET,21.0,203.2,86.18248,,Lithuania,2019,2,37,20,2.1,1.5,0.3,-9.7,0.0,0.225,0.15,0.481,0.062,2020-21,2020,Wing (proxy),,,,,,,,,,,,,0
Dejounte Murray,ATL,26.0,195.58,81.64656,Washington,USA,2016,1,29,74,20.5,5.3,6.1,-1.1,0.019,0.127,0.239,0.54,0.239,2022-23,2022,Wing (proxy),21.1,8.3,9.2,0.5329999999999999,0.268,1.9,-0.6000000000000014,0.0070000000000001,,,,,0
Dell Curry,TOR,38.0,195.58,92.98636,Virginia Tech,USA,1986,1,15,56,6.4,1.4,1.1,-0.6,0.0289999999999999,0.081,0.209,0.495,0.12,2001-02,2001,Wing (proxy),6.0,1.2,1.1,0.53,0.206,-3.7,0.4000000000000003,-0.035,,,,,0
Delon Wright,WAS,31.0,195.58,83.91452,Utah,USA,2015,1,20,50,7.4,3.6,3.9,3.2,0.05,0.0969999999999999,0.125,0.581,0.209,2022-23,2022,Wing (proxy),4.4,2.9,2.4,0.5760000000000001,0.1009999999999999,2.8,3.0,0.0049999999999998,,,,,0
Delonte West,DAL,28.0,190.5,81.64656,Saint Joseph's,USA,2004,1,24,44,9.6,2.3,3.2,-0.5,0.0139999999999999,0.092,0.207,0.539,0.2289999999999999,2011-12,2011,Guard (proxy),5.6,1.5,2.7,0.5329999999999999,0.174,-9.2,4.0,0.0060000000000001,,,,,0
Demetris Nichols,CHI,23.0,203.2,97.975872,Syracuse,USA,2007,2,53,14,1.1,0.4,0.1,-23.3,0.0,0.1159999999999999,0.275,0.326,0.045,2007-08,2007,Wing (proxy),,,,,,,,,,,,,0
Demetrius Jackson,PHI,23.0,185.42,91.171992,Notre Dame,USA,2016,2,45,15,1.1,0.8,0.6,-24.1,0.06,0.086,0.156,0.424,0.188,2017-18,2017,Guard (proxy),,,,,,,,,,,,,0
Deng Adel,CLE,22.0,200.66,90.7184,,South Sudan,Undrafted,Undrafted,Undrafted,19,1.7,1.0,0.3,-9.5,0.0139999999999999,0.089,0.0969999999999999,0.424,0.038,2018-19,2018,Wing (proxy),,,,,,,,,,,,,0
Deni Avdija,WAS,22.0,205.74,95.25432,,Israel,2020,1,9,76,9.2,6.4,2.8,-0.8,0.038,0.196,0.165,0.535,0.142,2022-23,2022,Big (proxy),8.4,5.2,2.0,0.536,0.158,-1.0,0.7999999999999989,-0.001,,,,,0
Dennis Rodman,DAL,39.0,200.66,95.25432,Southeastern Oklahoma State,USA,1986,2,27,12,2.8,14.3,1.2,-7.1,0.136,0.351,0.064,0.457,0.046,1999-00,1999,Wing (proxy),2.1,11.2,1.3,0.3879999999999999,0.065,-1.4,0.6999999999999997,0.0690000000000001,,,,,0
Dennis Schroder,LAL,29.0,185.42,78.017824,,Germany,2013,1,17,66,12.6,2.5,4.5,2.8,0.011,0.067,0.183,0.545,0.2019999999999999,2022-23,2022,Guard (proxy),13.5,3.3,4.6,0.539,0.223,-1.0,-0.9000000000000004,0.006,,,,,0
Dennis Scott,VAN,31.0,203.2,103.872568,Georgia Tech,USA,1990,1,4,66,5.6,1.6,1.0,-6.5,0.015,0.091,0.14,0.515,0.089,1999-00,1999,Wing (proxy),6.5,1.6,1.1,0.516,0.157,-0.1,-0.9000000000000004,-0.001,,,,,0
Dennis Smith Jr.,CHA,25.0,187.96,92.98636,North Carolina State,USA,2017,1,9,54,8.8,3.1,4.8,-2.6,0.018,0.093,0.175,0.475,0.275,2022-23,2022,Guard (proxy),5.6,2.4,3.6,0.474,0.173,-9.8,3.200000000000001,0.001,,,,,0
Denzel Valentine,UTA,28.0,193.04,99.79024,Michigan State,USA,2016,1,14,24,2.9,1.8,0.5,-5.1,0.04,0.15,0.15,0.523,0.074,2021-22,2021,Guard (proxy),6.5,3.2,1.7,0.479,0.19,1.0,-3.6,0.044,,,,,0
Deonte Burton,OKC,26.0,193.04,108.86208,Iowa State,USA,Undrafted,Undrafted,Undrafted,39,2.7,1.5,0.4,-12.7,0.017,0.119,0.173,0.396,0.076,2019-20,2019,Guard (proxy),2.6,0.9,0.3,0.47,0.159,4.3,0.1,-0.0739999999999999,,,,,0
DerMarr Johnson,DEN,27.0,205.74,95.25432,Cincinnati,USA,2000,1,6,39,3.5,1.5,0.4,-6.1,0.025,0.122,0.188,0.414,0.068,2006-07,2006,Big (proxy),6.1,1.7,0.9,0.545,0.179,-1.9,-2.6,-0.131,,,,,0
Derek Anderson,CHA,33.0,195.58,88.45044,Kentucky,USA,1997,1,13,28,5.0,1.9,1.6,-13.0,0.024,0.126,0.193,0.497,0.215,2007-08,2007,Wing (proxy),8.0,2.3,2.7,0.586,0.153,0.4,-3.0,-0.0889999999999999,,,,,0
Derek Fisher,OKC,39.0,185.42,95.25432,Arkansas-Little Rock,USA,1996,1,24,81,5.2,1.5,1.4,9.1,0.01,0.088,0.139,0.542,0.12,2013-14,2013,Guard (proxy),5.3,1.1,1.4,0.492,0.168,6.5,-0.0999999999999996,0.05,,,,,0
Derek Harper,LAL,37.0,193.04,93.439952,Illinois,USA,1983,1,11,45,6.9,1.5,4.2,-2.6,0.0139999999999999,0.052,0.143,0.506,0.255,1998-99,1998,Guard (proxy),8.6,1.6,3.5,0.491,0.179,-0.4,-1.6999999999999993,0.015,,,,,0
Derek Strong,LAC,33.0,205.74,108.86208,Xavier,USA,1990,2,47,28,4.2,3.9,0.3,-3.4,0.08,0.18,0.148,0.4429999999999999,0.023,2000-01,2000,Big (proxy),2.7,2.2,0.2,0.499,0.177,-8.3,1.5,-0.0560000000000001,,,,,0
Deron Williams,CLE,33.0,190.5,90.7184,Illinois,USA,2005,1,3,64,11.0,2.3,5.6,-2.8,0.009,0.096,0.2239999999999999,0.541,0.35,2016-17,2016,Guard (proxy),14.1,2.9,5.8,0.53,0.221,0.4,-3.1,0.011,,,,,0
Derrick Brown,CHA,24.0,203.2,105.68693600000002,Xavier,USA,2009,2,40,65,8.1,3.6,1.0,-14.8,0.073,0.118,0.1689999999999999,0.556,0.086,2011-12,2011,Wing (proxy),3.8,2.0,0.7,0.588,0.153,-4.3,4.3,-0.0319999999999999,,,,,0
Derrick Caracter,LAL,23.0,205.74,124.7378,Texas-El Paso,USA,2010,2,58,41,2.0,1.0,0.2,-8.4,0.109,0.122,0.196,0.532,0.054,2010-11,2010,Big (proxy),,,,,,,,,,,,,0
Derrick Coleman,PHI,37.0,208.28,122.46984,Syracuse,USA,1990,1,1,34,8.0,5.6,1.4,-5.4,0.066,0.216,0.192,0.471,0.095,2003-04,2003,Big (proxy),9.4,7.0,1.4,0.525,0.173,6.3,-1.4000000000000004,-0.054,,,,,0
Derrick Dial,TOR,26.0,193.04,83.46092800000001,Eastern Michigan,USA,1998,2,52,32,3.2,1.8,1.1,4.2,0.048,0.158,0.226,0.387,0.211,2001-02,2001,Guard (proxy),2.6,1.2,0.6,0.466,0.24,9.8,0.6000000000000001,-0.079,,,,,0
Derrick Favors,OKC,30.0,205.74,120.20188,Georgia Tech,USA,2010,1,3,39,5.3,4.7,0.6,-11.0,0.079,0.178,0.131,0.534,0.061,2021-22,2021,Big (proxy),5.4,5.5,0.6,0.6629999999999999,0.125,2.6,-0.1000000000000005,-0.1289999999999999,,,,,0
Derrick Jones Jr.,CHI,26.0,198.12,95.25432,UNLV,USA,Undrafted,Undrafted,Undrafted,64,5.0,2.4,0.5,6.7,0.069,0.098,0.138,0.597,0.052,2022-23,2022,Wing (proxy),5.6,3.3,0.6,0.633,0.119,2.7,-0.5999999999999996,-0.036,,,,,0
Derrick McKey,PHI,35.0,208.28,109.315672,Alabama,USA,1987,1,9,41,2.9,3.1,1.1,0.6,0.073,0.121,0.091,0.4639999999999999,0.093,2001-02,2001,Big (proxy),2.2,2.7,1.1,0.49,0.094,-1.2,0.6999999999999997,-0.026,,,,,0
Derrick Rose,NYK,34.0,190.5,90.7184,Memphis,USA,2008,1,1,27,5.6,1.5,1.7,-3.5,0.022,0.0819999999999999,0.22,0.4629999999999999,0.208,2022-23,2022,Guard (proxy),12.0,3.0,4.0,0.541,0.217,5.8,-6.4,-0.0780000000000001,,,,,0
Derrick Walton Jr.,DET,25.0,182.88,83.91452,Michigan,USA,Undrafted,Undrafted,Undrafted,26,2.0,0.6,1.0,-0.9,0.0069999999999999,0.054,0.079,0.617,0.155,2019-20,2019,Guard (proxy),1.8,1.0,1.0,0.525,0.092,-10.5,0.1999999999999999,0.0919999999999999,,,,,0
Derrick White,BOS,28.0,193.04,86.18248,Colorado,USA,2017,1,29,82,12.4,3.6,3.9,11.0,0.023,0.098,0.174,0.604,0.191,2022-23,2022,Guard (proxy),13.2,3.5,4.9,0.5489999999999999,0.196,4.9,-0.7999999999999989,0.055,,,,,0
Derrick Williams,CLE,26.0,203.2,108.86208,Arizona,USA,2011,1,2,50,6.1,2.6,0.6,-3.2,0.026,0.15,0.177,0.537,0.054,2016-17,2016,Wing (proxy),9.3,3.7,0.9,0.55,0.2339999999999999,-7.5,-3.200000000000001,-0.013,,,,,0
Desmond Bane,MEM,25.0,195.58,97.52228,TCU,USA,2020,1,30,58,21.5,5.0,4.4,9.0,0.022,0.123,0.252,0.606,0.2019999999999999,2022-23,2022,Wing (proxy),18.2,4.4,2.7,0.5920000000000001,0.226,6.9,3.3000000000000007,0.0139999999999999,,,,,0
Desmond Mason,OKC,31.0,195.58,100.697424,Oklahoma State,USA,2000,1,17,39,7.5,4.0,1.2,-4.0,0.044,0.119,0.158,0.456,0.065,2008-09,2008,Wing (proxy),9.7,4.3,2.1,0.519,0.168,-5.2,-2.1999999999999997,-0.063,,,,,0
Desmond Penigar,ORL,22.0,200.66,111.13004,Utah State,USA,Undrafted,Undrafted,Undrafted,10,3.2,2.4,0.3,7.8,0.077,0.247,0.183,0.5379999999999999,0.053,2003-04,2003,Wing (proxy),,,,,,,,,,,,,0
Detlef Schrempf,POR,38.0,208.28,106.59412,Washington,USA,1985,1,8,26,4.0,3.0,1.7,-2.0,0.053,0.185,0.161,0.487,0.182,2000-01,2000,Big (proxy),7.5,4.3,2.6,0.544,0.176,7.0,-3.5,-0.057,,,,,0
Devean George,GSW,32.0,203.2,106.59412,Augsburg,USA,1999,1,23,45,5.4,2.5,0.7,0.4,0.03,0.1369999999999999,0.131,0.56,0.057,2009-10,2009,Wing (proxy),3.4,1.8,0.3,0.485,0.111,-4.1,2.0000000000000004,0.075,,,,,0
Devin Booker,PHX,26.0,195.58,93.439952,Kentucky,USA,2015,1,13,53,27.8,4.5,5.5,6.2,0.025,0.105,0.311,0.601,0.251,2022-23,2022,Wing (proxy),26.8,5.0,4.8,0.5760000000000001,0.313,9.5,1.0,0.0249999999999999,,,,,0
Devin Brown,CHI,31.0,195.58,95.25432,Texas-San Antonio,USA,Undrafted,Undrafted,Undrafted,50,8.0,2.5,1.3,-1.1,0.0289999999999999,0.098,0.196,0.5,0.095,2009-10,2009,Wing (proxy),5.2,1.9,0.9,0.4589999999999999,0.228,-0.1,2.8,0.041,,,,,0
Devin Ebanks,LAL,23.0,205.74,97.52228,West Virginia,USA,2010,2,43,19,3.4,2.2,0.5,-6.6,0.052,0.157,0.198,0.411,0.094,2012-13,2012,Big (proxy),4.0,2.3,0.5,0.465,0.1369999999999999,-0.9,-0.6000000000000001,-0.054,,,,,0
Devin Gray,HOU,28.0,200.66,108.86208,Clemson,USA,1995,Undrafted,Undrafted,21,2.3,1.2,0.2,-7.1,0.096,0.132,0.18,0.492,0.069,1999-00,1999,Wing (proxy),,,,,,,,,,,,,0
Devin Green,LAL,23.0,200.66,96.161504,Hampton,USA,Undrafted,Undrafted,Undrafted,27,0.9,0.9,0.3,-16.1,0.085,0.1169999999999999,0.144,0.336,0.0969999999999999,2005-06,2005,Wing (proxy),,,,,,,,,,,,,0
Devin Harris,DAL,36.0,190.5,83.91452,Wisconsin,USA,2004,1,5,68,6.3,1.6,1.8,-4.2,0.01,0.09,0.18,0.527,0.172,2018-19,2018,Guard (proxy),8.4,1.8,2.1,0.563,0.1939999999999999,4.1,-2.1000000000000005,-0.0359999999999999,,,,,0
Devin Vassell,SAS,22.0,195.58,90.7184,Florida State,USA,2020,1,11,38,18.5,3.9,3.6,-11.7,0.006,0.125,0.24,0.55,0.173,2022-23,2022,Wing (proxy),12.3,4.3,1.9,0.54,0.184,1.0,6.199999999999999,0.01,,,,,0
Devon Dotson,CHI,22.0,185.42,83.91452,Kansas,USA,Undrafted,Undrafted,Undrafted,11,2.6,0.8,1.4,-2.4,0.011,0.105,0.156,0.5379999999999999,0.283,2021-22,2021,Guard (proxy),2.1,0.5,0.6,0.5479999999999999,0.16,21.7,0.5,-0.01,,,,,0
Devon Hall,OKC,24.0,195.58,97.52228,Virginia,USA,2018,2,53,11,1.8,0.6,1.2,3.8,0.019,0.06,0.182,0.298,0.217,2019-20,2019,Wing (proxy),,,,,,,,,,,,,0
Devontae Cacok,SAS,25.0,200.66,108.86208,North Carolina-Wilmington,USA,Undrafted,Undrafted,Undrafted,15,3.1,2.8,0.4,-1.6,0.0579999999999999,0.2789999999999999,0.122,0.675,0.073,2021-22,2021,Wing (proxy),2.0,1.6,0.1,0.5760000000000001,0.154,18.1,1.1,0.0989999999999999,,,,,0
Devonte' Graham,SAS,28.0,185.42,88.45044,Kansas,USA,2018,2,34,73,7.4,1.7,2.7,-6.2,0.013,0.081,0.165,0.552,0.207,2022-23,2022,Guard (proxy),11.9,2.3,4.2,0.514,0.191,0.3,-4.5,0.038,,,,,0
Devyn Marble,ORL,23.0,198.12,90.7184,Iowa,USA,2014,2,56,28,2.1,1.4,0.4,-4.2,0.023,0.134,0.155,0.368,0.072,2015-16,2015,Wing (proxy),2.3,1.9,1.1,0.362,0.124,-1.8,-0.1999999999999997,0.006,,,,,0
Dewayne Dedmon,PHI,33.0,208.28,111.13004,Southern California,USA,Undrafted,Undrafted,Undrafted,38,5.2,3.5,0.7,-10.6,0.075,0.231,0.195,0.5770000000000001,0.108,2022-23,2022,Big (proxy),6.3,5.8,0.7,0.632,0.1639999999999999,3.5,-1.0999999999999996,-0.0549999999999999,,,,,0
Dexter Pittman,MEM,25.0,210.82,129.27372,Texas,USA,2010,2,32,11,0.7,1.1,0.0,-36.9,0.226,0.185,0.212,0.325,0.0,2012-13,2012,Big (proxy),3.0,2.0,0.3,0.498,0.186,4.1,-2.3,-0.173,,,,,0
Deyonta Davis,MEM,21.0,210.82,107.501304,Michigan State,USA,2016,2,31,62,5.8,4.0,0.6,-8.3,0.078,0.182,0.144,0.621,0.068,2017-18,2017,Big (proxy),1.6,1.7,0.1,0.528,0.119,-7.2,4.199999999999999,0.0929999999999999,,,,,0
Diante Garrett,UTA,25.0,193.04,86.18248,Iowa State,USA,Undrafted,Undrafted,Undrafted,71,3.5,1.4,1.7,-6.1,0.012,0.095,0.152,0.4589999999999999,0.183,2013-14,2013,Guard (proxy),2.1,0.8,1.6,0.375,0.2,-18.0,1.4,0.0839999999999999,,,,,0
Dickey Simpkins,CHI,28.0,205.74,115.66596,Providence,USA,1994,1,21,69,4.2,5.4,1.4,-12.1,0.085,0.177,0.128,0.439,0.105,1999-00,1999,Big (proxy),9.1,6.8,1.3,0.528,0.162,-10.0,-4.9,-0.089,,,,,0
Dijon Thompson,PHX,23.0,200.66,88.45044,UCLA,USA,2005,2,54,10,2.8,1.1,0.1,-8.7,0.093,0.156,0.272,0.541,0.042,2005-06,2005,Wing (proxy),,,,,,,,,,,,,0
Dikembe Mutombo,HOU,42.0,218.44,117.93392,Georgetown,Congo,1991,1,4,39,3.0,5.1,0.1,3.6,0.118,0.221,0.086,0.591,0.012,2007-08,2007,Big (proxy),3.1,6.5,0.2,0.601,0.084,5.8,-0.1,-0.01,,,,,0
Dillon Brooks,MEM,27.0,198.12,102.0582,Oregon,Canada,2017,2,45,73,14.3,3.3,2.6,4.9,0.019,0.084,0.214,0.494,0.1169999999999999,2022-23,2022,Wing (proxy),18.4,3.2,2.8,0.515,0.283,11.0,-4.099999999999998,-0.021,,,,,0
Dino Radja,BOS,30.0,210.82,102.0582,,USA,1989,2,40,25,14.0,8.4,1.9,-3.3,0.0579999999999999,0.217,0.2269999999999999,0.471,0.092,1996-97,1996,Big (proxy),,,,,,,,,,,,,0
Dion Glover,TOR,25.0,195.58,102.0582,Georgia Tech,USA,1999,1,20,69,9.0,3.9,1.9,-4.9,0.04,0.14,0.212,0.471,0.138,2003-04,2003,Wing (proxy),9.7,3.7,1.9,0.512,0.203,1.0,-0.6999999999999993,-0.041,,,,,0
Dion Waiters,LAL,28.0,190.5,95.25432,Syracuse,USA,2012,1,4,10,11.1,2.4,2.0,7.8,0.009,0.102,0.243,0.521,0.156,2019-20,2019,Guard (proxy),12.0,2.6,2.8,0.53,0.213,-2.0,-0.9000000000000004,-0.009,,,,,0
Dionte Christmas,PHX,27.0,195.58,92.98636,Temple,USA,Undrafted,Undrafted,Undrafted,31,2.3,1.2,0.3,-4.9,0.066,0.15,0.17,0.489,0.067,2013-14,2013,Wing (proxy),,,,,,,,,,,,,0
Dirk Nowitzki,DAL,41.0,213.36,111.13004,,Germany,1998,1,9,51,7.3,3.1,0.7,-4.8,0.006,0.18,0.217,0.469,0.068,2018-19,2018,Big (proxy),12.0,5.7,1.6,0.575,0.1989999999999999,-2.0,-4.7,-0.1059999999999999,,,,,0
Domantas Sabonis,SAC,27.0,215.9,108.86208,Gonzaga,Lithuania,2016,1,11,79,19.1,12.3,7.3,3.9,0.096,0.275,0.213,0.6679999999999999,0.297,2022-23,2022,Big (proxy),18.9,12.1,5.2,0.637,0.221,-0.6,0.2000000000000028,0.0309999999999999,,,,,0
Dominic McGuire,IND,27.0,205.74,106.59412,Fresno State,USA,2007,2,47,26,2.0,3.0,0.8,-10.5,0.059,0.187,0.09,0.422,0.08,2012-13,2012,Big (proxy),3.5,3.8,1.7,0.486,0.122,-4.0,-1.5,-0.064,,,,,0
Dominick Barlow,SAS,20.0,205.74,97.52228,,USA,Undrafted,Undrafted,Undrafted,28,3.9,3.6,0.9,-10.7,0.1,0.131,0.107,0.5670000000000001,0.079,2022-23,2022,Big (proxy),,,,,,,,,,,,,0
Dominique Jones,DAL,24.0,195.58,97.52228,South Florida,USA,2010,1,25,29,4.0,1.6,2.9,-3.0,0.059,0.087,0.23,0.4379999999999999,0.4029999999999999,2012-13,2012,Wing (proxy),2.7,1.3,1.3,0.493,0.201,-12.2,1.2999999999999998,-0.0550000000000001,,,,,0
Dominique Wilkins,ORL,39.0,203.2,104.32616,Georgia,USA,1982,1,3,27,5.0,2.6,0.6,-1.6,0.133,0.182,0.301,0.445,0.131,1998-99,1998,Wing (proxy),18.2,6.4,1.9,0.517,0.297,-10.3,-13.2,-0.072,,,,,0
Don MacLean,PHX,30.0,208.28,106.59412,UCLA,USA,1992,1,19,16,2.6,1.4,0.5,-8.5,0.043,0.138,0.179,0.407,0.1,1999-00,1999,Big (proxy),10.9,3.8,0.9,0.476,0.271,-8.6,-8.3,-0.069,,,,,0
Don Reid,ORL,28.0,203.2,113.398,Georgetown,USA,1995,2,58,68,3.3,2.6,0.4,-3.4,0.1,0.168,0.1669999999999999,0.509,0.061,2001-02,2001,Wing (proxy),3.3,3.8,0.3,0.59,0.129,-0.3,0.0,-0.0809999999999999,,,,,0
Donald Royal,CHH,32.0,203.2,98.883056,Notre Dame,USA,1987,3,52,31,2.5,1.3,0.5,7.7,0.065,0.081,0.131,0.473,0.08,1997-98,1997,Wing (proxy),3.5,2.5,0.4,0.552,0.131,-4.6,-1.0,-0.079,,,,,0
Donald Sloan,BKN,28.0,190.5,92.98636,Texas A&M,USA,Undrafted,Undrafted,Undrafted,61,7.0,2.8,4.4,-5.1,0.015,0.131,0.165,0.536,0.293,2015-16,2015,Guard (proxy),7.4,2.7,3.6,0.503,0.185,-4.8,-0.4000000000000003,0.033,,,,,0
Donald Whiteside,TOR,28.0,177.8,72.57472,Northern Illinois,USA,Undrafted,Undrafted,Undrafted,27,2.2,0.4,1.3,-12.4,0.009,0.046,0.134,0.479,0.2339999999999999,1996-97,1996,Guard (proxy),,,,,,,,,,,,,0
Donatas Motiejunas,NOP,26.0,213.36,100.697424,,Lithuania,2011,1,20,34,4.4,3.0,0.9,-11.1,0.057,0.18,0.174,0.47,0.096,2016-17,2016,Big (proxy),6.2,2.9,1.1,0.504,0.217,4.6,-1.7999999999999998,-0.034,,,,,0
Donell Taylor,WAS,24.0,195.58,87.543256,Alabama-Birmingham,USA,Undrafted,Undrafted,Undrafted,47,2.7,1.1,1.0,-11.6,0.038,0.126,0.216,0.422,0.236,2006-07,2006,Wing (proxy),2.7,1.0,0.9,0.452,0.188,2.8,0.0,-0.03,,,,,0
Donnell Harvey,PHX,23.0,203.2,99.79024,Florida,USA,2000,1,22,60,4.0,2.7,0.4,-6.2,0.071,0.1669999999999999,0.162,0.503,0.045,2003-04,2003,Wing (proxy),7.9,5.3,1.3,0.486,0.211,-11.7,-3.9,0.017,,,,,0
Donnie Boyce,ATL,23.0,195.58,88.904032,Colorado,USA,1995,2,42,22,2.5,0.7,0.6,-10.3,0.051,0.059,0.244,0.3779999999999999,0.146,1996-97,1996,Wing (proxy),,,,,,,,,,,,,0
Donny Marshall,NJN,29.0,200.66,104.32616,Connecticut,USA,1995,2,39,20,1.5,1.1,0.3,-5.0,0.068,0.1159999999999999,0.153,0.406,0.078,2001-02,2001,Wing (proxy),3.1,1.3,0.4,0.476,0.19,-8.7,-1.6,-0.0699999999999999,,,,,0
Donovan Mitchell,CLE,26.0,185.42,97.52228,Louisville,USA,2017,1,13,68,28.3,4.3,4.4,5.9,0.027,0.0969999999999999,0.31,0.614,0.205,2022-23,2022,Guard (proxy),25.9,4.2,5.3,0.5720000000000001,0.322,5.9,2.400000000000002,0.0419999999999999,,,,,0
Donta Hall,ORL,23.0,208.28,104.32616,Alabama,USA,Undrafted,Undrafted,Undrafted,13,5.6,4.8,0.8,-6.5,0.126,0.193,0.135,0.731,0.102,2020-21,2020,Big (proxy),,,,,,,,,,,,,0
Donta Smith,ATL,22.0,200.66,97.52228,Southeastern Illinois,USA,2004,2,34,23,1.7,0.6,0.4,3.6,0.031,0.11,0.124,0.589,0.102,2005-06,2005,Wing (proxy),3.3,1.4,1.0,0.473,0.162,-6.1,-1.6,0.1159999999999999,,,,,0
Dontae' Jones,BOS,23.0,203.2,99.79024,Mississippi State,USA,1996,1,21,15,2.9,0.6,0.3,-7.1,0.03,0.08,0.289,0.386,0.089,1997-98,1997,Wing (proxy),,,,,,,,,,,,,0
Donte DiVincenzo,GSW,26.0,193.04,92.079176,Villanova,USA,2018,1,17,72,9.4,4.5,3.5,2.9,0.0409999999999999,0.123,0.146,0.593,0.176,2022-23,2022,Guard (proxy),9.0,4.0,2.8,0.51,0.187,-3.7,0.4000000000000003,0.0829999999999999,,,,,0
Donte Greene,SAC,24.0,210.82,102.511792,Syracuse,USA,2008,1,28,53,5.4,2.5,0.6,-5.8,0.024,0.154,0.182,0.491,0.069,2011-12,2011,Big (proxy),5.8,2.1,0.7,0.482,0.182,-3.7,-0.3999999999999994,0.009,,,,,0
Dontonio Wingfield,POR,23.0,203.2,116.119552,Cincinnati,USA,1994,2,37,47,4.5,2.9,1.0,1.3,0.132,0.144,0.204,0.501,0.14,1996-97,1996,Wing (proxy),,,,,,,,,,,,,0
Donyell Marshall,PHI,36.0,205.74,111.13004,Connecticut,USA,1994,1,4,25,3.8,1.6,0.6,11.2,0.038,0.214,0.196,0.621,0.12,2008-09,2008,Big (proxy),3.8,2.9,0.4,0.455,0.163,-14.6,0.0,0.1659999999999999,,,,,0
Dorell Wright,POR,29.0,205.74,92.98636,,USA,2004,1,19,48,4.6,2.3,0.9,6.1,0.025,0.178,0.171,0.525,0.102,2014-15,2014,Big (proxy),5.0,2.8,0.9,0.524,0.163,1.2,-0.4000000000000003,0.001,,,,,0
Dorian Finney-Smith,BKN,30.0,200.66,99.79024,Florida,USA,Undrafted,Undrafted,Undrafted,66,8.3,4.8,1.5,-0.3,0.055,0.105,0.129,0.523,0.07,2022-23,2022,Wing (proxy),11.0,4.7,1.9,0.604,0.138,4.4,-2.6999999999999997,-0.0809999999999999,,,,,0
Doron Lamb,ORL,22.0,193.04,90.7184,Kentucky,USA,2012,2,42,53,3.6,0.9,0.8,-0.6,0.013,0.069,0.134,0.5429999999999999,0.093,2013-14,2013,Guard (proxy),3.3,1.0,0.7,0.433,0.156,-8.9,0.3000000000000002,0.1099999999999999,,,,,0
Doug Christie,ORL,35.0,198.12,92.98636,Pepperdine,USA,1992,1,17,52,6.6,3.4,3.8,2.6,0.0289999999999999,0.096,0.138,0.471,0.192,2004-05,2004,Wing (proxy),10.1,4.0,4.2,0.544,0.149,6.7,-3.5,-0.073,,,,,0
Doug McDermott,SAS,31.0,198.12,102.0582,Creighton,USA,2014,1,11,64,10.2,2.2,1.4,-9.7,0.016,0.085,0.186,0.59,0.098,2022-23,2022,Wing (proxy),11.3,2.3,1.3,0.593,0.178,-1.8,-1.1000000000000014,-0.003,,,,,0
Doug Overton,LAC,34.0,190.5,86.18248,La Salle,USA,1991,2,40,61,3.7,1.4,2.3,-5.9,0.019,0.075,0.139,0.433,0.215,2003-04,2003,Guard (proxy),2.2,0.7,0.7,0.414,0.207,-1.0,1.5,0.019,,,,,0
Doug West,VAN,34.0,198.12,90.7184,Villanova,USA,1989,2,38,15,1.9,1.0,0.9,-16.5,0.023,0.071,0.1159999999999999,0.341,0.14,2000-01,2000,Wing (proxy),4.0,1.9,1.1,0.467,0.144,3.2,-2.1,-0.126,,,,,0
Dragan Bender,GSW,22.0,213.36,112.944408,,Croatia,2016,1,4,16,6.7,4.6,1.8,1.1,0.06,0.183,0.18,0.545,0.142,2019-20,2019,Big (proxy),5.0,4.0,1.2,0.521,0.13,-8.1,1.7000000000000002,0.024,,,,,0
Dragan Tarlac,CHI,28.0,210.82,122.46984,,USA,1995,2,31,43,2.4,2.8,0.7,-17.5,0.072,0.177,0.118,0.4539999999999999,0.087,2000-01,2000,Big (proxy),,,,,,,,,,,,,0
Draymond Green,GSW,33.0,198.12,104.32616,Michigan State,USA,2012,2,35,73,8.5,7.2,6.8,7.0,0.0289999999999999,0.185,0.129,0.5920000000000001,0.268,2022-23,2022,Wing (proxy),7.5,7.3,7.0,0.5820000000000001,0.14,7.2,1.0,0.01,,,,,0
Drew Barry,ATL,27.0,195.58,86.636072,Georgia Tech,USA,1996,2,57,16,2.6,0.8,2.1,-9.6,0.0,0.078,0.132,0.5820000000000001,0.33,1999-00,1999,Wing (proxy),2.2,1.2,1.7,0.49,0.12,0.4,0.3999999999999999,0.092,,,,,0
Drew Eubanks,POR,26.0,208.28,111.13004,Oregon State,USA,Undrafted,Undrafted,Undrafted,78,6.6,5.4,1.3,-4.1,0.084,0.183,0.122,0.6659999999999999,0.092,2022-23,2022,Big (proxy),7.7,5.4,1.2,0.638,0.171,-12.8,-1.1000000000000003,0.0279999999999999,,,,,0
Drew Gooden,WAS,34.0,208.28,113.398,Kansas,USA,2002,1,4,30,2.7,2.8,0.4,-12.0,0.093,0.2339999999999999,0.174,0.376,0.066,2015-16,2015,Big (proxy),5.4,4.4,1.0,0.469,0.171,0.4,-2.7,-0.0929999999999999,,,,,0
Dru Smith,BKN,25.0,190.5,92.079176,Missouri,USA,Undrafted,Undrafted,Undrafted,15,2.9,1.6,1.5,-8.8,0.012,0.132,0.133,0.475,0.206,2022-23,2022,Guard (proxy),,,,,,,,,,,,,0
Duane Causwell,MIA,33.0,213.36,115.66596,Temple,USA,1990,1,18,31,2.5,2.7,0.2,-8.7,0.072,0.1989999999999999,0.154,0.396,0.023,2000-01,2000,Big (proxy),2.6,1.9,0.1,0.614,0.154,-14.9,-0.1,-0.2179999999999999,,,,,0
Duane Ferrell,GSW,33.0,200.66,97.52228,Georgia Tech,USA,Undrafted,Undrafted,Undrafted,50,1.9,0.9,0.5,-17.8,0.0559999999999999,0.055,0.13,0.389,0.093,1997-98,1997,Wing (proxy),6.4,2.3,1.1,0.521,0.181,2.3,-4.5,-0.132,,,,,0
Duane Washington Jr.,NYK,23.0,187.96,89.357624,Ohio State,Germany,Undrafted,Undrafted,Undrafted,31,7.9,1.2,2.0,-0.5,0.004,0.085,0.298,0.4579999999999999,0.26,2022-23,2022,Guard (proxy),9.9,1.7,1.8,0.521,0.214,-5.9,-2.0,-0.0630000000000001,,,,,0
Duncan Robinson,MIA,29.0,200.66,97.52228,Michigan,USA,Undrafted,Undrafted,Undrafted,42,6.4,1.6,1.1,-5.0,0.012,0.094,0.172,0.534,0.1009999999999999,2022-23,2022,Wing (proxy),10.9,2.6,1.6,0.573,0.174,2.6,-4.5,-0.0389999999999999,,,,,0
Dwayne Bacon,ORL,25.0,198.12,100.243832,Florida State,USA,2017,2,40,72,10.9,3.1,1.3,-11.4,0.015,0.102,0.193,0.49,0.08,2020-21,2020,Wing (proxy),5.7,2.6,1.3,0.419,0.1889999999999999,-8.2,5.2,0.071,,,,,0
Dwayne Jones,CLE,25.0,210.82,113.851592,Saint Joseph's,USA,Undrafted,Undrafted,Undrafted,56,1.4,2.5,0.2,-5.9,0.162,0.175,0.085,0.5379999999999999,0.033,2007-08,2007,Big (proxy),1.0,2.2,0.1,0.445,0.1,12.5,0.3999999999999999,0.0929999999999999,,,,,0
Dwayne Schintzius,BOS,30.0,218.44,129.27372,Florida,USA,1990,1,24,16,0.7,1.2,0.5,-29.2,0.1009999999999999,0.176,0.175,0.31,0.2,1998-99,1998,Big (proxy),2.3,1.5,0.3,0.43,0.175,12.3,-1.6,-0.12,,,,,0
Dwight Buycks,DET,29.0,190.5,86.18248,Marquette,USA,Undrafted,Undrafted,Undrafted,29,7.4,1.4,2.0,0.6,0.0279999999999999,0.067,0.266,0.498,0.24,2017-18,2017,Guard (proxy),3.1,1.6,0.7,0.414,0.187,-1.7,4.300000000000001,0.084,,,,,0
Dwight Howard,LAL,36.0,208.28,120.20188,,USA,2004,1,1,60,6.2,5.9,0.6,-5.7,0.12,0.246,0.145,0.657,0.049,2021-22,2021,Big (proxy),7.0,8.4,0.9,0.61,0.173,-2.4,-0.7999999999999998,0.047,,,,,0
Dwight Powell,DAL,31.0,208.28,108.86208,Stanford,Canada,2014,2,45,76,6.7,4.1,0.9,6.2,0.106,0.12,0.123,0.738,0.067,2022-23,2022,Big (proxy),8.7,4.9,1.2,0.725,0.136,2.5,-1.9999999999999991,0.013,,,,,0
Dwyane Wade,MIA,37.0,193.04,99.79024,Marquette,USA,2003,1,5,72,15.0,4.0,4.2,-1.8,0.033,0.106,0.2689999999999999,0.51,0.264,2018-19,2018,Guard (proxy),11.4,3.8,3.4,0.5,0.251,1.3,3.6,0.01,,,,,0
Dylan Windler,CLE,25.0,198.12,88.904032,Belmont,USA,2019,1,26,50,2.2,1.8,0.7,0.0,0.047,0.146,0.115,0.519,0.111,2021-22,2021,Wing (proxy),5.2,3.5,1.1,0.5670000000000001,0.14,-6.5,-3.0,-0.048,,,,,0
Dyson Daniels,NOP,20.0,200.66,90.264808,,Australia,2022,1,8,59,3.8,3.2,2.3,0.4,0.035,0.14,0.113,0.503,0.172,2022-23,2022,Wing (proxy),,,,,,,,,,,,,0
Dzanan Musa,BKN,21.0,205.74,98.429464,,Bosnia and Herzegovina,2018,1,29,40,4.8,2.2,1.1,-2.5,0.039,0.1169999999999999,0.193,0.484,0.131,2019-20,2019,Big (proxy),,,,,,,,,,,,,0
E'Twaun Moore,PHX,32.0,190.5,86.636072,Purdue,USA,2011,2,55,27,4.9,1.7,1.5,0.5,0.035,0.08,0.1639999999999999,0.523,0.14,2020-21,2020,Guard (proxy),8.3,2.3,1.4,0.51,0.196,-2.2,-3.4000000000000004,0.013,,,,,0
Earl Barron,PHX,33.0,213.36,113.398,Memphis,USA,Undrafted,Undrafted,Undrafted,16,2.0,1.8,0.3,-19.7,0.092,0.136,0.153,0.361,0.06,2014-15,2014,Big (proxy),3.3,5.1,0.4,0.361,0.178,-7.0,-1.2999999999999998,0.0,,,,,0
Earl Boykins,MIL,35.0,165.1,60.327736,Eastern Michigan,USA,Undrafted,Undrafted,Undrafted,57,7.2,1.0,2.5,2.7,0.021,0.055,0.24,0.526,0.301,2010-11,2010,Guard (proxy),6.6,1.1,2.6,0.498,0.207,-11.1,0.6000000000000005,0.028,,,,,0
Earl Clark,BKN,27.0,208.28,106.140528,Louisville,USA,2009,1,14,10,2.7,2.3,0.3,-14.1,0.011,0.2339999999999999,0.176,0.425,0.0579999999999999,2014-15,2014,Big (proxy),4.8,2.6,0.3,0.466,0.181,-8.5,-2.1,-0.041,,,,,0
Earl Watson,POR,35.0,185.42,90.264808,UCLA,USA,2001,2,39,24,0.5,0.6,1.2,-0.8,0.035,0.068,0.083,0.47,0.246,2013-14,2013,Guard (proxy),2.0,1.8,4.0,0.366,0.105,-4.6,-1.5,0.1039999999999999,,,,,0
Ed Davis,CLE,33.0,205.74,98.883056,North Carolina,USA,2010,1,13,31,0.9,2.1,0.2,4.6,0.072,0.23,0.062,0.632,0.053,2021-22,2021,Big (proxy),2.1,5.0,0.9,0.487,0.078,-7.6,-1.2000000000000002,0.145,,,,,0
Ed Gray,ATL,23.0,190.5,95.25432,California,USA,1997,1,22,30,4.9,0.9,0.4,-12.5,0.022,0.079,0.304,0.368,0.083,1998-99,1998,Guard (proxy),7.6,1.5,1.1,0.492,0.248,-8.3,-2.6999999999999997,-0.124,,,,,0
Ed O'Bannon,DAL,24.0,203.2,100.697424,UCLA,USA,1995,1,9,64,3.7,2.3,0.6,-8.7,0.06,0.149,0.1669999999999999,0.3989999999999999,0.077,1996-97,1996,Wing (proxy),,,,,,,,,,,,,0
Ed Pinckney,MIA,34.0,205.74,108.86208,Villanova,USA,1985,1,10,27,2.4,2.4,0.2,-11.2,0.109,0.179,0.127,0.611,0.04,1996-97,1996,Big (proxy),,,,,,,,,,,,,0
Eddie Basden,CHI,23.0,195.58,97.52228,North Carolina-Charlotte,USA,Undrafted,Undrafted,Undrafted,19,2.1,1.5,0.4,10.2,0.0579999999999999,0.1689999999999999,0.162,0.471,0.094,2005-06,2005,Wing (proxy),,,,,,,,,,,,,0
Eddie Gill,SEA,29.0,182.88,83.007336,Weber State,USA,Undrafted,Undrafted,Undrafted,14,2.7,1.6,1.6,-10.4,0.0069999999999999,0.16,0.14,0.5429999999999999,0.297,2007-08,2007,Guard (proxy),1.1,0.4,0.3,0.408,0.2319999999999999,6.6,1.6,0.1349999999999999,,,,,0
Eddie Griffin,MIN,25.0,205.74,100.697424,Seton Hall,USA,2001,1,7,13,1.4,1.9,0.3,-42.8,0.08,0.228,0.168,0.308,0.083,2006-07,2006,Big (proxy),4.6,5.6,0.6,0.397,0.157,-5.7,-3.2,-0.089,,,,,0
Eddie House,MIA,33.0,185.42,86.18248,Arizona State,USA,2000,2,37,56,6.5,1.6,1.1,5.3,0.011,0.096,0.177,0.535,0.104,2010-11,2010,Guard (proxy),7.0,1.6,1.3,0.495,0.1989999999999999,0.1,-0.5,0.04,,,,,0
Eddie Johnson,HOU,39.0,200.66,97.52228,Illinois,USA,1981,2,29,75,8.4,2.0,1.2,-3.9,0.0409999999999999,0.084,0.2019999999999999,0.524,0.103,1997-98,1997,Wing (proxy),8.2,2.7,1.0,0.541,0.22,4.1,0.200000000000001,-0.017,,,,,0
Eddie Jones,DAL,36.0,198.12,90.7184,Temple,USA,1994,1,10,47,3.7,2.8,1.5,7.4,0.023,0.145,0.11,0.473,0.105,2007-08,2007,Wing (proxy),7.7,3.0,1.7,0.542,0.149,-1.1,-4.0,-0.069,,,,,0
Eddie Robinson,CHI,28.0,205.74,95.25432,Central Oklahoma,USA,Undrafted,Undrafted,Undrafted,51,6.7,2.0,1.1,-3.2,0.0289999999999999,0.085,0.171,0.497,0.0969999999999999,2003-04,2003,Big (proxy),5.7,3.1,1.0,0.531,0.128,-4.1,1.0,-0.034,,,,,0
Eddy Curry,MIA,29.0,213.36,133.80964,,USA,2001,1,4,14,2.1,0.9,0.1,-38.0,0.063,0.138,0.221,0.508,0.026,2011-12,2011,Big (proxy),13.2,4.7,0.5,0.578,0.241,-15.0,-11.1,-0.0699999999999999,,,,,0
Edmond Sumner,BKN,27.0,193.04,88.904032,Xavier,USA,2017,2,52,53,7.1,1.5,1.3,1.7,0.019,0.086,0.209,0.597,0.13,2022-23,2022,Guard (proxy),7.5,1.8,0.9,0.626,0.176,-0.4,-0.4000000000000003,-0.029,,,,,0
Eduardo Najera,CHA,35.0,203.2,106.59412,Oklahoma,Mexico,2000,2,38,22,2.6,2.3,0.5,-11.7,0.049,0.184,0.125,0.441,0.072,2011-12,2011,Wing (proxy),2.2,1.4,0.6,0.449,0.114,1.8,0.3999999999999999,-0.008,,,,,0
Edy Tavares,ATL,24.0,220.98,117.93392,,Cabo Verde,2014,2,43,11,2.3,1.9,0.3,-3.1,0.132,0.222,0.168,0.555,0.055,2015-16,2015,Big (proxy),,,,,,,,,,,,,0
Efthimios Rentzias,PHI,27.0,210.82,113.398,,Greece,1996,1,23,35,1.5,0.7,0.2,-12.0,0.074,0.152,0.2,0.413,0.086,2002-03,2002,Big (proxy),,,,,,,,,,,,,0
Ekpe Udoh,UTA,32.0,208.28,111.13004,Baylor,USA,2010,1,6,51,2.3,1.8,0.5,-7.7,0.09,0.1889999999999999,0.128,0.698,0.131,2018-19,2018,Big (proxy),2.6,2.4,0.8,0.56,0.089,3.3,-0.3000000000000002,0.1379999999999999,,,,,0
Elden Campbell,DET,36.0,213.36,126.552168,Clemson,USA,1990,1,27,40,3.0,2.3,0.5,-0.6,0.092,0.2,0.218,0.408,0.089,2004-05,2004,Big (proxy),5.6,3.2,0.7,0.49,0.228,5.1,-2.6,-0.082,,,,,0
Eldridge Recasner,CHH,33.0,193.04,87.089664,Washington,USA,1992,Undrafted,Undrafted,43,2.4,1.2,0.9,-1.5,0.04,0.099,0.174,0.422,0.172,2000-01,2000,Guard (proxy),5.0,1.8,2.1,0.552,0.172,-3.8,-2.6,-0.13,,,,,0
Elfrid Payton,PHX,28.0,190.5,88.45044,Louisana-Lafayette,USA,2014,1,10,50,3.0,1.8,2.0,-2.0,0.035,0.115,0.175,0.397,0.252,2021-22,2021,Guard (proxy),10.1,3.4,3.2,0.478,0.2239999999999999,-3.0,-7.1,-0.0809999999999999,,,,,0
Elie Okobo,PHX,22.0,190.5,86.18248,,France,2018,2,31,55,4.0,1.6,2.1,-3.2,0.022,0.102,0.147,0.516,0.2269999999999999,2019-20,2019,Guard (proxy),5.7,1.8,2.4,0.489,0.168,-9.9,-1.7000000000000002,0.027,,,,,0
Elijah Hughes,POR,24.0,195.58,97.52228,Syracuse,USA,2020,2,39,36,3.5,1.6,0.6,-23.7,0.013,0.118,0.158,0.426,0.079,2021-22,2021,Wing (proxy),1.7,0.5,0.3,0.488,0.242,-28.8,1.8,-0.062,,,,,0
Elijah Millsap,UTA,28.0,198.12,102.0582,Alabama-Birmingham,USA,Undrafted,Undrafted,Undrafted,20,1.8,1.8,1.0,6.6,0.038,0.179,0.146,0.384,0.1639999999999999,2015-16,2015,Wing (proxy),5.3,3.2,1.2,0.45,0.17,5.6,-3.5,-0.066,,,,,0
Elliot Perry,PHX,32.0,182.88,68.945984,Memphis,USA,1991,2,37,49,3.0,0.9,1.6,3.3,0.02,0.083,0.166,0.491,0.248,2000-01,2000,Guard (proxy),5.3,1.0,2.3,0.493,0.2189999999999999,-2.5,-2.3,-0.002,,,,,0
Elliot Williams,PHI,26.0,196.0,86.0,Memphis,USA,2010,1,22,13,2.8,0.6,0.9,1.6,0.0,0.075,0.1639999999999999,0.477,0.15,2014-15,2014,Wing (proxy),6.0,1.9,1.1,0.519,0.168,-14.9,-3.2,-0.042,,,,,0
Elton Brand,PHI,37.0,205.74,115.212368,Duke,USA,1999,1,1,17,4.1,3.7,1.1,-5.6,0.036,0.245,0.174,0.461,0.142,2015-16,2015,Big (proxy),2.7,2.8,0.6,0.457,0.1169999999999999,1.3,1.3999999999999997,0.004,,,,,0
Emanual Davis,ATL,34.0,195.58,88.45044,Delaware State,USA,Undrafted,Undrafted,Undrafted,24,3.7,1.8,1.5,-6.0,0.018,0.123,0.1669999999999999,0.45,0.188,2002-03,2002,Wing (proxy),6.6,2.6,2.4,0.449,0.151,-8.4,-2.8999999999999995,0.001,,,,,0
Emeka Okafor,NOP,35.0,208.28,115.66596,Connecticut,USA,2004,1,2,26,4.4,4.6,0.3,0.3,0.12,0.175,0.133,0.545,0.0279999999999999,2017-18,2017,Big (proxy),9.7,8.8,1.2,0.496,0.1939999999999999,-1.8,-5.299999999999999,0.049,,,,,0
Emmanuel Mudiay,UTA,24.0,190.5,90.7184,,DRC,2015,1,7,54,7.3,2.3,2.1,-2.0,0.021,0.1169999999999999,0.218,0.5429999999999999,0.212,2019-20,2019,Guard (proxy),14.8,3.3,3.9,0.531,0.248,-10.8,-7.500000000000001,0.0119999999999999,,,,,0
Enes Freedom,BOS,30.0,208.28,113.398,,Turkey,2011,1,3,35,3.7,4.6,0.2,7.8,0.143,0.2189999999999999,0.129,0.585,0.027,2021-22,2021,Big (proxy),,,,,,,,,,,,,0
Enes Kanter,POR,29.0,208.28,113.398,,Turkey,2011,1,3,72,11.2,11.0,1.2,4.9,0.148,0.281,0.1689999999999999,0.636,0.069,2020-21,2020,Big (proxy),8.1,7.4,1.0,0.599,0.186,9.9,3.1,0.037,,,,,0
Eric Bledsoe,POR,32.0,185.42,97.068688,Kentucky,USA,2010,1,18,54,9.9,3.4,4.2,-1.2,0.02,0.105,0.198,0.514,0.251,2021-22,2021,Guard (proxy),12.2,3.4,3.8,0.5329999999999999,0.181,-1.8,-2.299999999999999,-0.0189999999999999,,,,,0
Eric Gordon,LAC,34.0,190.5,97.52228,Indiana,USA,2008,1,7,69,12.4,1.9,2.7,-5.8,0.008,0.059,0.171,0.5870000000000001,0.133,2022-23,2022,Guard (proxy),13.4,2.0,2.7,0.614,0.182,-5.1,-1.0,-0.0269999999999999,,,,,0
Eric Leckner,VAN,31.0,210.82,120.20188,Wyoming,USA,1988,1,17,20,1.7,1.8,0.3,-3.9,0.044,0.258,0.175,0.444,0.067,1996-97,1996,Big (proxy),,,,,,,,,,,,,0
Eric Maynor,PHI,27.0,190.5,79.3786,Virginia Commonwealth,USA,2009,1,20,31,2.6,1.3,1.7,-26.5,0.03,0.113,0.184,0.387,0.291,2013-14,2013,Guard (proxy),4.5,0.7,2.8,0.472,0.186,-3.2,-1.9,-0.0849999999999999,,,,,0
Eric Mobley,VAN,27.0,210.82,106.59412,Pittsburgh,USA,1994,1,18,28,2.6,2.1,0.5,-15.4,0.106,0.102,0.158,0.472,0.076,1996-97,1996,Big (proxy),,,,,,,,,,,,,0
Eric Montross,TOR,30.0,213.36,122.46984,North Carolina,USA,1994,1,9,49,2.4,2.9,0.3,-9.1,0.062,0.19,0.121,0.3979999999999999,0.039,2001-02,2001,Big (proxy),2.2,3.2,0.4,0.396,0.128,-11.1,0.1999999999999997,0.0019999999999998,,,,,0
Eric Moreland,DET,26.0,208.28,107.954896,Oregon State,USA,Undrafted,Undrafted,Undrafted,67,2.1,4.1,1.2,1.1,0.096,0.243,0.0969999999999999,0.531,0.141,2017-18,2017,Big (proxy),,,,,,,,,,,,,0
Eric Murdock,LAC,32.0,185.42,86.18248,Providence,USA,1991,1,21,40,5.6,1.9,2.7,-9.9,0.023,0.1,0.19,0.4679999999999999,0.26,1999-00,1999,Guard (proxy),7.9,2.3,4.4,0.474,0.171,-3.3,-2.3000000000000007,-0.006,,,,,0
Eric Paschall,UTA,25.0,198.12,115.66596,Villanova,USA,2019,2,41,58,5.8,1.8,0.6,-2.3,0.042,0.1,0.174,0.612,0.074,2021-22,2021,Wing (proxy),9.5,3.2,1.3,0.561,0.2339999999999999,-6.8,-3.7,0.0509999999999999,,,,,0
Eric Piatkowski,PHX,37.0,200.66,97.52228,Nebraska,USA,1994,1,15,16,2.4,0.8,0.6,-7.3,0.011,0.085,0.173,0.561,0.141,2007-08,2007,Wing (proxy),2.5,0.8,0.4,0.522,0.208,-7.8,-0.1,0.039,,,,,0
Eric Riley,BOS,29.0,213.36,111.13004,Michigan,USA,1993,2,33,35,2.2,2.8,0.4,2.8,0.121,0.201,0.126,0.5770000000000001,0.06,1998-99,1998,Big (proxy),3.6,3.4,0.6,0.461,0.16,-6.3,-1.4,0.116,,,,,0
Eric Snow,CLE,35.0,190.5,92.98636,Michigan State,USA,1995,2,43,22,1.0,0.9,1.9,-10.0,0.0139999999999999,0.059,0.087,0.231,0.213,2007-08,2007,Guard (proxy),4.2,2.3,4.0,0.4579999999999999,0.115,1.2,-3.2,-0.2269999999999999,,,,,0
Eric Washington,DEN,25.0,193.04,86.18248,Alabama,USA,1997,2,46,38,5.4,2.3,0.8,-6.3,0.05,0.083,0.139,0.517,0.069,1998-99,1998,Guard (proxy),7.7,1.9,1.2,0.478,0.176,-18.1,-2.3,0.039,,,,,0
Eric Williams,CHA,34.0,203.2,99.79024,Providence,USA,1995,1,14,21,2.6,0.8,0.3,2.1,0.032,0.128,0.238,0.508,0.103,2006-07,2006,Wing (proxy),3.3,1.8,0.5,0.496,0.144,-6.5,-0.6999999999999997,0.012,,,,,0
Erick Barkley,POR,24.0,185.42,80.28578399999998,St. John's (NY),USA,2000,1,28,19,3.1,0.9,1.8,1.2,0.026,0.067,0.175,0.401,0.238,2001-02,2001,Guard (proxy),,,,,,,,,,,,,0
Erick Dampier,ATL,36.0,210.82,120.20188,Mississippi State,USA,1996,1,10,15,0.1,1.7,0.3,2.3,0.152,0.238,0.06,0.125,0.061,2011-12,2011,Big (proxy),2.5,3.5,0.4,0.591,0.081,6.8,-2.4,-0.4659999999999999,,,,,0
Erick Green,DEN,24.0,193.04,83.91452,Virginia Tech,USA,2013,2,46,43,3.4,0.7,0.9,-11.0,0.017,0.068,0.186,0.436,0.165,2014-15,2014,Guard (proxy),,,,,,,,,,,,,0
Erick Strickland,MIL,31.0,190.5,98.883056,Nebraska,USA,Undrafted,Undrafted,Undrafted,62,4.9,1.7,1.9,-2.8,0.013,0.11,0.184,0.4529999999999999,0.193,2004-05,2004,Guard (proxy),5.4,1.7,2.1,0.529,0.215,4.3,-0.5,-0.0760000000000001,,,,,0
Erik Daniels,SAC,23.0,203.2,97.068688,Kentucky,USA,Undrafted,Undrafted,Undrafted,21,0.6,0.9,0.2,-23.2,0.09,0.162,0.141,0.361,0.118,2004-05,2004,Wing (proxy),,,,,,,,,,,,,0
Erik Murphy,CHI,23.0,208.28,104.32616,Florida,USA,2013,2,49,24,0.3,0.3,0.1,-40.0,0.0289999999999999,0.111,0.114,0.231,0.065,2013-14,2013,Big (proxy),,,,,,,,,,,,,0
Ersan Ilyasova,UTA,34.0,205.74,106.59412,,Turkey,2005,2,36,17,3.8,1.7,0.2,6.7,0.047,0.143,0.19,0.578,0.04,2020-21,2020,Big (proxy),6.6,4.8,0.8,0.589,0.158,4.2,-2.8,-0.011,,,,,0
Ervin Johnson,MIL,38.0,210.82,111.13004,New Orleans,USA,1993,1,23,18,0.8,1.3,0.1,-18.1,0.0819999999999999,0.244,0.139,0.419,0.045,2005-06,2005,Big (proxy),1.6,2.5,0.1,0.562,0.098,-8.7,-0.8,-0.143,,,,,0
Esteban Batista,ATL,23.0,208.28,121.562656,,Uruguay,Undrafted,Undrafted,Undrafted,13,1.5,2.3,0.3,-21.2,0.095,0.315,0.129,0.524,0.105,2006-07,2006,Big (proxy),1.8,2.5,0.1,0.489,0.123,-2.8,-0.3,0.035,,,,,0
Etan Thomas,ATL,33.0,208.28,117.93392,Syracuse,USA,2000,1,12,13,2.5,1.8,0.2,-19.4,0.076,0.262,0.177,0.58,0.05,2010-11,2010,Big (proxy),3.3,2.8,0.0,0.483,0.139,-3.9,-0.7999999999999998,0.0969999999999999,,,,,0
Etdrick Bohannon,LAC,27.0,205.74,106.59412,Auburn-Montgomery,USA,Undrafted,Undrafted,Undrafted,13,2.2,2.4,0.4,-9.3,0.1369999999999999,0.2019999999999999,0.131,0.615,0.068,1999-00,1999,Big (proxy),,,,,,,,,,,,,0
Eugene Omoruyi,DET,26.0,198.12,106.59412,Oregon,Nigeria,Undrafted,Undrafted,Undrafted,40,7.0,2.8,0.7,-1.9,0.065,0.11,0.192,0.5329999999999999,0.065,2022-23,2022,Wing (proxy),,,,,,,,,,,,,0
Evan Eschmeyer,DAL,28.0,210.82,115.66596,Northwestern,USA,1999,2,34,17,1.0,1.7,0.4,-6.1,0.073,0.143,0.089,0.409,0.074,2002-03,2002,Big (proxy),2.0,3.2,0.3,0.48,0.12,3.4,-1.0,-0.071,,,,,0
Evan Fournier,NYK,30.0,198.12,92.98636,,France,2012,1,20,27,6.1,1.8,1.3,-4.7,0.008,0.096,0.179,0.471,0.111,2022-23,2022,Wing (proxy),14.1,2.6,2.1,0.5539999999999999,0.201,-2.7,-8.0,-0.0829999999999999,,,,,0
Evan Mobley,CLE,22.0,210.82,97.52228,Southern California,USA,2021,1,3,79,16.2,9.0,2.8,6.5,0.073,0.2,0.1989999999999999,0.591,0.122,2022-23,2022,Big (proxy),15.0,8.3,2.5,0.5489999999999999,0.201,1.7,1.1999999999999993,0.042,,,,,0
Evan Turner,MIN,31.0,198.12,99.79024,Ohio State,USA,2010,1,2,19,3.3,2.0,2.0,-11.4,0.0279999999999999,0.107,0.154,0.424,0.235,2019-20,2019,Wing (proxy),6.8,4.5,3.9,0.504,0.158,1.3,-3.5,-0.08,,,,,0
Fabricio Oberto,WAS,35.0,208.28,111.13004,,Argentina,Undrafted,Undrafted,Undrafted,57,1.5,1.8,0.9,-4.9,0.064,0.127,0.072,0.654,0.1119999999999999,2009-10,2009,Big (proxy),2.6,2.6,1.1,0.595,0.113,-1.1,-1.1,0.059,,,,,0
Facundo Campazzo,DEN,31.0,177.8,88.45044,,Argentina,Undrafted,Undrafted,Undrafted,65,5.1,1.8,3.4,-8.6,0.019,0.08,0.143,0.503,0.276,2021-22,2021,Guard (proxy),6.1,2.1,3.6,0.5579999999999999,0.128,2.8,-1.0,-0.0549999999999999,,,,,0
Felipe Lopez,MIN,27.0,195.58,88.45044,St. John's (NY),Dominican Republic,1998,1,24,67,2.5,1.2,0.6,-2.5,0.0579999999999999,0.1009999999999999,0.172,0.469,0.108,2001-02,2001,Wing (proxy),7.9,3.3,1.5,0.503,0.18,-4.7,-5.4,-0.034,,,,,0
Felton Spencer,NYK,34.0,213.36,131.54168,Louisville,USA,1990,1,6,32,0.9,1.6,0.1,-4.6,0.075,0.151,0.098,0.358,0.019,2001-02,2001,Big (proxy),2.2,1.9,0.1,0.629,0.174,7.3,-1.3000000000000005,-0.271,,,,,0
Festus Ezeli,GSW,26.0,210.82,120.20188,Vanderbilt,Nigeria,2012,1,30,46,7.0,5.6,0.7,14.3,0.141,0.2239999999999999,0.18,0.5589999999999999,0.06,2015-16,2015,Big (proxy),4.4,3.4,0.2,0.58,0.177,5.4,2.6,-0.021,,,,,0
Flip Murray,CHI,30.0,190.5,90.7184,Shaw,USA,2002,2,41,75,9.9,2.4,1.8,0.2,0.02,0.108,0.237,0.485,0.141,2009-10,2009,Guard (proxy),12.2,2.1,2.0,0.5429999999999999,0.242,6.1,-2.299999999999999,-0.0579999999999999,,,,,0
Francisco Elson,UTA,35.0,213.36,108.86208,California,Netherlands,1999,2,41,62,2.2,1.9,0.5,-4.5,0.071,0.179,0.122,0.529,0.09,2010-11,2010,Big (proxy),1.0,1.2,0.2,0.349,0.127,-2.4,1.2000000000000002,0.18,,,,,0
Francisco Garcia,HOU,33.0,200.66,97.52228,Louisville,Dominican Republic,2005,1,23,14,3.2,1.2,1.1,-1.3,0.018,0.078,0.17,0.347,0.128,2014-15,2014,Wing (proxy),5.7,2.2,1.1,0.521,0.134,3.3,-2.5,-0.174,,,,,0
Frank Brickowski,BOS,37.0,205.74,108.86208,Penn State,USA,1981,3,57,17,4.8,2.0,0.9,-22.4,0.026,0.133,0.173,0.512,0.1159999999999999,1996-97,1996,Big (proxy),,,,,,,,,,,,,0
Frank Jackson,DET,24.0,190.5,92.98636,Duke,USA,2017,2,31,53,10.6,1.6,1.0,-6.8,0.015,0.0579999999999999,0.203,0.53,0.077,2021-22,2021,Guard (proxy),9.8,2.2,0.9,0.598,0.207,-1.0,0.7999999999999989,-0.0679999999999999,,,,,0
Frank Kaminsky,HOU,30.0,213.36,108.86208,Wisconsin,USA,2015,1,9,36,2.5,1.4,0.9,-1.9,0.0289999999999999,0.207,0.146,0.635,0.1939999999999999,2022-23,2022,Big (proxy),6.6,4.0,1.7,0.547,0.185,4.6,-4.1,0.0879999999999999,,,,,0
Frank Mason,SAC,25.0,180.34,86.18248,Kansas,USA,2017,2,34,38,5.1,1.1,2.2,-14.5,0.013,0.083,0.213,0.502,0.28,2018-19,2018,Guard (proxy),7.9,2.5,2.8,0.48,0.226,-1.7,-2.8000000000000007,0.022,,,,,0
Frank Ntilikina,DAL,24.0,193.04,90.7184,,France,2017,1,8,47,2.9,1.3,1.2,5.1,0.011,0.086,0.125,0.461,0.127,2022-23,2022,Guard (proxy),4.1,1.4,1.2,0.513,0.165,4.3,-1.1999999999999995,-0.0519999999999999,,,,,0
Frank Williams,NYK,24.0,190.5,96.161504,Illinois,USA,2002,1,25,56,3.9,0.9,2.2,4.6,0.0139999999999999,0.07,0.198,0.478,0.2769999999999999,2003-04,2003,Guard (proxy),1.3,0.9,1.6,0.3929999999999999,0.146,-29.2,2.6,0.085,,,,,0
Franz Wagner,ORL,21.0,208.28,99.79024,Michigan,Germany,2021,1,8,80,18.6,4.1,3.5,1.2,0.027,0.098,0.23,0.589,0.1669999999999999,2022-23,2022,Big (proxy),15.2,4.5,2.9,0.5589999999999999,0.208,-4.9,3.400000000000002,0.03,,,,,0
Fred Hoiberg,MIN,32.0,195.58,95.25432,Iowa State,USA,1995,2,52,76,5.8,2.4,1.1,7.3,0.032,0.129,0.131,0.664,0.102,2004-05,2004,Wing (proxy),6.7,3.4,1.4,0.611,0.126,4.5,-0.9000000000000004,0.053,,,,,0
Fred Jones,LAC,30.0,187.96,102.0582,Oregon,USA,2002,1,14,52,7.3,2.4,3.6,-8.6,0.017,0.0819999999999999,0.129,0.536,0.1889999999999999,2008-09,2008,Guard (proxy),7.6,2.4,2.4,0.546,0.144,-8.7,-0.2999999999999998,-0.01,,,,,0
Fred Roberts,DAL,36.0,208.28,98.883056,Brigham Young,USA,1982,2,27,12,1.8,0.8,0.0,-13.1,0.053,0.178,0.265,0.52,0.0,1996-97,1996,Big (proxy),,,,,,,,,,,,,0
Fred VanVleet,TOR,29.0,182.88,89.357624,Wichita State,USA,Undrafted,Undrafted,Undrafted,69,19.3,4.1,7.2,3.3,0.011,0.11,0.225,0.54,0.276,2022-23,2022,Guard (proxy),20.3,4.4,6.7,0.552,0.233,3.7,-1.0,-0.012,,,,,0
Freddie Gillespie,TOR,24.0,205.74,111.13004,Baylor,USA,Undrafted,Undrafted,Undrafted,20,5.6,4.9,0.5,-9.6,0.1,0.142,0.12,0.563,0.034,2020-21,2020,Big (proxy),,,,,,,,,,,,,0
Furkan Aldemir,PHI,23.0,208.28,108.86208,,Turkey,2012,2,53,41,2.3,4.3,0.7,-10.4,0.143,0.21,0.084,0.517,0.079,2014-15,2014,Big (proxy),,,,,,,,,,,,,0
Furkan Korkmaz,PHI,25.0,200.66,91.625584,,Turkey,2016,1,26,37,3.8,1.1,0.6,1.4,0.017,0.099,0.176,0.552,0.091,2022-23,2022,Wing (proxy),7.6,2.6,1.9,0.502,0.17,0.8,-3.8,0.05,,,,,0
Gabe Pruitt,BOS,23.0,193.04,77.11064,Southern California,USA,2007,2,32,47,2.0,0.9,0.8,0.8,0.0279999999999999,0.108,0.163,0.422,0.181,2008-09,2008,Guard (proxy),2.1,0.5,0.9,0.401,0.212,-4.5,-0.1,0.0209999999999999,,,,,0
Gabe Vincent,MIA,27.0,187.96,90.7184,California-Santa Barbara,USA,Undrafted,Undrafted,Undrafted,68,9.4,2.1,2.5,-0.7,0.016,0.071,0.17,0.5329999999999999,0.139,2022-23,2022,Guard (proxy),8.7,1.9,3.1,0.551,0.174,3.1,0.7000000000000011,-0.0180000000000001,,,,,0
Gabriel Deck,OKC,26.0,198.12,104.779752,,Argentina,Undrafted,Undrafted,Undrafted,10,8.4,4.0,2.4,-12.7,0.067,0.118,0.159,0.5479999999999999,0.16,2020-21,2020,Wing (proxy),,,,,,,,,,,,,0
Gal Mekel,DAL,26.0,190.5,86.636072,Wichita State,Israel,Undrafted,Undrafted,Undrafted,31,2.4,0.9,2.0,-1.9,0.019,0.094,0.182,0.4,0.299,2013-14,2013,Guard (proxy),,,,,,,,,,,,,0
Garret Siler,PHX,24.0,210.82,138.34556,Augusta State,USA,Undrafted,Undrafted,Undrafted,21,2.1,1.3,0.1,-6.1,0.1669999999999999,0.15,0.204,0.5529999999999999,0.0409999999999999,2010-11,2010,Big (proxy),,,,,,,,,,,,,0
Garrett Temple,NOP,37.0,198.12,88.45044,Louisiana State,USA,Undrafted,Undrafted,Undrafted,25,2.0,0.7,0.5,-5.3,0.027,0.069,0.123,0.535,0.1169999999999999,2022-23,2022,Wing (proxy),5.2,2.4,1.3,0.494,0.136,-13.7,-3.2,0.041,,,,,0
Garrison Mathews,ATL,26.0,198.12,97.52228,Lipscomb,USA,Undrafted,Undrafted,Undrafted,54,4.8,1.4,0.5,-6.4,0.0139999999999999,0.0819999999999999,0.139,0.573,0.057,2022-23,2022,Wing (proxy),10.0,2.9,1.0,0.602,0.1369999999999999,-5.9,-5.2,-0.029,,,,,0
Gary Clark,NOP,27.0,198.12,102.0582,Cincinnati,USA,Undrafted,Undrafted,Undrafted,38,2.7,2.4,0.5,-2.1,0.057,0.174,0.11,0.547,0.067,2021-22,2021,Wing (proxy),3.1,2.9,0.8,0.436,0.0969999999999999,-7.7,-0.3999999999999999,0.111,,,,,0
Gary Forbes,TOR,27.0,200.66,99.79024,Massachusetts,Panama,Undrafted,Undrafted,Undrafted,48,6.6,2.1,1.1,-3.7,0.044,0.121,0.236,0.513,0.144,2011-12,2011,Wing (proxy),5.2,1.8,0.8,0.524,0.193,-2.1,1.3999999999999997,-0.011,,,,,0
Gary Grant,POR,33.0,190.5,83.91452,Michigan,USA,1988,1,15,22,4.8,2.2,3.8,0.0,0.024,0.127,0.154,0.529,0.389,1997-98,1997,Guard (proxy),3.9,1.4,1.6,0.46,0.1939999999999999,3.2,0.8999999999999999,0.069,,,,,0
Gary Harris,ORL,28.0,193.04,95.25432,Michigan State,USA,2014,1,19,48,8.3,2.0,1.2,-2.8,0.018,0.069,0.125,0.62,0.067,2022-23,2022,Guard (proxy),11.1,2.0,1.8,0.5710000000000001,0.16,-5.9,-2.799999999999999,0.0489999999999999,,,,,0
Gary Neal,WAS,31.0,193.04,95.25432,Towson,USA,Undrafted,Undrafted,Undrafted,40,9.8,2.1,1.2,-9.0,0.015,0.108,0.211,0.5579999999999999,0.099,2015-16,2015,Guard (proxy),10.1,2.4,1.9,0.483,0.24,-4.2,-0.2999999999999989,0.0749999999999999,,,,,0
Gary Payton,MIA,38.0,193.04,86.18248,Oregon State,USA,1990,1,2,68,5.3,1.9,3.0,-4.7,0.0139999999999999,0.088,0.147,0.4579999999999999,0.217,2006-07,2006,Guard (proxy),7.7,2.9,3.2,0.52,0.141,3.4,-2.4000000000000004,-0.0620000000000001,,,,,0
Gary Payton II,GSW,30.0,187.96,88.45044,Oregon State,USA,Undrafted,Undrafted,Undrafted,22,4.6,3.1,1.4,5.4,0.069,0.121,0.1009999999999999,0.701,0.106,2022-23,2022,Guard (proxy),7.1,3.5,0.9,0.679,0.14,8.3,-2.5,0.0219999999999999,,,,,0
Gary Trent,MIN,29.0,203.2,113.398,Ohio,USA,1995,1,11,68,5.6,3.2,0.7,-4.4,0.098,0.146,0.1939999999999999,0.515,0.081,2003-04,2003,Wing (proxy),6.0,3.6,1.0,0.5489999999999999,0.185,-2.7,-0.4000000000000003,-0.0339999999999999,,,,,0
Gary Trent Jr.,TOR,24.0,195.58,94.800728,Duke,USA,2018,2,37,66,17.4,2.6,1.6,-2.1,0.013,0.073,0.209,0.56,0.075,2022-23,2022,Wing (proxy),18.3,2.7,2.0,0.546,0.212,3.3,-0.9000000000000021,0.014,,,,,0
George Hill,IND,37.0,193.04,85.275296,Indiana-Purdue Indianapolis,USA,2008,1,26,46,5.0,1.8,2.4,1.9,0.017,0.077,0.11,0.61,0.178,2022-23,2022,Guard (proxy),6.2,2.9,2.2,0.552,0.115,11.7,-1.2000000000000002,0.0579999999999999,,,,,0
George Lynch,NOH,34.0,203.2,106.59412,North Carolina,USA,1993,1,12,44,3.7,4.0,2.0,-6.6,0.068,0.162,0.131,0.412,0.16,2004-05,2004,Wing (proxy),4.8,4.0,1.5,0.472,0.126,-2.9,-1.0999999999999996,-0.06,,,,,0
George McCloud,DEN,35.0,203.2,102.0582,Florida State,USA,1989,1,7,69,8.8,3.6,3.0,-10.4,0.04,0.123,0.192,0.466,0.187,2001-02,2001,Wing (proxy),9.6,2.9,3.7,0.496,0.19,-5.1,-0.7999999999999989,-0.0299999999999999,,,,,0
George Zidek,SEA,24.0,213.36,113.398,UCLA,USA,1995,1,22,12,2.4,1.4,0.2,-12.3,0.069,0.186,0.266,0.402,0.061,1997-98,1997,Big (proxy),2.8,1.7,0.3,0.5,0.195,-14.1,-0.3999999999999999,-0.0979999999999999,,,,,0
Georges Niang,PHI,30.0,200.66,104.32616,Iowa State,USA,2016,2,50,78,8.2,2.4,1.0,1.3,0.013,0.109,0.162,0.61,0.074,2022-23,2022,Wing (proxy),9.2,2.7,1.3,0.594,0.16,1.9,-1.0,0.016,,,,,0
Georgios Kalaitzakis,OKC,23.0,200.66,87.089664,,Greece,2021,2,60,13,6.6,1.6,0.9,-29.3,0.026,0.074,0.2,0.536,0.09,2021-22,2021,Wing (proxy),,,,,,,,,,,,,0
Georgios Papagiannis,POR,20.0,215.9,108.86208,,Greece,2016,1,13,17,2.1,2.2,0.5,-3.7,0.1,0.216,0.17,0.429,0.0969999999999999,2017-18,2017,Big (proxy),5.6,3.9,0.9,0.573,0.1689999999999999,-6.2,-3.5,-0.1439999999999999,,,,,0
Gerald Brown,PHX,23.0,193.04,95.25432,Pepperdine,USA,Undrafted,Undrafted,Undrafted,33,2.4,0.7,0.9,-12.1,0.022,0.078,0.226,0.42,0.23,1998-99,1998,Guard (proxy),,,,,,,,,,,,,0
Gerald Fitch,MIA,23.0,190.5,85.275296,Kentucky,USA,Undrafted,Undrafted,Undrafted,18,4.7,1.7,1.8,0.3,0.033,0.105,0.216,0.424,0.228,2005-06,2005,Guard (proxy),,,,,,,,,,,,,0
Gerald Green,HOU,33.0,200.66,92.98636,,USA,2005,1,18,73,9.2,2.5,0.5,4.6,0.019,0.1,0.19,0.555,0.0409999999999999,2018-19,2018,Wing (proxy),12.1,3.2,0.6,0.5660000000000001,0.2189999999999999,4.6,-2.9000000000000004,-0.011,,,,,0
Gerald Henderson,PHI,29.0,195.58,97.52228,Duke,USA,2009,1,12,72,9.2,2.6,1.6,-8.4,0.022,0.104,0.179,0.529,0.108,2016-17,2016,Wing (proxy),8.7,2.9,1.0,0.526,0.203,1.6,0.5,0.003,,,,,0
Gerald Madkins,GSW,29.0,193.04,90.7184,UCLA,USA,Undrafted,Undrafted,Undrafted,19,1.9,0.8,2.4,-2.8,0.009,0.063,0.094,0.499,0.313,1997-98,1997,Guard (proxy),,,,,,,,,,,,,0
Gerald Wallace,BOS,32.0,200.66,99.79024,Alabama,USA,2001,1,25,32,1.1,1.8,0.3,4.8,0.069,0.161,0.091,0.431,0.05,2014-15,2014,Wing (proxy),5.1,3.7,2.5,0.5429999999999999,0.1169999999999999,-6.2,-4.0,-0.1119999999999999,,,,,0
Gerald Wilkins,ORL,34.0,198.12,102.0582,Tennessee-Chattanooga,USA,1985,2,47,72,5.3,1.3,1.1,-7.6,0.0139999999999999,0.075,0.206,0.3979999999999999,0.1119999999999999,1997-98,1997,Wing (proxy),10.6,2.2,2.2,0.503,0.203,-5.8,-5.3,-0.1050000000000001,,,,,0
Gerard King,WAS,28.0,205.74,104.32616,Nicholls State,USA,Undrafted,Undrafted,Undrafted,45,4.8,2.9,0.7,-8.9,0.062,0.1639999999999999,0.153,0.552,0.08,2000-01,2000,Big (proxy),5.3,4.0,0.8,0.534,0.146,-1.3,-0.5,0.018,,,,,0
Gheorghe Muresan,NJN,29.0,231.14,137.438376,,USA,1993,2,30,30,3.5,2.3,0.3,4.8,0.103,0.163,0.2019999999999999,0.492,0.0559999999999999,1999-00,1999,Big (proxy),10.6,6.6,0.4,0.618,0.185,6.9,-7.1,-0.126,,,,,0
Giannis Antetokounmpo,MIL,28.0,213.36,110.222856,,Greece,2013,1,15,63,31.1,11.8,5.7,7.2,0.065,0.268,0.373,0.605,0.314,2022-23,2022,Big (proxy),29.9,11.6,5.8,0.633,0.34,8.0,1.2000000000000028,-0.028,,,,,0
Gigi Datome,BOS,27.0,203.2,97.52228,,Italy,Undrafted,Undrafted,Undrafted,21,5.0,1.4,0.4,13.0,0.016,0.138,0.207,0.5870000000000001,0.073,2014-15,2014,Wing (proxy),2.4,1.4,0.3,0.409,0.205,8.6,2.6,0.1780000000000001,,,,,0
Gilbert Arenas,MEM,30.0,193.04,97.52228,Arizona,USA,2001,2,30,17,4.2,1.1,1.1,5.6,0.01,0.088,0.171,0.526,0.1369999999999999,2011-12,2011,Guard (proxy),10.8,2.7,3.9,0.471,0.246,-0.7,-6.6000000000000005,0.055,,,,,0
Glen Davis,LAC,29.0,205.74,131.088088,Louisiana State,USA,2007,2,35,74,4.0,2.3,0.5,-3.6,0.052,0.153,0.173,0.495,0.073,2014-15,2014,Big (proxy),9.4,5.2,1.1,0.491,0.203,-5.9,-5.4,0.004,,,,,0
Glen Rice,WAS,23.0,198.12,93.439952,Georgia Tech,USA,2013,2,35,11,2.9,1.8,0.6,-2.6,0.036,0.17,0.19,0.3989999999999999,0.1009999999999999,2013-14,2013,Wing (proxy),3.7,2.3,1.3,0.395,0.165,0.9,-0.8000000000000003,0.0039999999999998,,,,,0
Glenn Robinson,PHI,31.0,200.66,108.86208,Purdue,USA,1994,1,1,42,16.6,4.5,1.4,-6.2,0.0409999999999999,0.121,0.267,0.518,0.085,2003-04,2003,Wing (proxy),20.8,6.6,3.0,0.519,0.285,-3.8,-4.199999999999999,-0.001,,,,,0
Glenn Robinson III,SAC,27.0,198.12,100.697424,Michigan,USA,2014,2,40,23,5.3,2.0,0.9,-17.3,0.0279999999999999,0.094,0.135,0.5539999999999999,0.075,2020-21,2020,Wing (proxy),11.7,4.4,1.5,0.5770000000000001,0.16,-7.8,-6.4,-0.0230000000000001,,,,,0
God Shammgod,WAS,22.0,182.88,76.657048,Providence,USA,1997,2,45,20,3.1,0.4,1.8,-5.9,0.013,0.036,0.256,0.428,0.419,1997-98,1997,Guard (proxy),,,,,,,,,,,,,0
Goga Bitadze,ORL,23.0,210.82,113.398,,Georgia,2019,1,18,38,4.4,3.6,1.0,3.7,0.123,0.1669999999999999,0.147,0.5820000000000001,0.122,2022-23,2022,Big (proxy),7.0,3.5,1.1,0.595,0.191,-2.4,-2.6,-0.0129999999999999,,,,,0
Goran Dragic,MIL,37.0,193.04,86.18248,,Slovenia,2008,2,45,58,6.3,1.4,2.6,-0.6,0.018,0.075,0.198,0.514,0.237,2022-23,2022,Guard (proxy),7.5,3.1,4.1,0.474,0.166,0.4,-1.2000000000000002,0.04,,,,,0
Gordan Giricek,PHX,31.0,198.12,99.79024,,Croatia,1999,2,40,56,5.8,1.7,1.1,2.5,0.023,0.102,0.192,0.518,0.115,2007-08,2007,Wing (proxy),7.8,2.1,1.0,0.5660000000000001,0.186,5.7,-2.0,-0.048,,,,,0
Gordon Hayward,CHA,33.0,200.66,102.0582,Butler,USA,2010,1,9,50,14.7,4.3,4.1,-3.3,0.02,0.1119999999999999,0.196,0.563,0.187,2022-23,2022,Wing (proxy),15.9,4.6,3.6,0.57,0.2019999999999999,-0.4,-1.200000000000001,-0.007,,,,,0
Gorgui Dieng,SAS,33.0,208.28,112.490816,Louisville,Senegal,2013,1,21,31,3.9,3.5,1.7,-18.6,0.063,0.22,0.177,0.493,0.221,2022-23,2022,Big (proxy),3.5,2.8,0.8,0.624,0.1639999999999999,-9.2,0.3999999999999999,-0.131,,,,,0
Grant Hill,LAC,40.0,203.2,102.0582,Duke,USA,1994,1,3,29,3.2,1.7,0.9,0.6,0.016,0.105,0.142,0.428,0.09,2012-13,2012,Wing (proxy),10.2,3.5,2.2,0.5,0.186,3.3,-6.999999999999999,-0.072,,,,,0
Grant Long,BOS,37.0,205.74,108.86208,Eastern Michigan,USA,1988,2,33,41,1.8,2.0,0.6,-4.2,0.0579999999999999,0.138,0.098,0.449,0.089,2002-03,2002,Big (proxy),6.3,3.5,2.1,0.475,0.133,-10.1,-4.5,-0.0259999999999999,,,,,0
Grant Williams,BOS,24.0,198.12,107.047712,Tennessee,USA,2019,1,22,79,8.1,4.6,1.7,5.9,0.042,0.134,0.128,0.605,0.086,2022-23,2022,Wing (proxy),7.8,3.6,1.0,0.635,0.123,4.5,0.2999999999999998,-0.03,,,,,0
Grayson Allen,MIL,27.0,193.04,89.811216,Duke,USA,2018,1,21,72,10.4,3.3,2.3,4.9,0.03,0.0819999999999999,0.143,0.612,0.107,2022-23,2022,Guard (proxy),11.1,3.4,1.5,0.609,0.148,5.0,-0.6999999999999993,0.003,,,,,0
Greg Anderson,ATL,34.0,208.28,113.398,Houston,USA,1987,1,23,50,1.8,2.4,0.3,-6.9,0.11,0.231,0.126,0.444,0.0559999999999999,1997-98,1997,Big (proxy),3.9,5.5,0.4,0.531,0.106,-14.2,-2.1,-0.087,,,,,0
Greg Anthony,MIL,34.0,185.42,81.64656,Nevada-Las Vegas,USA,1991,1,12,60,7.9,2.2,4.7,-9.1,0.017,0.086,0.185,0.46,0.31,2001-02,2001,Guard (proxy),4.9,1.1,1.4,0.527,0.171,0.0,3.0,-0.067,,,,,0
Greg Brown III,POR,21.0,200.66,93.439952,Texas,USA,2021,2,43,16,1.8,1.2,0.2,-3.4,0.019,0.175,0.17,0.421,0.055,2022-23,2022,Wing (proxy),4.7,2.8,0.7,0.515,0.168,-17.6,-2.9000000000000004,-0.094,,,,,0
Greg Buckner,MEM,32.0,193.04,95.25432,Clemson,USA,1998,2,53,63,2.5,2.1,0.9,-2.5,0.045,0.144,0.111,0.456,0.103,2008-09,2008,Guard (proxy),4.0,2.1,1.3,0.489,0.133,-14.5,-1.5,-0.0329999999999999,,,,,0
Greg Dreiling,DAL,33.0,215.9,120.20188,Kansas,USA,1986,2,26,40,2.0,1.9,0.3,-8.0,0.059,0.192,0.114,0.466,0.048,1996-97,1996,Big (proxy),,,,,,,,,,,,,0
Greg Foster,TOR,34.0,210.82,108.86208,Texas-El Paso,USA,1990,2,35,29,4.2,3.5,0.4,-11.7,0.0579999999999999,0.174,0.144,0.445,0.043,2002-03,2002,Big (proxy),2.0,1.8,0.5,0.449,0.171,-11.2,2.2,-0.004,,,,,0
Greg Graham,SEA,26.0,193.04,82.553744,Indiana,USA,1993,1,17,28,3.3,0.5,0.4,3.6,0.013,0.063,0.245,0.476,0.1,1996-97,1996,Guard (proxy),,,,,,,,,,,,,0
Greg Minor,BOS,27.0,198.12,95.25432,Louisville,USA,1994,1,25,44,4.9,2.7,1.1,6.9,0.044,0.129,0.152,0.475,0.1009999999999999,1998-99,1998,Wing (proxy),5.0,2.2,1.3,0.481,0.153,-0.2,-0.0999999999999996,-0.006,,,,,0
Greg Monroe,MIN,32.0,208.28,113.398,Georgetown,USA,2010,1,7,14,5.4,4.6,1.6,0.9,0.141,0.176,0.1639999999999999,0.5660000000000001,0.162,2021-22,2021,Big (proxy),5.3,4.0,0.6,0.521,0.211,-6.7,0.1000000000000005,0.045,,,,,0
Greg Oden,MIA,26.0,213.36,123.830616,Ohio State,USA,2007,1,1,23,2.9,2.3,0.0,-7.5,0.126,0.177,0.154,0.5670000000000001,0.0069999999999999,2013-14,2013,Big (proxy),11.1,8.5,0.9,0.647,0.209,8.9,-8.2,-0.0799999999999999,,,,,0
Greg Ostertag,UTA,33.0,218.44,127.00576,Kansas,USA,1995,1,28,60,2.4,3.8,1.0,-9.4,0.125,0.211,0.1119999999999999,0.503,0.122,2005-06,2005,Big (proxy),1.6,3.0,0.7,0.432,0.098,4.7,0.7999999999999998,0.071,,,,,0
Greg Smith,MIN,25.0,208.28,113.398,Fresno State,USA,Undrafted,Undrafted,Undrafted,18,2.4,2.3,0.3,-17.8,0.069,0.186,0.108,0.545,0.049,2015-16,2015,Big (proxy),1.9,1.9,0.2,0.605,0.099,-1.3,0.5,-0.0599999999999999,,,,,0
Greg Stiemsma,TOR,29.0,210.82,117.93392,Wisconsin,USA,Undrafted,Undrafted,Undrafted,17,0.8,0.9,0.2,-16.8,0.158,0.12,0.121,0.7170000000000001,0.077,2014-15,2014,Big (proxy),2.9,4.1,0.7,0.584,0.083,-9.5,-2.1,0.1330000000000001,,,,,0
Greivis Vasquez,MIL,29.0,198.12,98.429464,Maryland,Venezuela,2010,1,28,23,5.7,2.0,4.0,-8.9,0.012,0.105,0.1889999999999999,0.435,0.32,2015-16,2015,Wing (proxy),9.5,2.6,3.7,0.514,0.201,2.5,-3.8,-0.079,,,,,0
Guerschon Yabusele,BOS,23.0,203.2,117.93392,,France,2016,1,16,41,2.3,1.3,0.4,-3.6,0.084,0.104,0.168,0.542,0.088,2018-19,2018,Wing (proxy),2.4,1.6,0.5,0.5589999999999999,0.146,-0.8,-0.1,-0.0169999999999999,,,,,0
Gustavo Ayon,ATL,29.0,208.28,113.398,,Mexico,Undrafted,Undrafted,Undrafted,26,4.3,4.8,1.1,-1.6,0.113,0.222,0.149,0.505,0.1009999999999999,2013-14,2013,Big (proxy),3.7,3.6,1.3,0.54,0.146,0.8,0.5999999999999996,-0.035,,,,,0
Ha Ha,POR,20.0,220.98,138.34556,Yonsei (KOR),South Korea,2004,2,46,27,1.6,1.8,0.0,-12.6,0.073,0.205,0.12,0.5720000000000001,0.008,2005-06,2005,Big (proxy),1.4,0.9,0.1,0.467,0.175,-2.7,0.2000000000000001,0.105,,,,,0
Hakeem Olajuwon,TOR,39.0,213.36,115.66596,Houston,Nigeria,1984,1,1,61,7.1,6.0,1.1,0.5,0.079,0.221,0.184,0.478,0.076,2001-02,2001,Big (proxy),11.9,7.4,1.2,0.526,0.216,1.1,-4.800000000000001,-0.048,,,,,0
Hakim Warrick,CHA,30.0,205.74,99.336648,Syracuse,USA,2005,1,19,28,6.9,3.2,0.9,-14.2,0.048,0.159,0.216,0.476,0.091,2012-13,2012,Big (proxy),6.4,2.6,0.9,0.503,0.237,-12.4,0.5,-0.027,,,,,0
Hamady Ndiaye,SAC,27.0,213.36,106.59412,Rutgers,Senegal,2010,2,56,14,0.4,1.3,0.2,-14.9,0.062,0.22,0.076,0.318,0.065,2013-14,2013,Big (proxy),0.9,0.4,0.0,0.6809999999999999,0.076,-22.9,-0.5,-0.3629999999999999,,,,,0
Hamed Haddadi,PHX,28.0,218.44,120.20188,,Iran,Undrafted,Undrafted,Undrafted,30,2.8,3.7,0.4,-2.3,0.143,0.2189999999999999,0.168,0.447,0.0579999999999999,2012-13,2012,Big (proxy),2.0,2.0,0.2,0.589,0.171,6.4,0.7999999999999998,-0.1419999999999999,,,,,0
Hamidou Diallo,DET,24.0,195.58,91.625584,Kentucky,USA,2018,2,45,56,9.3,3.5,1.0,-0.6,0.0559999999999999,0.136,0.21,0.593,0.088,2022-23,2022,Wing (proxy),11.0,4.8,1.3,0.541,0.213,-7.6,-1.6999999999999993,0.0519999999999999,,,,,0
Hanno Mottola,ATL,25.0,210.82,112.037224,Utah,Finland,2000,2,40,82,4.8,3.3,0.6,-5.7,0.069,0.161,0.163,0.474,0.06,2001-02,2001,Big (proxy),4.4,2.4,0.3,0.504,0.175,-12.8,0.3999999999999994,-0.03,,,,,0
Harold Ellis,DEN,27.0,195.58,99.79024,Morehouse,USA,Undrafted,Undrafted,Undrafted,27,6.1,1.9,0.7,-9.4,0.089,0.092,0.204,0.591,0.105,1997-98,1997,Wing (proxy),,,,,,,,,,,,,0
Harold Jamison,LAC,25.0,205.74,122.016248,Clemson,USA,Undrafted,Undrafted,Undrafted,25,2.2,1.6,0.2,-6.0,0.14,0.1,0.131,0.544,0.051,2001-02,2001,Big (proxy),1.5,1.8,0.3,0.322,0.186,-14.6,0.7000000000000002,0.222,,,,,0
Harrison Barnes,SAC,31.0,203.2,102.0582,North Carolina,USA,2012,1,7,82,15.0,4.5,1.6,4.8,0.034,0.107,0.168,0.632,0.063,2022-23,2022,Wing (proxy),16.4,5.6,2.4,0.623,0.184,-6.7,-1.3999999999999986,0.009,,,,,0
Harry Giles III,POR,23.0,210.82,108.86208,Duke,USA,2017,1,20,38,2.8,3.5,0.8,-10.4,0.079,0.254,0.154,0.496,0.125,2020-21,2020,Big (proxy),6.9,4.1,1.3,0.58,0.206,-8.2,-4.1000000000000005,-0.0839999999999999,,,,,0
Harvey Grant,PHI,33.0,205.74,102.0582,Oklahoma,USA,1988,1,12,47,3.1,2.3,0.5,3.5,0.052,0.113,0.1169999999999999,0.4039999999999999,0.048,1998-99,1998,Big (proxy),2.6,2.6,0.6,0.406,0.12,-3.0,0.5,-0.0020000000000001,,,,,0
Hasheem Thabeet,OKC,27.0,220.98,119.294696,Connecticut,Tanzania,2009,1,2,23,1.2,1.7,0.0,4.2,0.0579999999999999,0.1689999999999999,0.095,0.536,0.008,2013-14,2013,Big (proxy),2.4,3.0,0.2,0.619,0.102,12.0,-1.2,-0.0829999999999999,,,,,0
Hassan Adams,TOR,25.0,193.04,99.79024,Arizona,USA,2006,2,54,12,0.9,0.6,0.1,-17.7,0.02,0.146,0.161,0.352,0.03,2008-09,2008,Guard (proxy),2.9,1.3,0.2,0.5770000000000001,0.1639999999999999,2.6,-2.0,-0.2250000000000001,,,,,0
Hassan Whiteside,UTA,33.0,213.36,120.20188,Marshall,USA,2010,2,33,65,8.2,7.6,0.4,10.1,0.142,0.275,0.1639999999999999,0.662,0.031,2021-22,2021,Big (proxy),8.1,6.0,0.6,0.5660000000000001,0.2269999999999999,-8.1,0.0999999999999996,0.0959999999999999,,,,,0
Haywood Highsmith,MIA,26.0,195.58,99.79024,Wheeling Jesuit,USA,2018,Undrafted,Undrafted,54,4.4,3.5,0.8,-5.2,0.055,0.135,0.121,0.517,0.065,2022-23,2022,Wing (proxy),2.3,1.4,0.3,0.446,0.131,-8.5,2.1000000000000005,0.071,,,,,0
Haywoode Workman,TOR,34.0,187.96,81.64656,Oral Roberts,USA,1989,2,49,36,2.4,0.7,1.7,-9.0,0.003,0.086,0.147,0.445,0.272,1999-00,1999,Guard (proxy),6.9,3.5,5.9,0.524,0.147,4.2,-4.5,-0.079,,,,,0
Hedo Turkoglu,LAC,36.0,208.28,99.79024,,Turkey,2000,1,16,62,3.7,1.6,0.6,0.1,0.008,0.152,0.146,0.602,0.08,2014-15,2014,Big (proxy),3.0,2.3,0.9,0.492,0.155,2.2,0.7000000000000002,0.1099999999999999,,,,,0
Henry Ellenson,NYK,22.0,210.82,111.13004,Marquette,USA,2016,1,18,19,6.0,3.5,0.8,-0.7,0.018,0.214,0.186,0.5379999999999999,0.096,2018-19,2018,Big (proxy),4.0,2.1,0.5,0.476,0.233,0.5,2.0,0.0619999999999999,,,,,0
Henry James,CLE,32.0,203.2,99.79024,St. Mary's (TX),USA,Undrafted,Undrafted,Undrafted,28,2.9,0.5,0.2,-0.5,0.013,0.102,0.2239999999999999,0.5820000000000001,0.055,1997-98,1997,Wing (proxy),6.7,1.5,0.4,0.555,0.171,1.2,-3.8,0.027,,,,,0
Henry Sims,BKN,26.0,208.28,112.490816,Georgetown,USA,Undrafted,Undrafted,Undrafted,14,6.5,5.1,0.6,-16.8,0.084,0.23,0.17,0.504,0.054,2015-16,2015,Big (proxy),8.0,4.9,1.1,0.521,0.206,-11.5,-1.5,-0.017,,,,,0
Henry Walker,MIA,27.0,198.12,106.59412,Kansas State,USA,2008,2,47,24,7.3,3.4,1.2,-0.8,0.0139999999999999,0.134,0.145,0.497,0.071,2014-15,2014,Wing (proxy),5.9,2.5,1.2,0.526,0.157,-1.0,1.3999999999999997,-0.029,,,,,0
Herb Williams,NYK,40.0,208.28,109.769264,Ohio State,USA,1981,1,14,27,1.4,1.1,0.1,-8.0,0.042,0.16,0.143,0.3979999999999999,0.0409999999999999,1997-98,1997,Big (proxy),1.9,1.5,0.2,0.408,0.132,-10.8,-0.5,-0.01,,,,,0
Herbert Jones,NOP,24.0,200.66,93.439952,Alabama,USA,2021,2,35,66,9.8,4.1,2.5,3.9,0.051,0.089,0.144,0.5670000000000001,0.108,2022-23,2022,Wing (proxy),9.5,3.8,2.1,0.573,0.136,2.0,0.3000000000000007,-0.0059999999999998,,,,,0
Hersey Hawkins,CHH,34.0,190.5,90.7184,Bradley,USA,1988,1,6,59,3.1,1.4,1.2,-0.3,0.03,0.108,0.128,0.555,0.1939999999999999,2000-01,2000,Guard (proxy),7.9,2.9,2.2,0.562,0.15,-14.3,-4.800000000000001,-0.007,,,,,0
Hilton Armstrong,GSW,29.0,210.82,106.59412,Connecticut,USA,2006,1,12,15,1.7,3.1,0.3,10.5,0.181,0.304,0.14,0.48,0.074,2013-14,2013,Big (proxy),1.7,2.5,0.3,0.508,0.11,-10.0,0.0,-0.028,,,,,0
Hollis Thompson,NOP,26.0,203.2,93.439952,Georgetown,USA,Undrafted,Undrafted,Undrafted,40,5.1,2.8,0.9,-6.0,0.0279999999999999,0.128,0.133,0.482,0.072,2016-17,2016,Wing (proxy),9.8,3.5,1.3,0.525,0.161,-8.4,-4.700000000000001,-0.043,,,,,0
Horace Grant,LAL,38.0,208.28,111.13004,Clemson,USA,1987,1,10,55,4.1,4.2,1.3,1.6,0.078,0.175,0.115,0.45,0.098,2003-04,2003,Big (proxy),8.0,6.3,1.4,0.539,0.126,6.2,-3.9,-0.089,,,,,0
Horace Jenkins,DET,30.0,185.42,81.64656,William Paterson,USA,Undrafted,Undrafted,Undrafted,15,2.8,0.6,0.6,-4.7,0.032,0.062,0.2689999999999999,0.414,0.214,2004-05,2004,Guard (proxy),,,,,,,,,,,,,0
Horacio Llamas,PHX,23.0,210.82,129.27372,Grand Canyon,USA,Undrafted,Undrafted,Undrafted,20,1.7,0.9,0.2,11.5,0.048,0.1369999999999999,0.19,0.539,0.0559999999999999,1996-97,1996,Big (proxy),,,,,,,,,,,,,0
Hot Rod Williams,DAL,36.0,210.82,111.13004,Tulane,USA,1985,2,45,25,1.2,3.3,0.6,-11.8,0.0969999999999999,0.131,0.057,0.3879999999999999,0.057,1998-99,1998,Big (proxy),3.6,4.4,0.7,0.525,0.096,8.7,-2.4000000000000004,-0.1370000000000001,,,,,0
Howard Eisley,DEN,33.0,187.96,83.91452,Boston College,USA,1994,2,30,32,3.2,1.0,2.2,-8.1,0.01,0.092,0.158,0.445,0.294,2005-06,2005,Guard (proxy),5.6,1.2,3.4,0.47,0.18,-8.3,-2.3999999999999995,-0.0249999999999999,,,,,0
Hubert Davis,NJN,34.0,195.58,83.007336,North Carolina,USA,1992,1,20,17,0.2,0.5,0.2,4.6,0.032,0.086,0.0969999999999999,0.168,0.083,2003-04,2003,Wing (proxy),1.8,0.8,0.7,0.484,0.14,-1.3,-1.6,-0.3159999999999999,,,,,0
Ian Clark,NOP,28.0,190.5,79.3786,Belmont,USA,Undrafted,Undrafted,Undrafted,60,6.7,1.5,1.6,-3.4,0.012,0.071,0.185,0.502,0.132,2018-19,2018,Guard (proxy),7.4,1.7,1.5,0.529,0.168,1.0,-0.7000000000000002,-0.027,,,,,0
Ian Mahinmi,WAS,33.0,210.82,118.841104,,France,2005,1,28,38,7.4,5.7,1.3,-4.5,0.089,0.176,0.154,0.545,0.084,2019-20,2019,Big (proxy),4.1,3.8,0.7,0.531,0.128,-3.2,3.3000000000000007,0.014,,,,,0
Ignas Brazdeikis,ORL,23.0,198.12,100.243832,Michigan,Canada,2019,2,47,42,5.0,1.7,0.9,-15.7,0.038,0.09,0.172,0.52,0.11,2021-22,2021,Wing (proxy),7.0,3.5,1.3,0.51,0.171,-4.3,-2.0,0.01,,,,,0
Igor Rakocevic,MIN,25.0,187.96,83.46092800000001,,Serbia and Montenegro,2000,2,51,42,1.9,0.4,0.8,10.2,0.021,0.059,0.182,0.528,0.2019999999999999,2002-03,2002,Guard (proxy),,,,,,,,,,,,,0
Ike Anigbogu,IND,19.0,208.28,118.841104,UCLA,USA,2017,2,47,11,1.2,0.8,0.0,-25.5,0.152,0.138,0.179,0.5579999999999999,0.0,2017-18,2017,Big (proxy),,,,,,,,,,,,,0
Ike Austin,MEM,32.0,208.28,130.63449599999998,Arizona State,USA,1991,2,48,21,3.6,3.4,0.6,-13.4,0.038,0.2239999999999999,0.157,0.405,0.072,2001-02,2001,Big (proxy),4.3,4.3,1.1,0.3929999999999999,0.185,-5.4,-0.6999999999999997,0.0120000000000001,,,,,0
Ike Diogu,LAC,27.0,205.74,113.398,Arizona State,USA,2005,1,9,36,5.8,3.2,0.1,-10.6,0.096,0.188,0.183,0.59,0.008,2010-11,2010,Big (proxy),4.1,1.9,0.1,0.611,0.233,-19.9,1.7000000000000002,-0.021,,,,,0
Iman Shumpert,BKN,30.0,195.58,96.161504,Georgia Tech,USA,2011,1,17,13,4.2,2.6,0.9,-9.0,0.035,0.092,0.134,0.4029999999999999,0.078,2019-20,2019,Wing (proxy),7.5,3.0,1.8,0.499,0.143,-1.4,-3.3,-0.096,,,,,0
Ime Udoka,SAS,33.0,195.58,99.79024,Portland State,USA,Undrafted,Undrafted,Undrafted,20,0.7,1.0,0.7,0.6,0.0409999999999999,0.12,0.109,0.285,0.153,2010-11,2010,Wing (proxy),3.6,2.8,0.8,0.47,0.143,-0.8,-2.9000000000000004,-0.185,,,,,0
Immanuel Quickley,NYK,24.0,187.96,86.18248,Kentucky,USA,2020,1,25,81,14.9,4.2,3.4,6.2,0.024,0.11,0.203,0.578,0.178,2022-23,2022,Guard (proxy),11.3,3.2,3.5,0.5429999999999999,0.217,6.6,3.6,0.035,,,,,0
Ira Bowman,PHI,27.0,195.58,88.45044,Pennsylvania,USA,Undrafted,Undrafted,Undrafted,11,0.5,0.2,0.1,-32.1,0.0,0.095,0.109,0.868,0.125,1999-00,1999,Wing (proxy),,,,,,,,,,,,,0
Ira Newble,LAL,33.0,200.66,99.79024,Miami (OH),USA,Undrafted,Undrafted,Undrafted,49,3.8,2.6,0.4,-11.0,0.07,0.135,0.141,0.507,0.044,2007-08,2007,Wing (proxy),3.1,2.0,0.1,0.556,0.159,3.7,0.6999999999999997,-0.049,,,,,0
Isaac Bonga,TOR,22.0,203.2,81.64656,,Germany,2018,2,39,15,0.8,0.5,0.3,-22.6,0.043,0.038,0.108,0.363,0.089,2021-22,2021,Wing (proxy),2.0,1.7,0.6,0.461,0.1009999999999999,-3.3,-1.2,-0.098,,,,,0
Isaac Okoro,CLE,22.0,195.58,102.0582,Auburn,USA,2020,1,5,76,6.4,2.5,1.1,5.4,0.033,0.085,0.1169999999999999,0.614,0.07,2022-23,2022,Wing (proxy),8.8,3.0,1.8,0.589,0.123,3.1,-2.4000000000000004,0.025,,,,,0
Isaiah Briscoe,ORL,23.0,190.5,97.52228,,USA,Undrafted,Undrafted,Undrafted,39,3.5,1.9,2.2,2.0,0.008,0.111,0.139,0.455,0.226,2018-19,2018,Guard (proxy),,,,,,,,,,,,,0
Isaiah Canaan,MIL,28.0,182.88,90.7184,Murray State,USA,2013,2,34,30,6.0,1.9,2.8,-12.3,0.01,0.086,0.147,0.518,0.1939999999999999,2018-19,2018,Guard (proxy),8.6,2.3,3.8,0.539,0.193,1.2,-2.6,-0.021,,,,,0
Isaiah Hartenstein,NYK,25.0,213.36,113.398,,Germany,2017,2,43,82,5.0,6.5,1.2,4.4,0.122,0.192,0.107,0.5670000000000001,0.083,2022-23,2022,Big (proxy),8.3,4.9,2.4,0.664,0.177,7.0,-3.3000000000000007,-0.0969999999999999,,,,,0
Isaiah Hicks,NYK,23.0,205.74,109.769264,North Carolina,USA,Undrafted,Undrafted,Undrafted,18,4.4,2.3,0.9,-7.7,0.0409999999999999,0.118,0.175,0.501,0.098,2017-18,2017,Big (proxy),,,,,,,,,,,,,0
Isaiah Jackson,IND,21.0,205.74,92.98636,Kentucky,USA,2021,1,22,63,7.2,4.5,0.8,-5.6,0.1,0.159,0.165,0.595,0.071,2022-23,2022,Big (proxy),8.3,4.1,0.3,0.607,0.214,-2.8,-1.1000000000000003,-0.012,,,,,0
Isaiah Joe,OKC,23.0,190.5,74.84268,Arkansas,USA,2020,2,49,73,9.5,2.4,1.2,5.1,0.018,0.108,0.17,0.626,0.087,2022-23,2022,Guard (proxy),3.6,1.0,0.6,0.519,0.144,1.7,5.9,0.1069999999999999,,,,,0
Isaiah Livers,DET,24.0,198.12,105.233344,Michigan,USA,2021,2,42,52,6.7,2.8,0.8,-7.8,0.023,0.096,0.1169999999999999,0.5670000000000001,0.048,2022-23,2022,Wing (proxy),6.4,3.0,1.1,0.629,0.125,-0.8,0.2999999999999998,-0.0619999999999999,,,,,0
Isaiah Mobley,CLE,23.0,203.2,107.954896,Southern California,USA,2022,2,49,12,2.6,1.7,0.3,19.8,0.053,0.174,0.166,0.521,0.054,2022-23,2022,Wing (proxy),,,,,,,,,,,,,0
Isaiah Rider,DEN,31.0,195.58,97.52228,Nevada-Las Vegas,USA,1993,1,5,10,9.3,3.3,1.2,9.0,0.068,0.149,0.27,0.526,0.12,2001-02,2001,Wing (proxy),7.6,2.3,1.7,0.499,0.226,0.0,1.700000000000001,0.027,,,,,0
Isaiah Roby,NYK,25.0,203.2,104.32616,Nebraska,USA,2019,2,45,42,4.1,2.6,0.9,-10.4,0.04,0.188,0.173,0.497,0.114,2022-23,2022,Wing (proxy),10.1,4.8,1.6,0.607,0.185,-8.8,-6.0,-0.1099999999999999,,,,,0
Isaiah Stewart,DET,22.0,203.2,113.398,Washington,USA,2020,1,16,50,11.3,8.1,1.4,-8.0,0.078,0.2019999999999999,0.17,0.56,0.073,2022-23,2022,Wing (proxy),8.3,8.7,1.2,0.55,0.144,-9.5,3.0,0.01,,,,,0
Isaiah Taylor,ATL,23.0,190.5,77.11064,Texas,USA,Undrafted,Undrafted,Undrafted,67,6.6,1.4,3.1,-0.8,0.018,0.0579999999999999,0.195,0.492,0.272,2017-18,2017,Guard (proxy),,,,,,,,,,,,,0
Isaiah Thomas,CHA,33.0,175.26,83.91452,Washington,USA,2011,2,60,22,8.4,1.3,1.5,-1.3,0.012,0.071,0.245,0.516,0.155,2021-22,2021,Guard (proxy),12.2,1.7,3.7,0.531,0.236,-10.4,-3.799999999999999,-0.015,,,,,0
Isaiah Todd,WAS,20.0,205.74,99.336648,,USA,2021,2,31,12,1.7,1.0,0.3,-15.6,0.034,0.123,0.188,0.349,0.095,2021-22,2021,Big (proxy),,,,,,,,,,,,,0
Isaiah Whitehead,BKN,23.0,193.04,96.615096,Seton Hall,USA,2016,2,42,16,6.3,1.6,1.3,-2.3,0.022,0.113,0.2739999999999999,0.53,0.213,2017-18,2017,Guard (proxy),7.4,2.5,2.6,0.487,0.183,-2.9,-1.1000000000000003,0.043,,,,,0
Ish Smith,DEN,34.0,182.88,79.3786,Wake Forest,USA,Undrafted,Undrafted,Undrafted,43,2.5,1.3,2.3,-5.3,0.0139999999999999,0.1159999999999999,0.187,0.407,0.352,2022-23,2022,Guard (proxy),6.3,2.2,3.8,0.465,0.195,-6.7,-3.8,-0.058,,,,,0
Ish Wainright,PHX,28.0,195.58,113.398,Baylor,USA,Undrafted,Undrafted,Undrafted,60,4.2,2.3,0.9,6.1,0.045,0.0969999999999999,0.1169999999999999,0.522,0.075,2022-23,2022,Wing (proxy),2.4,1.2,0.3,0.494,0.134,5.6,1.8000000000000005,0.028,,,,,0
Ivan Johnson,ATL,29.0,203.2,115.66596,Cal State-San Bernardino,USA,Undrafted,Undrafted,Undrafted,69,6.6,3.9,0.7,-0.8,0.084,0.209,0.214,0.546,0.079,2012-13,2012,Wing (proxy),6.4,4.0,0.6,0.5579999999999999,0.195,2.4,0.1999999999999993,-0.0119999999999999,,,,,0
Ivan McFarlin,PHI,25.0,200.66,103.872568,Oklahoma State,USA,Undrafted,Undrafted,Undrafted,11,1.4,1.0,0.1,-19.2,0.179,0.138,0.179,0.466,0.038,2006-07,2006,Wing (proxy),,,,,,,,,,,,,0
Ivan Rabb,MEM,22.0,208.28,99.79024,"University of California, Berkeley",USA,2017,2,35,49,5.8,4.2,1.1,-6.2,0.0969999999999999,0.1969999999999999,0.166,0.586,0.123,2018-19,2018,Big (proxy),5.6,4.4,0.9,0.599,0.1669999999999999,-8.4,0.2000000000000001,-0.013,,,,,0
Ivano Newbill,VAN,27.0,208.28,111.13004,Georgia Tech,USA,1994,Undrafted,Undrafted,28,2.1,2.5,0.3,-9.5,0.102,0.2019999999999999,0.152,0.413,0.06,1997-98,1997,Big (proxy),1.4,2.8,0.3,0.439,0.083,2.5,0.7000000000000002,-0.026,,,,,0
Ivica Zubac,LAC,26.0,213.36,108.86208,,Croatia,2016,2,32,76,10.8,9.9,1.0,-0.6,0.114,0.238,0.149,0.6609999999999999,0.05,2022-23,2022,Big (proxy),10.3,8.5,1.6,0.66,0.168,-3.5,0.5,0.0009999999999998,,,,,0
J.J. Barea,DAL,36.0,177.8,81.64656,Northeastern,Puerto Rico,Undrafted,Undrafted,Undrafted,29,7.7,1.8,3.9,2.9,0.022,0.0969999999999999,0.245,0.512,0.365,2019-20,2019,Guard (proxy),10.9,2.5,5.6,0.495,0.263,3.2,-3.2,0.017,,,,,0
J.R. Bremer,GSW,23.0,187.96,83.91452,St. Bonaventure,USA,Undrafted,Undrafted,Undrafted,36,3.3,1.0,1.4,-9.6,0.022,0.071,0.191,0.354,0.193,2003-04,2003,Guard (proxy),8.3,2.3,2.6,0.515,0.18,-2.1,-5.000000000000001,-0.161,,,,,0
J.R. Giddens,NYK,25.0,195.58,97.52228,New Mexico,USA,2008,1,30,32,2.2,1.6,0.4,-8.8,0.073,0.178,0.162,0.492,0.096,2009-10,2009,Wing (proxy),,,,,,,,,,,,,0
J.R. Henderson,VAN,22.0,203.2,105.68693600000002,UCLA,USA,1998,2,56,30,3.2,1.6,0.7,-6.9,0.069,0.0969999999999999,0.1889999999999999,0.419,0.128,1998-99,1998,Wing (proxy),,,,,,,,,,,,,0
J.R. Reid,MIL,32.0,205.74,112.037224,North Carolina,USA,1989,1,5,34,4.4,3.4,0.5,-3.8,0.057,0.17,0.131,0.495,0.044,1999-00,1999,Big (proxy),9.0,5.2,1.2,0.547,0.18,-0.7,-4.6,-0.052,,,,,0
JD Davison,BOS,20.0,185.42,88.45044,Alabama,USA,2022,2,53,12,1.6,0.8,0.9,-5.8,0.033,0.093,0.157,0.478,0.2339999999999999,2022-23,2022,Guard (proxy),,,,,,,,,,,,,0
JJ Hickson,WAS,27.0,205.74,109.769264,North Carolina State,USA,2008,1,19,35,5.9,3.8,0.7,-7.4,0.095,0.226,0.222,0.514,0.091,2015-16,2015,Big (proxy),7.6,6.2,0.8,0.504,0.2,-7.1,-1.6999999999999993,0.01,,,,,0
JJ Redick,DAL,37.0,190.5,90.7184,Duke,USA,2006,1,11,44,7.4,1.5,1.2,-1.3,0.006,0.0819999999999999,0.184,0.564,0.098,2020-21,2020,Guard (proxy),15.3,2.5,2.0,0.644,0.1969999999999999,-1.0,-7.9,-0.08,,,,,0
JR Smith,CLE,33.0,198.12,102.0582,,USA,2004,1,18,11,6.7,1.6,1.9,-3.4,0.0,0.08,0.176,0.444,0.133,2018-19,2018,Wing (proxy),8.3,2.9,1.8,0.534,0.136,-2.3,-1.6000000000000003,-0.09,,,,,0
JT Thor,CHA,20.0,205.74,92.079176,Auburn,USA,2021,2,37,69,3.8,2.2,0.5,-7.5,0.035,0.115,0.13,0.506,0.054,2022-23,2022,Big (proxy),2.0,1.3,0.6,0.525,0.1159999999999999,0.3,1.7999999999999998,-0.019,,,,,0
Ja Morant,MEM,23.0,187.96,78.92500799999999,Murray State,USA,2019,1,2,61,26.2,5.9,8.1,7.3,0.0289999999999999,0.139,0.3379999999999999,0.557,0.412,2022-23,2022,Guard (proxy),27.4,5.7,6.7,0.575,0.33,4.1,-1.1999999999999993,-0.0179999999999999,,,,,0
JaJuan Johnson,BOS,23.0,208.28,100.243832,Purdue,USA,2011,1,27,36,3.2,1.6,0.2,-4.5,0.078,0.136,0.2239999999999999,0.456,0.04,2011-12,2011,Big (proxy),,,,,,,,,,,,,0
JaKarr Sampson,IND,28.0,200.66,97.068688,St. John's,USA,Undrafted,Undrafted,Undrafted,29,4.6,2.7,0.1,1.1,0.08,0.145,0.177,0.5329999999999999,0.017,2020-21,2020,Wing (proxy),4.6,2.6,0.6,0.615,0.126,1.9,0.0,-0.082,,,,,0
JaMychal Green,GSW,33.0,205.74,102.965384,Alabama,USA,Undrafted,Undrafted,Undrafted,57,6.4,3.6,0.9,-8.2,0.087,0.1639999999999999,0.1689999999999999,0.65,0.094,2022-23,2022,Big (proxy),6.4,4.2,0.9,0.5870000000000001,0.168,-3.5,0.0,0.0629999999999999,,,,,0
JaVale McGee,DAL,35.0,213.36,122.46984,Nevada,USA,2008,1,18,42,4.4,2.5,0.3,-7.3,0.086,0.1989999999999999,0.214,0.65,0.051,2022-23,2022,Big (proxy),9.2,6.7,0.6,0.6509999999999999,0.214,5.8,-4.799999999999999,-0.0009999999999998,,,,,0
Jabari Bird,BOS,23.0,198.12,89.811216,California,USA,2017,2,56,13,3.0,1.5,0.6,6.6,0.055,0.105,0.141,0.615,0.099,2017-18,2017,Wing (proxy),,,,,,,,,,,,,0
Jabari Brown,LAL,22.0,195.58,97.068688,Missouri,USA,Undrafted,Undrafted,Undrafted,19,11.9,1.9,2.1,-13.4,0.006,0.071,0.186,0.547,0.113,2014-15,2014,Wing (proxy),,,,,,,,,,,,,0
Jabari Parker,BOS,27.0,200.66,111.13004,Duke,USA,2014,1,2,12,4.4,2.3,0.5,-0.8,0.042,0.18,0.191,0.632,0.094,2021-22,2021,Wing (proxy),5.5,3.2,0.8,0.593,0.175,-5.5,-1.0999999999999996,0.039,,,,,0
Jabari Smith,NJN,28.0,210.82,113.398,Louisiana State,USA,2000,2,45,45,3.7,2.5,0.8,-10.2,0.054,0.166,0.153,0.482,0.1,2004-05,2004,Big (proxy),2.1,1.0,0.4,0.406,0.2239999999999999,-12.6,1.6,0.0759999999999999,,,,,0
Jabari Smith Jr.,HOU,20.0,210.82,99.79024,Auburn,USA,2022,1,3,79,12.8,7.2,1.3,-11.3,0.047,0.18,0.183,0.514,0.059,2022-23,2022,Big (proxy),,,,,,,,,,,,,0
Jabari Walker,POR,20.0,200.66,90.7184,Colorado,USA,2022,2,57,56,3.9,2.3,0.6,-9.0,0.074,0.135,0.1639999999999999,0.496,0.08,2022-23,2022,Wing (proxy),,,,,,,,,,,,,0
Jack Cooley,UTA,24.0,205.74,111.583632,Notre Dame,USA,Undrafted,Undrafted,Undrafted,16,1.7,1.6,0.1,-2.2,0.115,0.205,0.165,0.432,0.019,2014-15,2014,Big (proxy),,,,,,,,,,,,,0
Jack Haley,NJN,34.0,208.28,108.86208,UCLA,USA,1987,4,79,16,1.4,0.9,0.0,-6.8,0.088,0.25,0.242,0.4039999999999999,0.0,1997-98,1997,Big (proxy),2.0,1.6,0.3,0.441,0.2239999999999999,5.0,-0.6000000000000001,-0.037,,,,,0
Jack White,DEN,25.0,200.66,102.0582,Duke,Australia,Undrafted,Undrafted,Undrafted,17,1.2,1.0,0.2,-14.1,0.086,0.177,0.133,0.517,0.093,2022-23,2022,Wing (proxy),,,,,,,,,,,,,0
Jackie Butler,SAS,22.0,208.28,117.93392,Southern Illinois,USA,Undrafted,Undrafted,Undrafted,11,3.7,2.0,0.5,-15.9,0.071,0.186,0.2339999999999999,0.52,0.088,2006-07,2006,Big (proxy),5.3,3.3,0.5,0.5870000000000001,0.193,6.7,-1.5999999999999996,-0.067,,,,,0
Jackson Vroman,NOK,25.0,208.28,99.79024,Iowa State,USA,2004,2,31,41,1.8,2.1,0.3,2.0,0.099,0.161,0.123,0.428,0.042,2005-06,2005,Big (proxy),4.6,3.8,0.9,0.457,0.188,-7.9,-2.8,-0.029,,,,,0
Jacob Evans,MIN,23.0,193.04,95.25432,Cincinnati,USA,2018,1,28,29,4.4,1.4,1.1,-11.0,0.019,0.077,0.1669999999999999,0.436,0.12,2019-20,2019,Guard (proxy),1.3,0.8,0.8,0.374,0.134,-5.9,3.1000000000000005,0.062,,,,,0
Jacque Vaughn,SAS,34.0,185.42,86.18248,Kansas,USA,1997,1,27,30,2.2,0.7,1.8,-4.8,0.016,0.073,0.1689999999999999,0.392,0.316,2008-09,2008,Guard (proxy),4.1,1.0,2.1,0.481,0.157,1.6,-1.8999999999999997,-0.0889999999999999,,,,,0
Jaden Hardy,DAL,20.0,190.5,89.811216,,USA,2022,2,37,48,8.8,1.9,1.4,-3.1,0.015,0.106,0.248,0.5710000000000001,0.147,2022-23,2022,Guard (proxy),,,,,,,,,,,,,0
Jaden Ivey,DET,21.0,193.04,88.45044,Purdue,USA,2022,1,5,74,16.3,3.9,5.2,-13.0,0.03,0.094,0.251,0.528,0.2689999999999999,2022-23,2022,Guard (proxy),,,,,,,,,,,,,0
Jaden McDaniels,MIN,22.0,205.74,83.91452,Washington,USA,2020,1,28,79,12.1,3.9,1.9,2.0,0.039,0.086,0.156,0.611,0.0819999999999999,2022-23,2022,Big (proxy),9.2,4.2,1.1,0.5529999999999999,0.149,0.6,2.9000000000000004,0.058,,,,,0
Jaden Springer,PHI,20.0,193.04,91.625584,Tennessee,USA,2021,1,28,16,2.6,0.9,0.5,-2.1,0.063,0.091,0.188,0.545,0.129,2022-23,2022,Guard (proxy),,,,,,,,,,,,,0
Jae Crowder,MIL,32.0,198.12,106.59412,Marquette,USA,2012,2,34,18,6.9,3.8,1.5,-0.8,0.046,0.134,0.125,0.624,0.102,2022-23,2022,Wing (proxy),9.4,5.3,1.9,0.541,0.146,10.2,-2.5,0.0829999999999999,,,,,0
Jae'Sean Tate,HOU,27.0,195.58,104.32616,Ohio State,USA,Undrafted,Undrafted,Undrafted,31,9.1,3.8,2.7,-7.3,0.054,0.114,0.178,0.546,0.184,2022-23,2022,Wing (proxy),11.8,5.4,2.8,0.5670000000000001,0.1939999999999999,-8.9,-2.700000000000001,-0.021,,,,,0
Jahidi White,CHA,29.0,205.74,131.54168,Georgetown,USA,1998,2,43,17,2.5,2.0,0.1,0.8,0.095,0.2019999999999999,0.203,0.432,0.011,2004-05,2004,Big (proxy),4.2,4.2,0.1,0.532,0.161,-5.4,-1.7000000000000002,-0.1,,,,,0
Jahlil Okafor,DET,25.0,208.28,122.46984,Duke,USA,2015,1,3,27,5.4,2.4,0.5,-10.2,0.07,0.119,0.17,0.644,0.066,2020-21,2020,Big (proxy),8.1,4.2,1.2,0.642,0.195,-10.1,-2.6999999999999997,0.002,,,,,0
Jahmi'us Ramsey,SAC,21.0,190.5,86.18248,Texas Tech,USA,2020,2,43,19,3.2,0.7,0.4,-6.0,0.027,0.068,0.208,0.4679999999999999,0.075,2021-22,2021,Guard (proxy),3.1,0.8,0.5,0.498,0.183,2.4,0.1,-0.03,,,,,0
Jake LaRavia,MEM,21.0,200.66,106.59412,Wake Forest,USA,2022,1,19,35,3.0,1.8,0.6,-7.6,0.044,0.1,0.1169999999999999,0.531,0.068,2022-23,2022,Wing (proxy),,,,,,,,,,,,,0
Jake Layman,MIN,28.0,203.2,94.800728,Maryland,USA,2016,2,47,34,2.4,1.1,0.3,-3.4,0.025,0.123,0.16,0.5,0.055,2021-22,2021,Wing (proxy),5.1,1.5,0.6,0.5770000000000001,0.147,-5.8,-2.7,-0.077,,,,,0
Jake Tsakalidis,HOU,28.0,218.44,131.54168,,Greece,2000,1,25,36,2.3,2.9,0.1,-1.5,0.122,0.192,0.1369999999999999,0.471,0.022,2006-07,2006,Big (proxy),5.0,4.2,0.3,0.632,0.163,9.7,-2.7,-0.161,,,,,0
Jake Voskuhl,TOR,31.0,210.82,115.66596,Connecticut,USA,2000,2,33,38,0.9,1.6,0.2,3.3,0.108,0.176,0.13,0.342,0.043,2008-09,2008,Big (proxy),2.2,2.2,0.3,0.528,0.14,-9.2,-1.3000000000000005,-0.186,,,,,0
Jakob Poeltl,TOR,27.0,215.9,111.13004,Utah,Austria,2016,1,9,72,12.5,9.1,2.7,-3.1,0.1169999999999999,0.24,0.18,0.635,0.146,2022-23,2022,Big (proxy),13.5,9.3,2.8,0.613,0.182,3.4,-1.0,0.022,,,,,0
Jalen Brunson,NYK,26.0,187.96,86.18248,Villanova,USA,2018,2,33,68,24.0,3.5,6.2,2.1,0.016,0.085,0.266,0.597,0.28,2022-23,2022,Guard (proxy),16.3,3.9,4.8,0.583,0.215,4.4,7.699999999999999,0.014,,,,,0
Jalen Duren,DET,19.0,210.82,113.398,Memphis,USA,2022,1,13,67,9.1,8.9,1.1,-8.3,0.13,0.221,0.139,0.655,0.069,2022-23,2022,Big (proxy),,,,,,,,,,,,,0
Jalen Green,HOU,21.0,193.04,84.368112,,USA,2021,1,2,76,22.1,3.7,3.7,-8.7,0.016,0.093,0.2739999999999999,0.5379999999999999,0.1689999999999999,2022-23,2022,Guard (proxy),17.3,3.4,2.6,0.547,0.2339999999999999,-11.3,4.800000000000001,-0.0090000000000001,,,,,0
Jalen Harris,TOR,22.0,195.58,88.45044,Nevada,USA,2020,2,59,13,7.4,1.4,1.3,0.3,0.017,0.091,0.2189999999999999,0.632,0.153,2020-21,2020,Wing (proxy),,,,,,,,,,,,,0
Jalen Johnson,ATL,21.0,203.2,99.336648,Duke,USA,2021,1,20,70,5.6,4.0,1.2,0.3,0.047,0.214,0.156,0.5539999999999999,0.106,2022-23,2022,Wing (proxy),2.4,1.2,0.1,0.59,0.183,-10.0,3.2,-0.036,,,,,0
Jalen Jones,CLE,26.0,200.66,99.79024,Texas A&M,USA,Undrafted,Undrafted,Undrafted,16,5.1,2.1,0.4,-6.7,0.05,0.113,0.162,0.5479999999999999,0.05,2018-19,2018,Wing (proxy),4.6,2.4,0.3,0.485,0.193,-6.6,0.5,0.0629999999999999,,,,,0
Jalen McDaniels,PHI,25.0,205.74,92.98636,San Diego State,USA,2019,2,52,80,9.4,4.3,1.6,-3.4,0.031,0.145,0.165,0.557,0.094,2022-23,2022,Big (proxy),6.2,3.1,1.1,0.595,0.152,2.6,3.2,-0.0379999999999999,,,,,0
Jalen Rose,PHX,34.0,203.2,97.52228,Michigan,USA,1994,1,13,29,3.7,0.8,0.6,-7.2,0.0139999999999999,0.096,0.187,0.5920000000000001,0.119,2006-07,2006,Wing (proxy),12.3,2.9,2.5,0.5379999999999999,0.218,-7.1,-8.600000000000001,0.0540000000000001,,,,,0
Jalen Smith,IND,23.0,205.74,97.52228,Maryland,USA,2020,1,10,68,9.4,5.8,1.0,-3.8,0.093,0.201,0.201,0.565,0.076,2022-23,2022,Big (proxy),9.2,6.0,0.5,0.595,0.193,2.7,0.200000000000001,-0.03,,,,,0
Jalen Suggs,ORL,22.0,195.58,92.98636,Gonzaga,USA,2021,1,5,53,9.9,3.0,2.9,-1.3,0.044,0.083,0.196,0.528,0.179,2022-23,2022,Wing (proxy),11.8,3.6,4.4,0.455,0.244,-7.1,-1.9000000000000004,0.073,,,,,0
Jalen Williams,OKC,22.0,195.58,95.707912,Santa Clara,USA,2022,1,12,75,14.1,4.5,3.3,-1.0,0.035,0.109,0.18,0.601,0.152,2022-23,2022,Wing (proxy),,,,,,,,,,,,,0
Jamaal Franklin,MEM,22.0,195.58,86.636072,San Diego State,USA,2013,2,41,21,1.9,1.1,0.3,4.8,0.0289999999999999,0.138,0.142,0.489,0.053,2013-14,2013,Wing (proxy),,,,,,,,,,,,,0
Jamaal Magloire,TOR,34.0,210.82,120.20188,Kentucky,Canada,2000,1,19,34,1.2,3.3,0.2,6.5,0.087,0.2769999999999999,0.103,0.36,0.023,2011-12,2011,Big (proxy),1.9,3.4,0.2,0.585,0.105,7.2,-0.7,-0.2249999999999999,,,,,0
Jamaal Tinsley,UTA,35.0,190.5,89.357624,Iowa State,USA,2001,1,27,66,3.5,1.7,4.4,0.1,0.017,0.093,0.135,0.467,0.354,2012-13,2012,Guard (proxy),3.7,1.2,3.3,0.461,0.174,-2.4,-0.2000000000000001,0.006,,,,,0
Jamal Cain,MIA,24.0,198.12,86.636072,Oakland,USA,Undrafted,Undrafted,Undrafted,18,5.4,2.9,0.7,5.5,0.064,0.142,0.139,0.647,0.076,2022-23,2022,Wing (proxy),,,,,,,,,,,,,0
Jamal Crawford,PHX,39.0,195.58,83.91452,Michigan,USA,2000,1,8,64,7.9,1.3,3.6,-15.1,0.006,0.061,0.198,0.522,0.283,2018-19,2018,Wing (proxy),10.3,1.2,2.3,0.519,0.231,-4.5,-2.4000000000000004,0.003,,,,,0
Jamal Mashburn,NOH,31.0,203.2,112.037224,Kentucky,USA,1993,1,4,19,20.8,6.2,2.5,0.9,0.0289999999999999,0.145,0.293,0.457,0.123,2003-04,2003,Wing (proxy),21.6,6.1,5.6,0.507,0.271,2.6,-0.8000000000000007,-0.0499999999999999,,,,,0
Jamal Murray,DEN,26.0,193.04,97.52228,Kentucky,Canada,2016,1,7,65,20.0,4.0,6.2,6.4,0.024,0.099,0.256,0.5710000000000001,0.265,2022-23,2022,Guard (proxy),21.2,4.0,4.8,0.5920000000000001,0.244,8.0,-1.1999999999999993,-0.021,,,,,0
Jamal Sampson,DEN,24.0,210.82,106.59412,California,USA,2002,2,46,22,1.1,2.2,0.2,-2.0,0.136,0.289,0.109,0.595,0.0579999999999999,2006-07,2006,Big (proxy),0.8,1.5,0.4,0.635,0.089,4.9,0.3,-0.04,,,,,0
Jamario Moon,LAC,31.0,203.2,92.98636,Meridian Community College,USA,Undrafted,Undrafted,Undrafted,59,4.3,2.8,0.9,-6.5,0.025,0.154,0.12,0.499,0.074,2010-11,2010,Wing (proxy),4.9,3.1,0.8,0.555,0.129,7.5,-0.6000000000000005,-0.056,,,,,0
Jameer Nelson,DET,36.0,182.88,86.18248,,USA,2004,1,20,50,4.9,2.1,3.6,-5.7,0.013,0.088,0.1369999999999999,0.489,0.255,2017-18,2017,Guard (proxy),9.2,2.6,5.1,0.544,0.157,1.1,-4.299999999999999,-0.055,,,,,0
Jamel Artis,ORL,25.0,200.66,96.615096,Pittsburgh,USA,Undrafted,Undrafted,Undrafted,15,5.1,2.5,1.2,-0.9,0.013,0.119,0.142,0.457,0.098,2017-18,2017,Wing (proxy),,,,,,,,,,,,,0
James Anderson,SAC,27.0,198.12,96.615096,Oklahoma State,USA,2010,1,20,51,3.5,1.7,0.8,-3.2,0.019,0.104,0.1369999999999999,0.469,0.078,2015-16,2015,Wing (proxy),10.1,3.8,1.9,0.53,0.159,-11.2,-6.6,-0.061,,,,,0
James Augustine,ORL,24.0,208.28,106.59412,Illinois,USA,2006,2,41,25,1.6,1.2,0.1,-1.2,0.12,0.111,0.126,0.5329999999999999,0.023,2007-08,2007,Big (proxy),,,,,,,,,,,,,0
James Bouknight,CHA,22.0,193.04,86.18248,Connecticut,USA,2021,1,11,34,5.6,2.1,1.2,-8.3,0.015,0.1159999999999999,0.192,0.4629999999999999,0.1169999999999999,2022-23,2022,Guard (proxy),4.6,1.7,0.8,0.4589999999999999,0.226,-6.2,1.0,0.004,,,,,0
James Collins,LAC,24.0,193.04,88.904032,Florida State,USA,1997,2,36,23,2.6,0.6,0.1,-13.0,0.0579999999999999,0.067,0.251,0.482,0.0559999999999999,1997-98,1997,Guard (proxy),,,,,,,,,,,,,0
James Cotton,SEA,23.0,195.58,99.79024,Long Beach State,USA,1997,2,32,10,2.5,1.0,0.0,-34.0,0.033,0.129,0.214,0.482,0.0,1998-99,1998,Wing (proxy),,,,,,,,,,,,,0
James Ennis III,ORL,30.0,198.12,97.52228,California State-Long Beach,USA,2013,2,50,41,8.4,4.0,1.5,-3.8,0.042,0.123,0.1369999999999999,0.613,0.087,2020-21,2020,Wing (proxy),6.6,3.6,0.9,0.565,0.151,0.1,1.8000000000000007,0.048,,,,,0
James Harden,PHI,33.0,195.58,99.79024,Arizona State,USA,2009,1,3,58,21.0,6.1,10.7,6.1,0.021,0.151,0.247,0.607,0.439,2022-23,2022,Wing (proxy),22.0,7.7,10.3,0.583,0.266,3.5,-1.0,0.024,,,,,0
James Johnson,IND,36.0,200.66,108.86208,Wake Forest,USA,2009,1,16,18,2.8,1.7,0.8,-1.1,0.022,0.173,0.152,0.486,0.135,2022-23,2022,Wing (proxy),5.5,3.5,2.1,0.513,0.136,-1.6,-2.7,-0.027,,,,,0
James Jones,CLE,36.0,203.2,98.883056,Miami (FL),USA,2003,2,49,48,2.8,0.8,0.3,-11.2,0.009,0.102,0.139,0.655,0.062,2016-17,2016,Wing (proxy),3.7,1.0,0.3,0.58,0.163,-4.8,-0.9000000000000004,0.075,,,,,0
James Lang,WAS,23.0,208.28,138.34556,,USA,2003,2,48,11,1.0,1.0,0.2,-0.3,0.104,0.109,0.115,0.491,0.054,2006-07,2006,Big (proxy),,,,,,,,,,,,,0
James Michael McAdoo,GSW,24.0,205.74,108.86208,North Carolina,USA,Undrafted,Undrafted,Undrafted,52,2.8,1.8,0.3,-0.7,0.08,0.129,0.149,0.5429999999999999,0.06,2016-17,2016,Big (proxy),2.9,1.4,0.4,0.5539999999999999,0.201,-15.9,-0.1,-0.011,,,,,0
James Nunnally,HOU,28.0,200.66,94.347136,Cal-Santa Barbara,USA,Undrafted,Undrafted,Undrafted,15,2.4,0.3,0.5,-11.0,0.0,0.053,0.153,0.503,0.0969999999999999,2018-19,2018,Wing (proxy),3.4,1.5,0.6,0.44,0.156,-11.4,-1.0,0.063,,,,,0
James Posey,IND,34.0,203.2,98.429464,Xavier,USA,1999,1,18,49,4.9,3.0,0.7,-3.7,0.013,0.193,0.146,0.485,0.068,2010-11,2010,Wing (proxy),5.2,4.3,1.5,0.525,0.1159999999999999,-2.1,-0.2999999999999998,-0.04,,,,,0
James Robinson,MIN,28.0,187.96,81.64656,Alabama,USA,1993,1,21,31,5.9,2.0,1.8,-9.5,0.037,0.115,0.213,0.451,0.204,1998-99,1998,Guard (proxy),7.7,1.6,1.9,0.494,0.2269999999999999,-11.6,-1.7999999999999998,-0.0429999999999999,,,,,0
James Singleton,WAS,30.0,203.2,104.32616,Murray State,USA,Undrafted,Undrafted,Undrafted,12,8.2,6.8,1.3,7.4,0.118,0.255,0.161,0.6,0.091,2011-12,2011,Wing (proxy),4.5,4.8,0.5,0.452,0.152,-8.5,3.6999999999999993,0.1479999999999999,,,,,0
James Thomas,CHI,25.0,205.74,111.13004,Texas,USA,Undrafted,Undrafted,Undrafted,22,1.3,1.8,0.0,7.4,0.092,0.205,0.095,0.556,0.011,2005-06,2005,Big (proxy),2.4,3.4,0.4,0.574,0.113,-28.8,-1.1,-0.0179999999999999,,,,,0
James Webb III,BKN,24.0,205.74,91.625584,Boise State,USA,Undrafted,Undrafted,Undrafted,10,1.6,2.4,0.4,-13.3,0.059,0.138,0.099,0.3329999999999999,0.044,2017-18,2017,Big (proxy),,,,,,,,,,,,,0
James White,NYK,30.0,200.66,97.52228,Cincinnati,USA,2006,2,31,57,2.2,0.8,0.5,-6.1,0.013,0.123,0.154,0.503,0.107,2012-13,2012,Wing (proxy),,,,,,,,,,,,,0
James Wiseman,DET,22.0,213.36,108.86208,Memphis,USA,2020,1,2,45,10.0,5.9,0.7,-17.2,0.084,0.231,0.212,0.589,0.057,2022-23,2022,Big (proxy),11.5,5.8,0.7,0.552,0.231,-8.8,-1.5,0.0369999999999999,,,,,0
James Young,BOS,21.0,198.12,97.52228,Kentucky,USA,2014,1,17,29,2.3,0.9,0.1,-5.8,0.0279999999999999,0.104,0.132,0.5489999999999999,0.03,2016-17,2016,Wing (proxy),1.0,0.9,0.3,0.384,0.095,-6.1,1.2999999999999998,0.1649999999999999,,,,,0
Jamie Feick,NJN,25.0,203.2,115.66596,Michigan State,USA,1996,2,48,81,5.7,9.3,0.8,-1.1,0.126,0.256,0.107,0.477,0.046,1999-00,1999,Wing (proxy),6.3,10.3,0.9,0.552,0.1009999999999999,-0.5,-0.5999999999999996,-0.075,,,,,0
Jamie Watson,DAL,25.0,200.66,86.18248,South Carolina,USA,1994,2,47,23,3.4,2.0,1.4,-7.8,0.069,0.098,0.149,0.493,0.159,1996-97,1996,Wing (proxy),,,,,,,,,,,,,0
Jamil Wilson,LAC,27.0,200.66,103.872568,Marquette,USA,Undrafted,Undrafted,Undrafted,15,7.0,2.1,0.7,0.8,0.01,0.1,0.145,0.634,0.0559999999999999,2017-18,2017,Wing (proxy),,,,,,,,,,,,,0
Jamison Brewer,NYK,24.0,193.04,88.45044,Auburn,USA,2001,2,40,18,1.7,1.2,0.7,-18.7,0.039,0.1159999999999999,0.143,0.363,0.118,2004-05,2004,Guard (proxy),2.5,0.8,1.3,0.425,0.141,8.7,-0.8,-0.062,,,,,0
Jamorko Pickett,DET,24.0,205.74,93.439952,Georgetown,USA,Undrafted,Undrafted,Undrafted,13,3.8,2.5,0.5,0.3,0.032,0.141,0.133,0.491,0.057,2021-22,2021,Big (proxy),,,,,,,,,,,,,0
Jan Vesely,DEN,24.0,213.36,109.769264,,Czech Republic,2011,1,6,54,3.6,3.5,0.4,-8.8,0.109,0.179,0.132,0.498,0.043,2013-14,2013,Big (proxy),2.5,2.4,0.5,0.48,0.122,-3.1,1.1,0.018,,,,,0
Jannero Pargo,CHA,34.0,185.42,83.91452,Arkansas,USA,Undrafted,Undrafted,Undrafted,29,4.7,0.7,1.8,-11.7,0.004,0.098,0.283,0.5539999999999999,0.433,2013-14,2013,Guard (proxy),6.5,1.1,2.1,0.475,0.24,-8.6,-1.7999999999999998,0.0789999999999999,,,,,0
Jared Butler,UTA,21.0,190.5,87.543256,Baylor,USA,2021,2,40,42,3.8,1.1,1.5,-0.1,0.0139999999999999,0.102,0.221,0.509,0.258,2021-22,2021,Guard (proxy),,,,,,,,,,,,,0
Jared Cunningham,CLE,25.0,193.04,88.45044,Oregon State,USA,2012,1,24,44,2.7,0.9,0.5,-3.3,0.009,0.102,0.1689999999999999,0.4639999999999999,0.074,2015-16,2015,Guard (proxy),1.8,0.5,0.5,0.452,0.24,3.1,0.9000000000000001,0.0119999999999999,,,,,0
Jared Dudley,LAL,35.0,198.12,107.501304,Boston College,USA,2007,1,22,12,0.5,1.8,0.4,-1.7,0.047,0.213,0.0559999999999999,0.3329999999999999,0.081,2020-21,2020,Wing (proxy),1.5,1.2,0.6,0.5579999999999999,0.081,3.3,-1.0,-0.225,,,,,0
Jared Jeffries,POR,31.0,210.82,108.86208,Indiana,USA,2002,1,11,38,1.2,1.6,0.4,2.8,0.09,0.125,0.108,0.3429999999999999,0.0579999999999999,2012-13,2012,Big (proxy),4.4,3.9,0.7,0.484,0.127,2.6,-3.2,-0.141,,,,,0
Jared Reiner,MIL,25.0,210.82,115.66596,Iowa,USA,Undrafted,Undrafted,Undrafted,27,1.2,2.6,0.5,-12.8,0.099,0.248,0.113,0.348,0.076,2006-07,2006,Big (proxy),1.1,2.0,0.1,0.331,0.126,-10.0,0.0999999999999998,0.0169999999999999,,,,,0
Jared Rhoden,DET,23.0,198.12,95.25432,Seton Hall,USA,Undrafted,Undrafted,Undrafted,14,3.2,2.6,0.3,4.3,0.055,0.135,0.106,0.482,0.0279999999999999,2022-23,2022,Wing (proxy),,,,,,,,,,,,,0
Jared Sullinger,TOR,25.0,205.74,117.93392,Ohio State,USA,2012,1,21,11,3.4,2.5,0.3,-15.8,0.079,0.185,0.204,0.366,0.048,2016-17,2016,Big (proxy),10.3,8.3,2.3,0.476,0.218,4.3,-6.9,-0.1099999999999999,,,,,0
Jared Terrell,MIN,24.0,190.5,102.965384,Rhode Island,USA,Undrafted,Undrafted,Undrafted,14,2.2,0.4,0.9,-12.3,0.008,0.044,0.1969999999999999,0.372,0.182,2018-19,2018,Guard (proxy),,,,,,,,,,,,,0
Jarell Eddie,WAS,24.0,200.66,98.883056,Virginia Tech,USA,Undrafted,Undrafted,Undrafted,26,2.4,0.9,0.2,-10.9,0.013,0.15,0.201,0.46,0.0579999999999999,2015-16,2015,Wing (proxy),,,,,,,,,,,,,0
Jarell Martin,ORL,25.0,208.28,108.408488,Louisiana State,USA,2015,1,25,42,2.7,1.7,0.4,4.4,0.031,0.185,0.153,0.528,0.078,2018-19,2018,Big (proxy),7.7,4.4,1.0,0.516,0.168,-7.6,-5.0,0.012,,,,,0
Jaren Jackson,SAS,33.0,193.04,86.18248,Georgetown,USA,Undrafted,Undrafted,Undrafted,16,2.4,0.8,0.4,-4.5,0.011,0.1009999999999999,0.181,0.477,0.095,2000-01,2000,Guard (proxy),6.3,2.2,1.5,0.503,0.155,4.3,-3.9,-0.026,,,,,0
Jaren Jackson Jr.,MEM,23.0,208.28,109.769264,Michigan State,USA,2018,1,4,63,18.6,6.8,1.0,9.8,0.0579999999999999,0.159,0.243,0.613,0.048,2022-23,2022,Big (proxy),16.3,5.8,1.1,0.535,0.248,7.9,2.3000000000000007,0.0779999999999999,,,,,0
Jarnell Stokes,MEM,21.0,205.74,119.294696,Tennessee,USA,2014,2,35,19,3.0,1.8,0.2,5.1,0.133,0.154,0.193,0.578,0.053,2014-15,2014,Big (proxy),,,,,,,,,,,,,0
Jaron Blossomgame,CLE,25.0,203.2,99.79024,Clemson,USA,2017,2,59,27,4.2,3.6,0.5,-6.0,0.055,0.162,0.12,0.51,0.043,2018-19,2018,Wing (proxy),,,,,,,,,,,,,0
Jarred Vanderbilt,LAL,24.0,203.2,97.068688,Kentucky,USA,2018,2,41,78,7.9,7.5,2.4,-1.5,0.09,0.216,0.136,0.604,0.134,2022-23,2022,Wing (proxy),6.9,8.4,1.3,0.612,0.108,5.0,1.0,-0.008,,,,,0
Jarrell Brantley,UTA,25.0,195.58,113.398,College of Charleston,USA,2019,2,50,28,2.3,1.0,0.5,-9.1,0.059,0.125,0.182,0.605,0.17,2020-21,2020,Wing (proxy),,,,,,,,,,,,,0
Jarrett Allen,CLE,25.0,205.74,110.222856,Texas,USA,2017,1,22,68,14.3,9.8,1.7,7.7,0.107,0.21,0.162,0.67,0.073,2022-23,2022,Big (proxy),16.1,10.8,1.6,0.698,0.177,3.3,-1.8000000000000007,-0.0279999999999999,,,,,0
Jarrett Culver,ATL,24.0,198.12,88.45044,Texas Tech,USA,2019,1,6,10,4.4,3.8,0.6,-5.7,0.065,0.2189999999999999,0.1639999999999999,0.452,0.055,2022-23,2022,Wing (proxy),3.5,1.3,0.9,0.433,0.1989999999999999,-2.3,0.9000000000000004,0.019,,,,,0
Jarrett Jack,NYK,34.0,190.5,90.7184,Georgia Tech,USA,2005,1,22,62,7.5,3.1,5.6,-0.7,0.0139999999999999,0.106,0.1639999999999999,0.489,0.302,2017-18,2017,Guard (proxy),12.8,4.3,7.4,0.505,0.213,-5.8,-5.300000000000001,-0.016,,,,,0
Jarron Collins,POR,32.0,210.82,112.944408,Stanford,USA,2001,2,52,28,0.7,0.9,0.1,-0.7,0.084,0.068,0.08,0.374,0.018,2010-11,2010,Big (proxy),1.0,1.8,0.2,0.405,0.087,-0.6,-0.3,-0.031,,,,,0
Jarvis Hayes,NJN,28.0,203.2,103.418976,Georgia,USA,2003,1,10,45,7.8,2.4,0.9,-7.6,0.01,0.115,0.163,0.521,0.064,2009-10,2009,Wing (proxy),8.7,3.6,0.7,0.537,0.1669999999999999,-0.1,-0.8999999999999995,-0.016,,,,,0
Jarvis Varnado,PHI,26.0,205.74,104.32616,Mississippi State,USA,2010,2,41,24,4.1,2.6,0.5,-11.6,0.061,0.147,0.121,0.597,0.059,2013-14,2013,Big (proxy),0.6,0.7,0.2,0.457,0.133,-16.3,3.5,0.1399999999999999,,,,,0
Jason Caffey,MIL,30.0,203.2,116.119552,Alabama,USA,1995,1,20,51,5.8,3.5,0.7,-2.3,0.09,0.134,0.184,0.501,0.069,2002-03,2002,Wing (proxy),4.3,2.2,0.5,0.544,0.179,-2.9,1.5,-0.043,,,,,0
Jason Collier,ATL,27.0,213.36,117.93392,Georgia Tech,USA,2000,1,15,70,5.7,2.6,0.3,-19.6,0.096,0.138,0.223,0.494,0.035,2004-05,2004,Big (proxy),11.3,5.6,0.9,0.5579999999999999,0.192,2.2,-5.6000000000000005,-0.0639999999999999,,,,,0
Jason Collins,BKN,35.0,213.36,115.66596,Stanford,USA,2001,1,18,22,1.1,0.9,0.2,-9.2,0.048,0.086,0.089,0.485,0.034,2013-14,2013,Big (proxy),1.1,1.6,0.2,0.476,0.074,1.0,0.0,0.009,,,,,0
Jason Hart,DEN,31.0,190.5,81.64656,Syracuse,USA,2000,2,49,39,2.0,1.2,1.2,-20.4,0.038,0.115,0.165,0.375,0.268,2008-09,2008,Guard (proxy),2.9,1.0,1.5,0.413,0.1639999999999999,1.0,-0.8999999999999999,-0.0379999999999999,,,,,0
Jason Kapono,LAL,31.0,203.2,97.52228,UCLA,USA,2003,2,31,27,2.0,0.5,0.4,7.6,0.01,0.048,0.114,0.476,0.062,2011-12,2011,Wing (proxy),0.7,0.5,0.2,0.2769999999999999,0.114,7.6,1.3,0.199,,,,,0
Jason Kidd,NYK,40.0,193.04,95.25432,California,USA,1994,1,2,76,6.0,4.3,3.3,5.5,0.027,0.161,0.115,0.532,0.178,2012-13,2012,Guard (proxy),6.2,4.1,5.5,0.524,0.124,2.3,-0.2000000000000001,0.008,,,,,0
Jason Lawson,ORL,23.0,210.82,108.86208,Villanova,USA,1997,2,41,17,1.5,1.6,0.3,7.4,0.104,0.345,0.111,0.67,0.083,1997-98,1997,Big (proxy),,,,,,,,,,,,,0
Jason Maxiell,CHA,32.0,200.66,117.93392,Cincinnati,USA,2005,1,26,61,3.3,3.3,0.3,-8.6,0.1,0.146,0.128,0.455,0.036,2014-15,2014,Wing (proxy),3.2,2.5,0.3,0.4589999999999999,0.122,-10.5,0.0999999999999996,-0.0039999999999998,,,,,0
Jason Preston,LAC,23.0,190.5,82.10015200000001,Ohio,USA,2021,2,33,14,2.9,1.6,1.9,-1.6,0.0139999999999999,0.175,0.166,0.489,0.307,2022-23,2022,Guard (proxy),,,,,,,,,,,,,0
Jason Richardson,PHI,34.0,198.12,102.0582,Michigan State,USA,2001,1,5,19,9.1,3.5,2.0,-8.0,0.03,0.142,0.218,0.4579999999999999,0.171,2014-15,2014,Wing (proxy),10.5,3.8,1.5,0.495,0.187,0.3,-1.4000000000000004,-0.037,,,,,0
Jason Smith,NOP,33.0,213.36,108.86208,Colorado State,USA,2007,1,20,20,3.3,2.6,0.7,-12.1,0.077,0.174,0.1689999999999999,0.492,0.1119999999999999,2018-19,2018,Big (proxy),3.4,1.6,0.4,0.455,0.204,-15.8,-0.1,0.0369999999999999,,,,,0
Jason Terry,MIL,40.0,187.96,83.91452,Arizona,USA,1999,1,10,51,3.3,0.9,1.2,1.5,0.006,0.0559999999999999,0.0969999999999999,0.525,0.098,2017-18,2017,Guard (proxy),4.1,1.4,1.3,0.6,0.098,4.7,-0.7999999999999998,-0.0749999999999999,,,,,0
Jason Thompson,TOR,29.0,210.82,113.398,Rider,USA,2008,1,12,47,3.1,2.9,0.6,1.2,0.075,0.2339999999999999,0.14,0.5579999999999999,0.094,2015-16,2015,Big (proxy),6.1,6.5,1.0,0.5,0.129,-4.8,-3.0,0.0579999999999999,,,,,0
Jason Williams,MEM,35.0,185.42,81.64656,Florida,USA,1998,1,7,27,2.0,1.1,1.9,9.9,0.012,0.108,0.13,0.4029999999999999,0.244,2010-11,2010,Guard (proxy),6.0,1.5,3.6,0.555,0.143,8.2,-4.0,-0.1520000000000001,,,,,0
Javaris Crittenton,WAS,21.0,195.58,90.7184,Georgia Tech,USA,2007,1,19,63,5.0,2.6,2.4,-10.0,0.057,0.1119999999999999,0.158,0.487,0.2019999999999999,2008-09,2008,Wing (proxy),5.6,2.2,1.0,0.499,0.216,-2.5,-0.5999999999999996,-0.012,,,,,0
Javonte Green,CHI,29.0,195.58,92.98636,Radford,USA,Undrafted,Undrafted,Undrafted,32,5.2,2.8,0.7,5.9,0.057,0.119,0.128,0.6459999999999999,0.062,2022-23,2022,Wing (proxy),7.2,4.2,0.9,0.637,0.113,1.6,-2.0,0.0089999999999998,,,,,0
Javonte Smart,MIA,23.0,193.04,92.98636,Louisiana State,USA,Undrafted,Undrafted,Undrafted,17,3.0,1.4,0.9,-10.6,0.022,0.094,0.154,0.407,0.121,2021-22,2021,Guard (proxy),,,,,,,,,,,,,0
Jawad Williams,CLE,28.0,205.74,102.0582,North Carolina,USA,Undrafted,Undrafted,Undrafted,26,4.0,1.8,0.8,-12.5,0.02,0.139,0.17,0.396,0.093,2010-11,2010,Big (proxy),4.1,1.5,0.6,0.496,0.153,-0.9,-0.0999999999999996,-0.0999999999999999,,,,,0
Jawun Evans,LAC,21.0,182.88,86.18248,Oklahoma State,USA,2017,2,39,48,4.8,1.8,2.1,2.1,0.011,0.092,0.17,0.421,0.177,2017-18,2017,Guard (proxy),,,,,,,,,,,,,0
Jaxson Hayes,NOP,23.0,213.36,99.79024,Texas,USA,2019,1,8,47,5.0,2.8,0.7,-5.4,0.0579999999999999,0.153,0.149,0.605,0.088,2022-23,2022,Big (proxy),9.3,4.5,0.6,0.68,0.159,0.5,-4.300000000000001,-0.075,,,,,0
Jay Scrubb,LAC,21.0,195.58,99.79024,,USA,2020,2,55,18,2.7,0.9,0.4,6.9,0.016,0.1,0.188,0.486,0.095,2021-22,2021,Wing (proxy),,,,,,,,,,,,,0
Jay Williams,CHI,21.0,187.96,88.45044,Duke,USA,2002,1,2,75,9.5,2.6,4.7,-9.8,0.016,0.093,0.209,0.472,0.297,2002-03,2002,Guard (proxy),,,,,,,,,,,,,0
Jaylen Adams,ATL,23.0,187.96,86.18248,St. Bonaventure,USA,Undrafted,Undrafted,Undrafted,34,3.2,1.8,1.9,-6.5,0.022,0.109,0.131,0.474,0.201,2018-19,2018,Guard (proxy),,,,,,,,,,,,,0
Jaylen Brown,BOS,26.0,198.12,101.151016,California,USA,2016,1,3,67,26.6,6.9,3.5,5.4,0.032,0.152,0.307,0.581,0.163,2022-23,2022,Wing (proxy),23.6,6.1,3.5,0.574,0.298,9.8,3.0,0.007,,,,,0
Jaylen Hoard,OKC,22.0,203.2,97.975872,Wake Forest,France,Undrafted,Undrafted,Undrafted,19,6.1,3.4,1.3,-9.1,0.061,0.128,0.156,0.547,0.11,2020-21,2020,Wing (proxy),2.9,2.5,0.3,0.504,0.153,3.0,3.2,0.043,,,,,0
Jaylen Nowell,MIN,23.0,193.04,91.171992,Washington,USA,2019,2,43,65,10.8,2.6,2.0,0.0,0.0279999999999999,0.107,0.238,0.527,0.156,2022-23,2022,Guard (proxy),8.5,2.0,2.1,0.581,0.205,2.8,2.3000000000000007,-0.0539999999999999,,,,,0
Jaylin Williams,OKC,21.0,205.74,108.86208,Arkansas,USA,2022,2,34,49,5.9,4.9,1.6,-4.6,0.045,0.23,0.133,0.5589999999999999,0.109,2022-23,2022,Big (proxy),,,,,,,,,,,,,0
Jayson Tatum,BOS,25.0,203.2,95.25432,Duke,USA,2017,1,3,74,30.1,8.8,4.6,8.5,0.0289999999999999,0.2,0.319,0.607,0.205,2022-23,2022,Wing (proxy),26.9,8.0,4.4,0.578,0.313,12.1,3.200000000000003,0.029,,,,,0
Jayson Williams,NJN,31.0,205.74,108.86208,St. John's (NY),USA,1990,1,21,30,8.1,12.0,1.1,-5.7,0.15,0.239,0.13,0.474,0.054,1998-99,1998,Big (proxy),12.9,13.6,1.0,0.541,0.161,3.3,-4.800000000000001,-0.067,,,,,0
Jeff Adrien,HOU,29.0,201.0,111.0,Connecticut,USA,Undrafted,Undrafted,Undrafted,17,3.5,4.5,0.9,-4.8,0.107,0.278,0.1369999999999999,0.494,0.104,2014-15,2014,Wing (proxy),6.8,5.8,0.7,0.5529999999999999,0.168,-3.7,-3.3,-0.0589999999999999,,,,,0
Jeff Ayres,LAC,29.0,205.74,113.398,Arizona State,USA,2009,2,31,17,1.8,1.3,0.3,-18.2,0.042,0.17,0.142,0.585,0.078,2015-16,2015,Big (proxy),2.7,2.3,0.3,0.618,0.161,-7.9,-0.9000000000000001,-0.033,,,,,0
Jeff Dowtin Jr.,TOR,26.0,190.5,80.28578399999998,Rhode Island,USA,Undrafted,Undrafted,Undrafted,25,2.4,0.9,1.2,-0.6,0.022,0.069,0.106,0.5,0.154,2022-23,2022,Guard (proxy),,,,,,,,,,,,,0
Jeff Foster,IND,35.0,210.82,113.398,Texas State,USA,1999,1,21,11,2.3,3.8,0.4,7.1,0.15,0.205,0.093,0.569,0.051,2011-12,2011,Big (proxy),3.3,6.3,0.8,0.497,0.099,3.3,-1.0,0.0719999999999999,,,,,0
Jeff Grayer,SAC,31.0,195.58,95.25432,Iowa State,USA,1988,1,13,25,3.6,1.5,1.0,0.7,0.077,0.067,0.154,0.496,0.124,1996-97,1996,Wing (proxy),,,,,,,,,,,,,0
Jeff Green,DEN,36.0,203.2,106.59412,Georgetown,USA,2007,1,5,56,7.8,2.6,1.2,-8.0,0.035,0.096,0.1669999999999999,0.5760000000000001,0.095,2022-23,2022,Wing (proxy),10.3,3.1,1.3,0.627,0.16,1.8,-2.500000000000001,-0.0509999999999999,,,,,0
Jeff Hornacek,UTA,37.0,193.04,86.18248,Iowa State,USA,1986,2,46,77,12.4,2.4,2.6,7.3,0.0279999999999999,0.074,0.196,0.59,0.151,1999-00,1999,Guard (proxy),12.2,3.3,4.0,0.575,0.196,11.6,0.200000000000001,0.015,,,,,0
Jeff McInnis,CHA,33.0,193.04,86.18248,North Carolina,USA,1996,2,37,54,4.5,1.8,4.1,-7.5,0.0139999999999999,0.069,0.113,0.461,0.239,2007-08,2007,Guard (proxy),4.3,1.6,3.3,0.423,0.156,-7.5,0.2000000000000001,0.038,,,,,0
Jeff Nordgaard,MIL,25.0,200.66,102.0582,Wisconsin-Green Bay,USA,1996,2,53,13,1.4,1.1,0.2,4.4,0.071,0.2269999999999999,0.1989999999999999,0.41,0.086,1997-98,1997,Wing (proxy),,,,,,,,,,,,,0
Jeff Sheppard,ATL,24.0,190.5,86.18248,Kentucky,USA,Undrafted,Undrafted,Undrafted,17,2.4,1.3,0.9,-2.9,0.036,0.098,0.13,0.447,0.157,1998-99,1998,Guard (proxy),,,,,,,,,,,,,0
Jeff Teague,MIL,33.0,190.5,88.45044,Wake Forest,USA,2009,1,19,55,6.7,1.6,2.4,2.8,0.016,0.074,0.174,0.562,0.182,2020-21,2020,Guard (proxy),10.9,2.4,5.2,0.557,0.192,-5.7,-4.2,0.005,,,,,0
Jeff Trepagnier,DEN,24.0,193.04,90.7184,Southern California,USA,2001,2,35,11,2.3,1.4,0.4,-13.9,0.065,0.106,0.215,0.308,0.075,2003-04,2003,Guard (proxy),1.5,1.0,1.0,0.345,0.203,3.6,0.7999999999999998,-0.0369999999999999,,,,,0
Jeff Withey,DAL,28.0,213.36,104.32616,Kansas,USA,2013,2,39,10,1.5,1.0,0.0,25.0,0.023,0.22,0.2,0.444,0.0,2017-18,2017,Big (proxy),2.9,2.4,0.1,0.588,0.145,-0.2,-1.4,-0.1439999999999999,,,,,0
Jeffery Taylor,CHA,26.0,200.66,102.0582,Vanderbilt,Sweden,2012,2,31,29,4.4,1.8,0.8,-13.6,0.034,0.104,0.165,0.481,0.093,2014-15,2014,Wing (proxy),8.0,2.3,0.8,0.436,0.187,-6.9,-3.6,0.0449999999999999,,,,,0
Jelani McCoy,ATL,27.0,208.28,111.13004,UCLA,USA,1998,2,33,10,1.5,2.1,0.0,1.8,0.103,0.165,0.114,0.493,0.0,2004-05,2004,Big (proxy),6.8,5.3,0.6,0.507,0.185,-12.5,-5.3,-0.014,,,,,0
Jerald Honeycutt,PHI,24.0,205.74,115.212368,Tulane,USA,1997,2,38,16,1.9,0.8,0.2,-10.6,0.0289999999999999,0.11,0.2,0.412,0.067,1998-99,1998,Big (proxy),6.4,2.4,0.9,0.497,0.245,2.1,-4.5,-0.085,,,,,0
Jerami Grant,POR,29.0,203.2,95.25432,Syracuse,USA,2014,2,39,63,20.5,4.5,2.4,-1.2,0.025,0.104,0.2269999999999999,0.606,0.103,2022-23,2022,Wing (proxy),19.2,4.1,2.4,0.556,0.253,-7.8,1.3000000000000007,0.0499999999999999,,,,,0
Jeremiah Robinson-Earl,OKC,22.0,203.2,108.86208,Villanova,USA,2021,2,32,43,6.8,4.2,1.0,-0.9,0.0819999999999999,0.129,0.143,0.5479999999999999,0.069,2022-23,2022,Wing (proxy),7.5,5.6,1.0,0.526,0.152,-9.8,-0.7000000000000002,0.0219999999999999,,,,,0
Jeremy Evans,DAL,28.0,205.74,90.7184,Western Kentucky,USA,2010,2,55,30,2.4,1.8,0.1,-4.5,0.047,0.1669999999999999,0.1159999999999999,0.62,0.013,2015-16,2015,Big (proxy),2.4,1.9,0.3,0.636,0.131,6.2,0.0,-0.016,,,,,0
Jeremy Lamb,SAC,30.0,195.58,81.64656,Connecticut,USA,2012,1,12,56,7.3,2.8,1.4,0.6,0.026,0.134,0.1889999999999999,0.521,0.124,2021-22,2021,Wing (proxy),10.1,3.6,1.5,0.5870000000000001,0.18,-0.3,-2.8,-0.066,,,,,0
Jeremy Lin,TOR,30.0,190.5,90.7184,Harvard,USA,Undrafted,Undrafted,Undrafted,74,9.6,2.4,3.1,-5.1,0.0139999999999999,0.102,0.213,0.5579999999999999,0.249,2018-19,2018,Guard (proxy),14.5,3.8,5.1,0.5660000000000001,0.259,-2.9,-4.9,-0.0080000000000001,,,,,0
Jeremy Pargo,PHI,27.0,187.96,99.336648,Gonzaga,USA,Undrafted,Undrafted,Undrafted,39,6.8,1.3,2.4,-10.4,0.013,0.077,0.228,0.478,0.254,2012-13,2012,Guard (proxy),2.9,0.8,1.3,0.389,0.213,-15.7,3.9,0.0889999999999999,,,,,0
Jeremy Richardson,ORL,25.0,200.66,88.45044,Delta State,USA,Undrafted,Undrafted,Undrafted,12,3.1,1.2,0.3,-16.4,0.009,0.146,0.261,0.358,0.067,2008-09,2008,Wing (proxy),1.5,0.3,0.1,0.457,0.174,-22.7,1.6,-0.099,,,,,0
Jeremy Sochan,SAS,20.0,203.2,104.32616,Baylor,Poland,2022,1,9,56,11.0,5.3,2.5,-7.0,0.06,0.14,0.195,0.509,0.132,2022-23,2022,Wing (proxy),,,,,,,,,,,,,0
Jeremy Tyler,NYK,23.0,208.28,113.398,,USA,2011,2,39,41,3.6,2.7,0.2,-4.6,0.11,0.216,0.187,0.532,0.032,2013-14,2013,Big (proxy),1.0,1.0,0.0,0.413,0.216,7.0,2.6,0.119,,,,,0
Jerian Grant,ORL,26.0,193.04,92.98636,Notre Dame,USA,2015,1,19,60,4.2,1.6,2.6,-7.3,0.019,0.083,0.13,0.526,0.242,2018-19,2018,Guard (proxy),8.4,2.3,4.6,0.528,0.172,-7.1,-4.2,-0.002,,,,,0
Jericho Sims,NYK,24.0,208.28,113.398,Texas,USA,2021,2,58,52,3.4,4.7,0.5,-6.7,0.1169999999999999,0.175,0.074,0.78,0.044,2022-23,2022,Big (proxy),2.2,4.1,0.5,0.674,0.068,6.5,1.1999999999999995,0.1059999999999999,,,,,0
Jermaine Jackson,MIL,30.0,195.58,92.532768,Detroit Mercy,USA,Undrafted,Undrafted,Undrafted,30,1.2,0.9,0.8,-24.2,0.049,0.104,0.106,0.544,0.217,2005-06,2005,Wing (proxy),2.0,1.1,1.1,0.542,0.105,-9.1,-0.8,0.002,,,,,0
Jermaine O'Neal,GSW,35.0,210.82,115.66596,,USA,1996,1,17,44,7.9,5.5,0.6,3.5,0.111,0.187,0.184,0.57,0.045,2013-14,2013,Big (proxy),8.3,5.3,0.8,0.5379999999999999,0.221,-6.8,-0.4000000000000003,0.032,,,,,0
Jermaine Taylor,SAC,24.0,193.04,95.25432,Central Florida,USA,2009,2,32,34,6.6,1.8,0.9,-10.1,0.061,0.088,0.226,0.535,0.105,2010-11,2010,Guard (proxy),4.1,1.5,0.5,0.46,0.223,-20.7,2.5,0.075,,,,,0
Jermareo Davidson,GSW,24.0,208.28,104.32616,Alabama,USA,2007,2,36,14,3.0,2.4,0.1,-5.0,0.08,0.226,0.173,0.494,0.016,2008-09,2008,Big (proxy),3.2,1.6,0.3,0.437,0.22,-11.3,-0.2000000000000001,0.0569999999999999,,,,,0
Jerome Allen,DEN,24.0,193.04,83.46092800000001,Pennsylvania,USA,1995,2,49,76,3.0,1.3,2.0,-3.7,0.031,0.088,0.154,0.449,0.264,1996-97,1996,Guard (proxy),,,,,,,,,,,,,0
Jerome James,NYK,31.0,215.9,127.00576,Florida A&M,USA,1998,2,36,41,1.9,1.6,0.1,-13.2,0.08,0.176,0.186,0.437,0.023,2006-07,2006,Big (proxy),3.1,2.1,0.3,0.494,0.211,-19.0,-1.2000000000000002,-0.0569999999999999,,,,,0
Jerome Jordan,BKN,28.0,213.36,114.758776,Tulsa,Jamaica,2010,2,44,44,3.1,2.4,0.3,-12.2,0.148,0.154,0.157,0.609,0.06,2014-15,2014,Big (proxy),2.0,1.3,0.2,0.561,0.157,11.8,1.1,0.0479999999999999,,,,,0
Jerome Kersey,MIL,39.0,200.66,97.52228,Longwood,USA,1984,2,46,22,3.3,2.0,0.7,1.3,0.036,0.196,0.15,0.473,0.098,2000-01,2000,Wing (proxy),4.5,3.1,1.0,0.431,0.149,6.4,-1.2000000000000002,0.0419999999999999,,,,,0
Jerome Moiso,CLE,27.0,208.28,117.93392,UCLA,France,2000,1,11,20,1.4,1.9,0.1,-18.5,0.093,0.262,0.114,0.59,0.0139999999999999,2004-05,2004,Big (proxy),2.9,3.2,0.2,0.506,0.15,-3.3,-1.5,0.0839999999999999,,,,,0
Jerome Robinson,WAS,24.0,193.04,86.18248,Boston College,USA,2018,1,13,17,4.9,2.2,1.5,-13.1,0.011,0.105,0.161,0.4,0.114,2020-21,2020,Guard (proxy),5.1,2.0,1.4,0.476,0.155,-1.0,-0.1999999999999993,-0.0759999999999999,,,,,0
Jerome Williams,NYK,32.0,205.74,93.439952,Georgetown,USA,1996,1,26,79,4.5,3.6,0.5,0.5,0.114,0.17,0.144,0.563,0.055,2004-05,2004,Big (proxy),6.2,7.0,1.1,0.522,0.135,-6.7,-1.7000000000000002,0.0409999999999999,,,,,0
Jerry Stackhouse,BKN,38.0,198.12,98.883056,North Carolina,USA,1995,1,3,37,4.9,0.9,0.9,-1.7,0.01,0.063,0.17,0.5,0.107,2012-13,2012,Wing (proxy),3.6,0.8,0.5,0.49,0.206,-0.9,1.3000000000000005,0.01,,,,,0
Jerryd Bayless,MIN,30.0,190.5,90.7184,Arizona,USA,2008,1,11,34,6.1,1.8,3.5,-12.4,0.015,0.08,0.172,0.431,0.262,2018-19,2018,Guard (proxy),7.9,2.1,1.4,0.546,0.146,-3.4,-1.8000000000000007,-0.115,,,,,0
Jeryl Sasser,ORL,24.0,198.12,90.7184,Southern Methodist,USA,2001,1,22,75,2.6,2.5,0.9,-11.2,0.067,0.143,0.124,0.402,0.107,2002-03,2002,Wing (proxy),,,,,,,,,,,,,0
Jevon Carter,MIL,27.0,185.42,90.7184,West Virginia,USA,2018,2,32,81,8.0,2.5,2.4,1.9,0.018,0.084,0.149,0.56,0.15,2022-23,2022,Guard (proxy),4.2,1.7,1.5,0.531,0.135,-3.0,3.8,0.029,,,,,0
Jim Jackson,LAL,35.0,198.12,99.79024,Ohio State,USA,1992,1,4,40,3.0,1.9,0.9,1.1,0.023,0.129,0.172,0.365,0.099,2005-06,2005,Wing (proxy),10.5,4.2,2.9,0.5529999999999999,0.1639999999999999,0.6,-7.5,-0.1879999999999999,,,,,0
Jim McIlvaine,NJN,28.0,215.9,108.86208,Marquette,USA,1994,2,32,18,1.6,1.9,0.2,-11.7,0.048,0.179,0.099,0.421,0.038,2000-01,2000,Big (proxy),2.4,3.5,0.5,0.439,0.092,-0.5,-0.7999999999999998,-0.018,,,,,0
Jimmer Fredette,NOP,26.0,187.96,88.45044,Brigham Young,USA,2011,1,10,50,3.6,0.8,1.2,2.7,0.018,0.07,0.1889999999999999,0.479,0.171,2014-15,2014,Guard (proxy),5.6,1.1,1.3,0.578,0.244,-1.8,-2.0,-0.0989999999999999,,,,,0
Jimmy Butler,MIA,33.0,200.66,104.32616,Marquette,USA,2011,1,30,64,22.9,5.9,5.3,1.2,0.068,0.121,0.248,0.647,0.264,2022-23,2022,Wing (proxy),21.4,5.9,5.5,0.5920000000000001,0.26,6.1,1.5,0.0549999999999999,,,,,0
Jiri Welsch,MIL,26.0,200.66,94.347136,,Czech Republic,2002,1,16,58,4.3,1.9,1.1,-10.9,0.0279999999999999,0.125,0.157,0.482,0.122,2005-06,2005,Wing (proxy),6.5,2.4,1.5,0.518,0.178,-2.4,-2.2,-0.036,,,,,0
Joakim Noah,MEM,34.0,210.82,104.32616,Florida,USA,2007,1,9,42,7.1,5.7,2.1,1.8,0.078,0.247,0.191,0.5710000000000001,0.2019999999999999,2018-19,2018,Big (proxy),5.0,8.8,2.2,0.491,0.125,-6.0,2.1,0.08,,,,,0
Jock Landale,PHX,27.0,210.82,115.66596,St. Mary's,Australia,Undrafted,Undrafted,Undrafted,69,6.6,4.1,1.0,7.9,0.114,0.1639999999999999,0.182,0.595,0.1009999999999999,2022-23,2022,Big (proxy),4.9,2.6,0.8,0.597,0.172,-1.1,1.6999999999999993,-0.002,,,,,0
Jodie Meeks,WAS,30.0,193.04,95.25432,Kentucky,USA,2009,2,41,77,6.3,1.6,0.9,-6.8,0.013,0.102,0.179,0.5479999999999999,0.1,2017-18,2017,Guard (proxy),9.1,2.1,1.3,0.5670000000000001,0.196,-5.4,-2.8,-0.0190000000000001,,,,,0
Joe Alexander,MIL,22.0,203.2,104.32616,West Virginia,USA,2008,1,8,59,4.7,1.9,0.7,-3.1,0.068,0.125,0.201,0.494,0.094,2008-09,2008,Wing (proxy),,,,,,,,,,,,,0
Joe Crispin,PHX,22.0,182.88,83.91452,Penn State,USA,Undrafted,Undrafted,Undrafted,21,3.8,0.5,1.2,-5.3,0.0139999999999999,0.068,0.239,0.536,0.2769999999999999,2001-02,2001,Guard (proxy),,,,,,,,,,,,,0
Joe Dumars,DET,36.0,190.5,88.45044,McNeese State,USA,1985,1,18,38,11.3,1.8,3.5,3.9,0.013,0.063,0.186,0.568,0.2,1998-99,1998,Guard (proxy),13.1,1.4,3.5,0.5489999999999999,0.191,0.8,-1.799999999999999,0.019,,,,,0
Joe Harris,BKN,31.0,198.12,99.79024,Virginia,USA,2014,2,33,74,7.6,2.2,1.4,-1.0,0.016,0.089,0.141,0.621,0.091,2022-23,2022,Wing (proxy),11.3,4.0,1.0,0.624,0.146,1.1,-3.700000000000001,-0.003,,,,,0
Joe Ingles,MIL,35.0,205.74,99.79024,,Australia,Undrafted,Undrafted,Undrafted,46,6.9,2.8,3.3,2.5,0.012,0.102,0.122,0.616,0.181,2022-23,2022,Big (proxy),7.2,2.9,3.5,0.551,0.129,8.2,-0.2999999999999998,0.0649999999999999,,,,,0
Joe Johnson,HOU,37.0,200.66,108.86208,Arkansas,USA,2001,1,10,55,6.8,3.1,1.5,-3.6,0.011,0.13,0.157,0.49,0.109,2017-18,2017,Wing (proxy),9.2,3.1,1.8,0.542,0.186,4.2,-2.3999999999999995,-0.052,,,,,0
Joe Kleine,PHX,37.0,213.36,122.923432,Arkansas,USA,1985,1,6,31,2.2,2.2,0.4,-7.6,0.084,0.135,0.113,0.429,0.05,1998-99,1998,Big (proxy),2.0,1.7,0.7,0.408,0.162,-4.0,0.2000000000000001,0.021,,,,,0
Joe Smith,LAL,35.0,208.28,102.0582,Maryland,USA,1995,1,1,16,0.5,1.3,0.3,-2.7,0.051,0.257,0.139,0.237,0.093,2010-11,2010,Big (proxy),3.0,2.5,0.3,0.4529999999999999,0.179,-1.6,-2.5,-0.2159999999999999,,,,,0
Joe Stephens,VAN,27.0,200.66,95.25432,Arkansas-Little Rock,USA,Undrafted,Undrafted,Undrafted,13,3.2,2.8,0.8,7.1,0.087,0.146,0.143,0.389,0.087,1999-00,1999,Wing (proxy),,,,,,,,,,,,,0
Joe Wieskamp,SAS,22.0,198.12,92.98636,Iowa,USA,2021,2,41,29,2.1,0.5,0.3,1.5,0.017,0.045,0.129,0.494,0.065,2021-22,2021,Wing (proxy),,,,,,,,,,,,,0
Joe Wolf,DEN,33.0,210.82,104.32616,North Carolina,USA,1987,1,13,57,1.5,2.2,0.5,-9.3,0.067,0.179,0.11,0.347,0.08,1997-98,1997,Big (proxy),1.7,2.0,0.4,0.488,0.0969999999999999,-3.5,-0.1999999999999999,-0.141,,,,,0
Joe Young,IND,26.0,187.96,83.91452,Oregon,USA,2015,2,43,53,3.9,1.2,0.7,-6.8,0.02,0.091,0.1689999999999999,0.521,0.103,2017-18,2017,Guard (proxy),2.1,0.5,0.5,0.433,0.26,-26.1,1.7999999999999998,0.088,,,,,0
Joel Anthony,SAS,34.0,205.74,111.13004,Nevada-Las Vegas,Canada,Undrafted,Undrafted,Undrafted,19,1.3,1.6,0.2,-7.3,0.068,0.19,0.088,0.64,0.0409999999999999,2016-17,2016,Big (proxy),0.9,1.1,0.1,0.6659999999999999,0.074,-7.0,0.4,-0.0259999999999999,,,,,0
Joel Bolomboy,UTA,23.0,205.74,106.59412,Weber State,Ukraine,2016,2,52,12,1.8,1.4,0.2,11.3,0.083,0.255,0.18,0.59,0.065,2016-17,2016,Big (proxy),,,,,,,,,,,,,0
Joel Embiid,PHI,29.0,213.36,127.00576,Kansas,Cameroon,2014,1,3,66,33.1,10.2,4.2,8.8,0.057,0.243,0.37,0.655,0.233,2022-23,2022,Big (proxy),30.6,11.7,4.2,0.616,0.375,7.9,2.5,0.039,,,,,0
Joel Freeland,POR,28.0,208.28,102.0582,,Great Britain,2006,1,30,48,3.5,4.0,0.3,6.9,0.111,0.221,0.136,0.522,0.039,2014-15,2014,Big (proxy),3.3,4.0,0.7,0.498,0.123,0.5,0.2000000000000001,0.024,,,,,0
Joel Przybilla,MIL,33.0,215.9,111.13004,Minnesota,USA,2000,1,9,12,0.2,1.8,0.3,-36.3,0.069,0.258,0.0559999999999999,0.205,0.08,2012-13,2012,Big (proxy),2.0,5.1,0.2,0.492,0.083,-4.0,-1.8,-0.287,,,,,0
Joey Dorsey,HOU,31.0,205.74,124.7378,Memphis,USA,2008,2,33,69,2.7,4.0,0.4,0.7,0.126,0.233,0.11,0.507,0.043,2014-15,2014,Big (proxy),3.1,4.4,0.6,0.529,0.141,-2.0,-0.3999999999999999,-0.022,,,,,0
Joey Graham,CLE,29.0,200.66,104.32616,Oklahoma State,USA,2005,1,16,39,5.2,2.2,0.5,-9.4,0.017,0.153,0.175,0.518,0.054,2010-11,2010,Wing (proxy),4.3,2.0,0.4,0.568,0.1639999999999999,-3.4,0.9000000000000004,-0.0499999999999999,,,,,0
Joffrey Lauvergne,SAS,26.0,210.82,117.93392,,France,2013,2,55,55,4.1,3.1,0.7,-5.8,0.118,0.207,0.192,0.536,0.121,2017-18,2017,Big (proxy),5.4,3.6,1.0,0.509,0.188,-5.6,-1.3000000000000007,0.027,,,,,0
Johan Petro,ATL,27.0,213.36,112.037224,,France,2005,1,25,31,3.5,3.6,0.5,-12.9,0.104,0.259,0.181,0.4679999999999999,0.076,2012-13,2012,Big (proxy),4.2,3.8,0.8,0.452,0.158,-8.7,-0.7000000000000002,0.0159999999999999,,,,,0
John Amaechi,UTA,32.0,208.28,122.46984,Penn State,England,Undrafted,Undrafted,Undrafted,50,2.0,1.5,0.4,-2.6,0.066,0.132,0.1689999999999999,0.351,0.073,2002-03,2002,Big (proxy),3.2,2.0,0.5,0.412,0.204,-12.3,-1.2000000000000002,-0.061,,,,,0
John Butler Jr.,POR,20.0,213.36,86.18248,Florida State,USA,Undrafted,Undrafted,Undrafted,19,2.4,0.9,0.6,-16.1,0.012,0.065,0.102,0.411,0.066,2022-23,2022,Big (proxy),,,,,,,,,,,,,0
John Celestand,LAL,23.0,193.04,80.73937600000001,Villanova,USA,1999,2,30,16,2.3,0.7,1.3,-3.1,0.006,0.0559999999999999,0.148,0.3879999999999999,0.165,1999-00,1999,Guard (proxy),,,,,,,,,,,,,0
John Coker,WAS,27.0,213.36,114.758776,Boise State,USA,Undrafted,Undrafted,Undrafted,14,2.2,1.6,0.0,-25.5,0.061,0.19,0.15,0.461,0.0,1998-99,1998,Big (proxy),,,,,,,,,,,,,0
John Collins,ATL,25.0,205.74,102.511792,Wake Forest,USA,2017,1,19,71,13.1,6.5,1.2,-0.2,0.035,0.18,0.168,0.593,0.052,2022-23,2022,Big (proxy),16.2,7.8,1.8,0.61,0.2019999999999999,0.8,-3.1,-0.017,,,,,0
John Crotty,DEN,33.0,185.42,83.91452,Virginia,USA,Undrafted,Undrafted,Undrafted,12,3.4,1.3,2.4,-13.7,0.0069999999999999,0.0819999999999999,0.15,0.431,0.322,2002-03,2002,Guard (proxy),6.9,1.8,3.4,0.599,0.163,2.6,-3.5000000000000004,-0.1679999999999999,,,,,0
John Edwards,ATL,24.0,213.36,124.7378,Kent State,USA,Undrafted,Undrafted,Undrafted,40,1.8,1.2,0.1,-12.7,0.073,0.128,0.127,0.508,0.0279999999999999,2005-06,2005,Big (proxy),1.2,0.8,0.1,0.401,0.165,-26.6,0.6000000000000001,0.1069999999999999,,,,,0
John Henson,DET,29.0,205.74,99.336648,North Carolina,USA,2012,1,14,40,5.5,4.1,1.4,-0.7,0.077,0.191,0.16,0.578,0.133,2019-20,2019,Big (proxy),5.6,5.1,1.0,0.5529999999999999,0.173,1.7,-0.0999999999999996,0.025,,,,,0
John Holland,CLE,29.0,195.58,92.98636,Boston U.,USA,Undrafted,Undrafted,Undrafted,24,2.3,1.0,0.2,-8.8,0.036,0.104,0.178,0.417,0.04,2017-18,2017,Wing (proxy),,,,,,,,,,,,,0
John Jenkins,NYK,28.0,193.04,97.52228,Vanderbilt,USA,2012,1,23,26,4.7,1.4,0.8,-6.5,0.018,0.083,0.16,0.536,0.105,2018-19,2018,Guard (proxy),4.1,1.3,0.8,0.522,0.174,-6.6,0.6000000000000005,0.014,,,,,0
John Konchar,MEM,27.0,195.58,95.25432,Indiana-Purdue Fort Wayne,USA,Undrafted,Undrafted,Undrafted,72,5.1,4.3,1.4,7.0,0.04,0.152,0.1,0.542,0.0819999999999999,2022-23,2022,Wing (proxy),4.8,4.6,1.5,0.615,0.0969999999999999,2.7,0.2999999999999998,-0.0729999999999999,,,,,0
John Long,TOR,40.0,195.58,90.7184,Detroit Mercy,USA,1978,2,29,32,4.0,1.3,0.7,-9.8,0.017,0.1009999999999999,0.182,0.499,0.104,1996-97,1996,Wing (proxy),,,,,,,,,,,,,0
John Lucas III,DET,32.0,180.34,75.296272,Oklahoma State,USA,Undrafted,Undrafted,Undrafted,21,4.7,0.8,2.9,-9.1,0.017,0.053,0.211,0.461,0.392,2014-15,2014,Guard (proxy),3.8,0.9,1.0,0.4029999999999999,0.163,-16.5,0.9000000000000004,0.0580000000000001,,,,,0
John Salley,LAL,36.0,210.82,115.66596,Georgia Tech,USA,1986,1,11,45,1.6,1.4,0.6,0.7,0.068,0.156,0.148,0.437,0.146,1999-00,1999,Big (proxy),,,,,,,,,,,,,0
John Salmons,NOP,35.0,198.12,95.25432,Miami (FL),USA,2002,1,26,21,2.0,1.0,0.6,-12.1,0.015,0.075,0.093,0.422,0.078,2014-15,2014,Wing (proxy),5.2,2.1,1.9,0.462,0.129,-0.1,-3.2,-0.04,,,,,0
John Starks,UTA,36.0,195.58,86.18248,Oklahoma State,USA,Undrafted,Undrafted,Undrafted,66,4.4,1.0,1.1,-1.1,0.019,0.069,0.184,0.442,0.132,2001-02,2001,Wing (proxy),9.3,2.1,2.4,0.476,0.181,3.8,-4.9,-0.0339999999999999,,,,,0
John Stockton,UTA,41.0,185.42,79.3786,Gonzaga,USA,1984,1,16,82,10.8,2.5,7.7,5.2,0.0279999999999999,0.078,0.191,0.5770000000000001,0.445,2002-03,2002,Guard (proxy),13.4,3.2,8.2,0.601,0.1969999999999999,3.1,-2.6,-0.0239999999999999,,,,,0
John Thomas,NJN,30.0,205.74,120.20188,Minnesota,USA,1997,1,25,16,0.9,1.3,0.1,-3.7,0.1119999999999999,0.1119999999999999,0.094,0.447,0.026,2005-06,2005,Big (proxy),2.5,2.2,0.4,0.522,0.114,4.4,-1.6,-0.075,,,,,0
John Wall,LAC,32.0,190.5,95.25432,Kentucky,USA,2010,1,1,34,11.4,2.7,5.2,-6.6,0.018,0.096,0.259,0.497,0.38,2022-23,2022,Guard (proxy),20.6,3.2,6.9,0.503,0.316,-5.7,-9.2,-0.006,,,,,0
John Wallace,MIA,30.0,205.74,102.0582,Syracuse,USA,1996,1,18,37,4.3,1.6,0.4,-9.3,0.036,0.153,0.24,0.486,0.083,2003-04,2003,Big (proxy),5.0,1.8,0.6,0.493,0.24,-6.9,-0.7000000000000002,-0.007,,,,,0
Johnathan Motley,LAC,25.0,203.2,104.32616,Baylor,USA,Undrafted,Undrafted,Undrafted,13,2.2,0.8,0.6,5.7,0.077,0.1889999999999999,0.235,0.774,0.308,2019-20,2019,Wing (proxy),4.6,2.3,0.5,0.563,0.266,-8.9,-2.3999999999999995,0.211,,,,,0
Johnathan Williams,WAS,25.0,205.74,103.418976,Gonzaga,USA,Undrafted,Undrafted,Undrafted,15,3.0,4.3,0.5,-11.6,0.119,0.215,0.1,0.5660000000000001,0.064,2019-20,2019,Big (proxy),6.5,4.1,0.5,0.599,0.158,7.6,-3.5,-0.0329999999999999,,,,,0
Johnny Davis,WAS,21.0,193.04,88.45044,Wisconsin,USA,2022,1,10,28,5.8,2.3,1.0,-6.2,0.02,0.125,0.192,0.446,0.1,2022-23,2022,Guard (proxy),,,,,,,,,,,,,0
Johnny Juzang,UTA,22.0,198.12,94.800728,UCLA,USA,Undrafted,Undrafted,Undrafted,18,4.8,2.2,0.4,-17.7,0.0289999999999999,0.122,0.187,0.411,0.051,2022-23,2022,Wing (proxy),,,,,,,,,,,,,0
Johnny Newman,DAL,38.0,200.66,95.25432,Richmond,USA,1986,2,29,47,4.2,1.0,0.3,2.4,0.0139999999999999,0.059,0.122,0.5710000000000001,0.0279999999999999,2001-02,2001,Wing (proxy),10.9,2.1,1.4,0.542,0.208,-8.6,-6.7,0.029,,,,,0
Johnny O'Bryant III,CHA,25.0,205.74,116.573144,Louisiana State,USA,2014,2,36,36,4.8,2.6,0.4,-10.7,0.063,0.173,0.2189999999999999,0.47,0.067,2017-18,2017,Big (proxy),3.5,1.7,0.5,0.5820000000000001,0.211,-15.2,1.2999999999999998,-0.1120000000000001,,,,,0
Johnny Taylor,DEN,25.0,205.74,99.79024,Tennessee-Chattanooga,USA,1997,1,17,36,5.8,2.8,0.7,-4.0,0.046,0.1169999999999999,0.154,0.497,0.055,1998-99,1998,Big (proxy),3.2,1.1,0.1,0.431,0.215,4.8,2.6,0.066,,,,,0
Jon Barry,HOU,36.0,195.58,95.25432,Georgia Tech,USA,1992,1,21,20,4.3,1.6,1.3,-8.4,0.004,0.103,0.138,0.5529999999999999,0.129,2005-06,2005,Wing (proxy),6.6,2.3,2.4,0.57,0.147,7.3,-2.3,-0.017,,,,,0
Jon Brockman,MIL,25.0,200.66,115.66596,Washington,USA,2009,2,38,35,1.1,2.1,0.3,-0.3,0.149,0.212,0.1119999999999999,0.359,0.054,2011-12,2011,Wing (proxy),2.2,2.9,0.3,0.5670000000000001,0.0969999999999999,2.1,-1.1,-0.208,,,,,0
Jon Leuer,DET,30.0,208.28,103.418976,Wisconsin,USA,2011,2,40,41,3.8,2.4,0.3,-13.3,0.062,0.182,0.157,0.616,0.06,2018-19,2018,Big (proxy),10.2,5.4,1.5,0.551,0.173,-2.3,-6.4,0.0649999999999999,,,,,0
Jonah Bolden,PHI,23.0,208.28,99.79024,,Australia,2017,2,36,44,4.7,3.8,0.9,-1.8,0.067,0.173,0.131,0.595,0.085,2018-19,2018,Big (proxy),,,,,,,,,,,,,0
Jonas Jerebko,GSW,32.0,208.28,104.779752,,Sweden,2009,2,39,73,6.3,3.9,1.3,1.5,0.055,0.168,0.144,0.588,0.106,2018-19,2018,Big (proxy),5.8,3.3,0.6,0.586,0.151,1.7,0.5,0.002,,,,,0
Jonas Valanciunas,NOP,31.0,210.82,120.20188,,Lithuania,2011,1,5,79,14.1,10.2,1.8,-0.7,0.115,0.293,0.2289999999999999,0.61,0.108,2022-23,2022,Big (proxy),17.8,11.4,2.6,0.617,0.238,1.2,-3.700000000000001,-0.007,,,,,0
Jonathan Bender,NYK,29.0,213.36,104.32616,,USA,1999,1,5,25,4.7,2.1,0.6,-10.5,0.054,0.139,0.21,0.529,0.094,2009-10,2009,Big (proxy),7.0,1.9,0.4,0.584,0.288,-1.6,-2.3,-0.0549999999999999,,,,,0
Jonathan Gibson,DAL,29.0,187.96,83.91452,New Mexico State,USA,Undrafted,Undrafted,Undrafted,17,6.2,1.3,1.5,-19.6,0.005,0.121,0.253,0.492,0.215,2016-17,2016,Guard (proxy),,,,,,,,,,,,,0
Jonathan Isaac,ORL,25.0,208.28,104.32616,Florida State,USA,2017,1,6,11,5.0,4.0,0.5,-5.8,0.099,0.25,0.198,0.483,0.085,2022-23,2022,Big (proxy),11.9,6.8,1.4,0.552,0.181,0.7,-6.9,-0.069,,,,,0
Jonathan Kuminga,GSW,20.0,200.66,102.0582,,DRC,2021,1,7,67,9.9,3.4,1.9,-1.4,0.052,0.113,0.195,0.597,0.132,2022-23,2022,Wing (proxy),9.3,3.3,0.9,0.6,0.2269999999999999,1.9,0.5999999999999996,-0.003,,,,,0
Jonathon Simmons,PHI,29.0,198.12,88.45044,Houston,USA,Undrafted,Undrafted,Undrafted,56,6.5,2.3,2.3,-5.3,0.024,0.09,0.182,0.466,0.175,2018-19,2018,Wing (proxy),13.9,3.5,2.5,0.555,0.215,-6.9,-7.4,-0.089,,,,,0
Jonny Flynn,POR,23.0,182.88,83.91452,Syracuse,USA,2009,1,6,29,4.5,1.3,3.3,-12.4,0.022,0.089,0.207,0.442,0.368,2011-12,2011,Guard (proxy),5.3,1.5,3.4,0.444,0.19,-9.4,-0.7999999999999998,-0.002,,,,,0
Jontay Porter,MEM,21.0,210.82,108.86208,Missouri,USA,Undrafted,Undrafted,Undrafted,11,2.0,1.3,0.1,0.9,0.065,0.149,0.182,0.64,0.033,2020-21,2020,Big (proxy),,,,,,,,,,,,,0
Jordan Adams,MEM,20.0,195.58,94.800728,UCLA,USA,2014,1,22,30,3.1,0.9,0.5,1.3,0.039,0.084,0.195,0.489,0.1009999999999999,2014-15,2014,Wing (proxy),,,,,,,,,,,,,0
Jordan Bell,CLE,25.0,203.2,97.975872,Oregon,USA,2017,2,38,29,3.2,2.8,0.6,-1.6,0.11,0.187,0.159,0.5770000000000001,0.09,2019-20,2019,Wing (proxy),3.3,2.7,1.1,0.531,0.133,-5.3,-0.0999999999999996,0.046,,,,,0
Jordan Bone,ORL,23.0,187.96,81.64656,Tennessee,USA,2019,2,57,14,4.0,1.7,1.3,-14.3,0.018,0.102,0.121,0.519,0.143,2020-21,2020,Guard (proxy),1.2,0.4,0.8,0.3,0.171,-2.9,2.8,0.219,,,,,0
Jordan Clarkson,UTA,31.0,195.58,87.996848,Missouri,USA,2014,2,46,61,20.8,4.0,4.4,0.8,0.036,0.083,0.273,0.5579999999999999,0.209,2022-23,2022,Wing (proxy),16.0,3.5,2.5,0.532,0.258,8.7,4.800000000000001,0.0259999999999999,,,,,0
Jordan Crawford,NOP,28.0,195.58,88.45044,Xavier,USA,2010,1,27,19,14.1,1.8,3.0,0.2,0.01,0.077,0.259,0.5820000000000001,0.192,2016-17,2016,Wing (proxy),11.0,2.3,3.5,0.516,0.237,-5.0,3.1,0.066,,,,,0
Jordan Farmar,MEM,29.0,187.96,81.64656,UCLA,USA,2006,1,26,12,9.2,2.1,3.1,-13.6,0.0139999999999999,0.0969999999999999,0.182,0.527,0.198,2015-16,2015,Guard (proxy),4.6,1.2,1.9,0.513,0.171,-4.7,4.6,0.014,,,,,0
Jordan Goodwin,WAS,24.0,190.5,90.7184,St. Louis,USA,Undrafted,Undrafted,Undrafted,62,6.6,3.3,2.7,-4.5,0.05,0.131,0.165,0.531,0.22,2022-23,2022,Guard (proxy),,,,,,,,,,,,,0
Jordan Hamilton,NOP,25.0,200.66,99.79024,Texas,USA,2011,1,26,11,11.4,5.6,2.3,-11.2,0.043,0.1939999999999999,0.208,0.499,0.128,2015-16,2015,Wing (proxy),2.7,1.1,0.5,0.5429999999999999,0.149,-7.0,8.7,-0.0439999999999999,,,,,0
Jordan Hill,IND,28.0,208.28,106.59412,Arizona,USA,2009,1,8,73,8.8,6.2,1.2,1.2,0.1119999999999999,0.209,0.204,0.534,0.096,2015-16,2015,Big (proxy),12.0,7.9,1.5,0.494,0.225,-10.9,-3.1999999999999997,0.04,,,,,0
Jordan Loyd,TOR,25.0,193.04,95.25432,,USA,Undrafted,Undrafted,Undrafted,12,2.4,0.8,0.5,-15.7,0.017,0.133,0.159,0.635,0.182,2018-19,2018,Guard (proxy),,,,,,,,,,,,,0
Jordan McLaughlin,MIN,27.0,182.88,83.91452,Southern California,USA,Undrafted,Undrafted,Undrafted,43,3.7,1.4,3.4,5.8,0.022,0.065,0.1119999999999999,0.526,0.264,2022-23,2022,Guard (proxy),3.8,1.5,2.9,0.535,0.115,2.4,-0.0999999999999996,-0.009,,,,,0
Jordan McRae,DET,29.0,195.58,81.19296800000001,Tennessee,USA,2014,2,58,37,11.5,3.4,2.5,-4.1,0.022,0.139,0.239,0.515,0.174,2019-20,2019,Wing (proxy),5.9,1.5,1.1,0.55,0.191,-3.3,5.6,-0.035,,,,,0
Jordan Mickey,MIA,23.0,203.2,106.59412,Louisiana State,USA,2015,2,33,23,4.0,3.5,0.4,-6.0,0.065,0.226,0.168,0.515,0.051,2017-18,2017,Wing (proxy),1.5,1.4,0.3,0.473,0.157,-17.1,2.5,0.042,,,,,0
Jordan Nwora,IND,24.0,205.74,102.0582,Louisville,USA,2020,2,45,62,8.7,3.7,1.4,-10.2,0.0409999999999999,0.147,0.187,0.561,0.107,2022-23,2022,Big (proxy),7.9,3.6,1.0,0.506,0.187,-3.0,0.7999999999999989,0.055,,,,,0
Jordan Poole,GSW,24.0,193.04,87.996848,Michigan,USA,2019,1,28,82,20.4,2.7,4.5,-0.8,0.013,0.073,0.282,0.573,0.2339999999999999,2022-23,2022,Guard (proxy),18.5,3.4,4.0,0.598,0.252,6.6,1.8999999999999984,-0.025,,,,,0
Jordan Williams,NJN,21.0,208.28,117.93392,Maryland,USA,2011,2,36,43,4.6,3.6,0.3,1.3,0.115,0.1689999999999999,0.146,0.544,0.027,2011-12,2011,Big (proxy),,,,,,,,,,,,,0
Jorge Garbajosa,TOR,29.0,205.74,111.13004,,USA,Undrafted,Undrafted,Undrafted,67,8.5,4.9,1.9,3.5,0.03,0.175,0.155,0.503,0.099,2006-07,2006,Big (proxy),,,,,,,,,,,,,0
Jorge Gutierrez,CHA,27.0,190.5,85.728888,California-Berkeley,Mexico,Undrafted,Undrafted,Undrafted,12,1.8,0.6,1.4,11.6,0.0,0.103,0.155,0.6940000000000001,0.395,2015-16,2015,Guard (proxy),2.7,1.3,1.1,0.5670000000000001,0.151,-7.0,-0.9000000000000001,0.127,,,,,0
Jose Alvarado,NOP,25.0,182.88,81.19296800000001,Georgia Tech,USA,Undrafted,Undrafted,Undrafted,61,9.0,2.3,3.0,3.7,0.022,0.087,0.191,0.525,0.1989999999999999,2022-23,2022,Guard (proxy),6.1,1.9,2.8,0.52,0.174,7.3,2.9000000000000004,0.005,,,,,0
Jose Calderon,DET,37.0,190.5,90.7184,,Spain,Undrafted,Undrafted,Undrafted,49,2.3,1.2,2.3,-14.0,0.015,0.078,0.104,0.4529999999999999,0.282,2018-19,2018,Guard (proxy),4.5,1.5,2.1,0.643,0.118,3.2,-2.2,-0.1900000000000001,,,,,0
Joseph Forte,SEA,22.0,193.04,87.996848,North Carolina,USA,2001,1,21,17,1.4,0.6,0.6,-5.8,0.049,0.1,0.262,0.319,0.256,2002-03,2002,Guard (proxy),,,,,,,,,,,,,0
Josh Boone,NJN,25.0,208.28,108.86208,Connecticut,USA,2006,1,23,63,4.0,5.0,0.5,-11.0,0.125,0.221,0.124,0.509,0.047,2009-10,2009,Big (proxy),4.2,4.2,0.5,0.513,0.136,-2.7,-0.2000000000000001,-0.004,,,,,0
Josh Childress,BKN,30.0,203.2,95.25432,Stanford,USA,2004,1,6,14,1.0,1.1,0.4,-9.6,0.0559999999999999,0.106,0.096,0.32,0.085,2012-13,2012,Wing (proxy),2.9,2.8,1.0,0.501,0.1009999999999999,-4.7,-1.9,-0.181,,,,,0
Josh Christopher,HOU,21.0,193.04,97.52228,Arizona State,USA,2021,1,24,64,5.8,1.1,1.1,-13.9,0.024,0.068,0.215,0.523,0.149,2022-23,2022,Guard (proxy),7.9,2.5,2.0,0.534,0.205,-9.2,-2.1000000000000005,-0.011,,,,,0
Josh Davis,MEM,31.0,203.2,106.59412,Wyoming,USA,Undrafted,Undrafted,Undrafted,15,1.9,1.8,0.4,-17.2,0.128,0.106,0.113,0.4589999999999999,0.077,2011-12,2011,Wing (proxy),2.8,1.9,0.3,0.494,0.186,3.7,-0.8999999999999999,-0.035,,,,,0
Josh Giddey,OKC,20.0,203.2,97.975872,,Australia,2021,1,6,76,16.6,7.9,6.2,-2.2,0.0579999999999999,0.1889999999999999,0.239,0.5329999999999999,0.293,2022-23,2022,Wing (proxy),12.5,7.8,6.4,0.478,0.218,-8.3,4.100000000000001,0.0549999999999999,,,,,0
Josh Green,DAL,22.0,200.66,90.7184,Arizona,Australia,2020,1,18,60,9.1,3.0,1.7,2.5,0.037,0.087,0.14,0.645,0.096,2022-23,2022,Wing (proxy),4.8,2.4,1.2,0.578,0.13,3.7,4.3,0.067,,,,,0
Josh Hall,OKC,20.0,205.74,86.18248,,USA,Undrafted,Undrafted,Undrafted,21,4.1,2.8,1.3,-13.2,0.016,0.151,0.174,0.363,0.118,2020-21,2020,Big (proxy),,,,,,,,,,,,,0
Josh Harrellson,DET,25.0,208.28,124.7378,Kentucky,USA,2011,2,45,32,2.9,2.4,0.5,-0.2,0.096,0.166,0.129,0.547,0.074,2013-14,2013,Big (proxy),4.4,3.9,0.3,0.505,0.149,9.9,-1.5000000000000004,0.042,,,,,0
Josh Hart,NYK,28.0,193.04,97.52228,Villanova,USA,2017,1,30,76,9.8,7.8,3.8,5.9,0.06,0.185,0.124,0.622,0.154,2022-23,2022,Guard (proxy),14.9,7.2,4.1,0.61,0.184,-4.9,-5.1,0.012,,,,,0
Josh Howard,MIN,33.0,200.66,95.25432,Wake Forest,USA,2003,1,29,11,6.7,3.3,0.4,-3.4,0.047,0.146,0.201,0.45,0.034,2012-13,2012,Wing (proxy),8.7,3.7,1.2,0.461,0.207,-0.5,-1.9999999999999991,-0.011,,,,,0
Josh Huestis,OKC,26.0,200.66,104.32616,Stanford,USA,2014,1,29,69,2.3,2.3,0.3,6.0,0.042,0.1169999999999999,0.095,0.417,0.027,2017-18,2017,Wing (proxy),,,,,,,,,,,,,0
Josh Jackson,SAC,25.0,203.2,93.893544,Kansas,USA,2017,1,4,51,6.4,2.8,1.1,-8.6,0.025,0.149,0.196,0.491,0.105,2021-22,2021,Wing (proxy),13.4,4.1,2.3,0.516,0.254,-3.4,-7.0,-0.025,,,,,0
Josh Magette,ATL,28.0,185.42,72.57472,Alabama Huntsville,USA,Undrafted,Undrafted,Undrafted,18,2.6,1.1,3.2,-0.5,0.009,0.079,0.119,0.4639999999999999,0.37,2017-18,2017,Guard (proxy),,,,,,,,,,,,,0
Josh McRoberts,MIA,30.0,208.28,108.86208,Duke,USA,2007,2,37,22,4.9,3.4,2.3,-9.3,0.065,0.154,0.175,0.439,0.2,2016-17,2016,Big (proxy),3.6,2.5,1.9,0.4529999999999999,0.154,2.0,1.3000000000000005,-0.0139999999999999,,,,,0
Josh Minott,MIN,20.0,203.2,92.98636,Memphis,USA,2022,2,45,15,3.1,1.7,0.3,10.4,0.054,0.1939999999999999,0.176,0.5820000000000001,0.065,2022-23,2022,Wing (proxy),,,,,,,,,,,,,0
Josh Okogie,PHX,24.0,193.04,96.615096,Georgia Tech,Nigeria,2018,1,20,72,7.3,3.5,1.5,4.9,0.078,0.102,0.174,0.531,0.104,2022-23,2022,Guard (proxy),2.7,1.4,0.5,0.526,0.115,2.5,4.6,0.005,,,,,0
Josh Powell,ATL,28.0,205.74,108.86208,North Carolina State,USA,Undrafted,Undrafted,Undrafted,54,4.1,2.5,0.4,-10.6,0.094,0.163,0.2,0.492,0.059,2010-11,2010,Big (proxy),2.7,1.8,0.6,0.407,0.186,-5.6,1.3999999999999997,0.085,,,,,0
Josh Richardson,NOP,29.0,198.12,90.7184,Tennessee,USA,2015,2,40,65,10.1,2.7,2.7,-5.2,0.026,0.087,0.18,0.555,0.16,2022-23,2022,Wing (proxy),10.2,2.8,1.8,0.573,0.171,4.5,-0.0999999999999996,-0.0179999999999999,,,,,0
Josh Selby,MEM,22.0,187.96,83.007336,Kansas,USA,2011,2,49,10,2.0,0.5,0.4,-36.3,0.0,0.093,0.262,0.373,0.143,2012-13,2012,Guard (proxy),2.3,0.5,1.1,0.4029999999999999,0.2019999999999999,-7.8,-0.2999999999999998,-0.0299999999999999,,,,,0
Josh Smith,HOU,30.0,205.74,102.0582,,USA,2004,1,17,55,6.0,3.5,1.6,-4.2,0.059,0.177,0.226,0.439,0.172,2015-16,2015,Big (proxy),12.4,6.4,3.3,0.467,0.245,0.1,-6.4,-0.028,,,,,0
Joshua Primo,SAS,19.0,193.04,85.728888,Alabama,Canada,2021,1,12,50,5.8,2.3,1.6,-3.3,0.031,0.079,0.152,0.487,0.111,2021-22,2021,Guard (proxy),,,,,,,,,,,,,0
Jrue Holiday,MIL,33.0,195.58,92.98636,UCLA,USA,2009,1,17,67,19.3,5.1,7.4,9.2,0.035,0.107,0.244,0.586,0.321,2022-23,2022,Wing (proxy),18.3,4.5,6.8,0.593,0.231,8.5,1.0,-0.007,,,,,0
Juan Carlos Navarro,MEM,28.0,190.5,77.11064,,Spain,2002,2,39,82,10.9,2.6,2.2,-7.9,0.018,0.0969999999999999,0.201,0.54,0.132,2007-08,2007,Guard (proxy),,,,,,,,,,,,,0
Juan Dixon,WAS,30.0,190.5,74.84268,Maryland,USA,2002,1,17,50,5.2,1.3,2.4,-8.8,0.012,0.083,0.193,0.478,0.2319999999999999,2008-09,2008,Guard (proxy),5.0,1.4,1.8,0.488,0.221,7.2,0.2000000000000001,-0.01,,,,,0
Juan Toscano-Anderson,UTA,30.0,198.12,94.800728,Marquette,USA,Undrafted,Undrafted,Undrafted,52,3.0,2.4,1.3,-9.9,0.037,0.128,0.109,0.505,0.122,2022-23,2022,Wing (proxy),4.1,2.4,1.7,0.561,0.144,2.9,-1.0999999999999996,-0.056,,,,,0
Juancho Hernangomez,TOR,27.0,205.74,97.068688,,Spain,2016,1,15,42,2.9,2.9,0.6,0.5,0.042,0.1689999999999999,0.092,0.504,0.051,2022-23,2022,Big (proxy),3.3,2.5,0.5,0.542,0.133,0.5,-0.3999999999999999,-0.038,,,,,0
Juaquin Hawkins,HOU,29.0,200.66,92.98636,Long Beach State,USA,Undrafted,Undrafted,Undrafted,58,2.3,1.3,0.8,2.0,0.03,0.099,0.128,0.427,0.107,2002-03,2002,Wing (proxy),,,,,,,,,,,,,0
Jud Buechler,ORL,34.0,198.12,103.418976,Arizona,USA,1990,2,38,66,1.7,1.8,0.5,-7.5,0.047,0.149,0.089,0.4629999999999999,0.069,2001-02,2001,Wing (proxy),3.4,1.6,0.7,0.568,0.114,0.0,-1.7,-0.105,,,,,0
Julian Champagnie,SAS,22.0,200.66,98.429464,St. John's,USA,Undrafted,Undrafted,Undrafted,17,9.7,3.5,0.6,-10.6,0.027,0.147,0.181,0.6,0.043,2022-23,2022,Wing (proxy),,,,,,,,,,,,,0
Julian Washburn,MEM,27.0,203.2,94.800728,Texas-El Paso,USA,Undrafted,Undrafted,Undrafted,18,2.2,2.3,0.8,-2.0,0.027,0.128,0.096,0.402,0.083,2018-19,2018,Wing (proxy),,,,,,,,,,,,,0
Julian Wright,TOR,24.0,203.2,102.0582,Kansas,USA,2007,1,13,52,3.6,2.3,1.1,-1.0,0.074,0.107,0.131,0.525,0.11,2010-11,2010,Wing (proxy),3.8,2.1,0.6,0.518,0.151,-0.4,-0.1999999999999997,0.007,,,,,0
Julius Hodge,DEN,22.0,200.66,95.25432,North Carolina State,USA,2005,1,20,14,0.9,0.5,0.4,-0.9,0.1669999999999999,0.054,0.3339999999999999,0.3929999999999999,0.3329999999999999,2005-06,2005,Wing (proxy),,,,,,,,,,,,,0
Julius Randle,NYK,28.0,203.2,113.398,Kentucky,USA,2014,1,7,77,25.1,10.0,4.1,2.7,0.05,0.226,0.288,0.581,0.184,2022-23,2022,Wing (proxy),20.1,9.9,5.1,0.509,0.2789999999999999,-3.6,5.0,0.0719999999999999,,,,,0
Julyan Stone,CHA,29.0,198.12,90.7184,Texas-El Paso,USA,Undrafted,Undrafted,Undrafted,23,0.8,1.3,1.1,9.3,0.005,0.153,0.051,0.684,0.187,2017-18,2017,Wing (proxy),0.9,1.0,0.6,0.491,0.093,-21.4,-0.0999999999999999,0.193,,,,,0
Jumaine Jones,PHX,28.0,203.2,104.32616,Georgia,USA,1999,1,27,18,2.2,1.3,0.1,-5.8,0.045,0.153,0.195,0.386,0.011,2006-07,2006,Wing (proxy),10.5,4.9,0.8,0.506,0.183,-6.1,-8.3,-0.12,,,,,0
Junior Harrington,MEM,26.0,193.04,86.18248,Wingate,USA,Undrafted,Undrafted,Undrafted,29,5.2,2.3,3.1,-2.5,0.0279999999999999,0.124,0.173,0.483,0.246,2006-07,2006,Guard (proxy),5.6,2.2,2.1,0.423,0.206,-10.1,-0.3999999999999994,0.06,,,,,0
Justin Anderson,IND,28.0,195.58,104.779752,Virginia,USA,2015,1,21,16,6.4,2.9,2.1,-0.1,0.013,0.142,0.149,0.493,0.135,2021-22,2021,Wing (proxy),2.8,2.1,0.8,0.352,0.162,-0.1,3.6000000000000005,0.141,,,,,0
Justin Champagnie,TOR,21.0,198.12,93.439952,Pittsburgh,USA,Undrafted,Undrafted,Undrafted,36,2.3,2.0,0.3,7.4,0.111,0.126,0.111,0.5710000000000001,0.051,2021-22,2021,Wing (proxy),,,,,,,,,,,,,0
Justin Hamilton,BKN,27.0,213.36,115.66596,Louisiana State,USA,2012,2,45,64,6.9,4.1,0.9,-11.3,0.062,0.172,0.162,0.55,0.074,2016-17,2016,Big (proxy),5.3,3.3,0.9,0.551,0.148,-11.8,1.6000000000000003,-0.001,,,,,0
Justin Harper,ORL,22.0,208.28,102.0582,Richmond,USA,2011,2,32,14,1.4,0.9,0.1,-24.3,0.037,0.145,0.213,0.318,0.047,2011-12,2011,Big (proxy),,,,,,,,,,,,,0
Justin Holiday,DAL,34.0,198.12,81.64656,Washington,USA,Undrafted,Undrafted,Undrafted,46,4.5,1.2,0.9,-9.1,0.0069999999999999,0.067,0.132,0.494,0.08,2022-23,2022,Wing (proxy),10.1,2.6,1.7,0.5429999999999999,0.156,-5.1,-5.6,-0.0489999999999999,,,,,0
Justin Jackson,BOS,28.0,203.2,99.79024,North Carolina,USA,2017,1,15,23,0.9,0.7,0.4,-28.3,0.017,0.119,0.122,0.359,0.145,2022-23,2022,Wing (proxy),7.2,2.3,1.5,0.516,0.195,-3.0,-6.3,-0.157,,,,,0
Justin James,SAC,24.0,200.66,86.18248,Wyoming,USA,2019,2,40,36,3.9,0.8,0.6,-8.5,0.027,0.067,0.192,0.5479999999999999,0.109,2020-21,2020,Wing (proxy),2.5,0.9,0.5,0.477,0.181,-2.4,1.4,0.0709999999999999,,,,,0
Justin Patton,HOU,24.0,210.82,109.315672,Creighton,USA,2017,1,16,13,5.4,3.8,1.1,-14.1,0.047,0.142,0.128,0.488,0.084,2020-21,2020,Big (proxy),,,,,,,,,,,,,0
Justin Reed,MIN,25.0,203.2,108.86208,Mississippi,USA,2004,2,40,41,2.6,1.1,0.4,-13.1,0.053,0.1169999999999999,0.1939999999999999,0.441,0.085,2006-07,2006,Wing (proxy),4.5,1.7,0.6,0.467,0.188,-6.4,-1.9,-0.026,,,,,0
Justin Robinson,DET,24.0,185.42,88.45044,Virginia Tech,USA,2019,Undrafted,Undrafted,25,3.1,0.8,1.3,-17.5,0.011,0.051,0.153,0.4039999999999999,0.175,2021-22,2021,Guard (proxy),,,,,,,,,,,,,0
Justin Williams,HOU,24.0,208.28,117.93392,Wyoming,USA,Undrafted,Undrafted,Undrafted,23,1.5,2.1,0.0,-5.0,0.19,0.271,0.16,0.42,0.0,2007-08,2007,Big (proxy),5.0,4.4,0.1,0.5660000000000001,0.174,-7.6,-3.5,-0.146,,,,,0
Justise Winslow,POR,27.0,198.12,100.697424,Duke,USA,2015,1,10,29,6.8,5.0,3.4,-2.6,0.062,0.123,0.139,0.466,0.177,2022-23,2022,Wing (proxy),5.7,4.2,1.8,0.479,0.178,2.1,1.0999999999999996,-0.0129999999999999,,,,,0
Jusuf Nurkic,POR,28.0,213.36,131.54168,,Bosnia and Herzegovina,2014,1,16,52,13.3,9.1,2.9,0.3,0.084,0.258,0.218,0.589,0.16,2022-23,2022,Big (proxy),15.0,11.1,2.8,0.586,0.233,-0.1,-1.6999999999999993,0.003,,,,,0
Juwan Howard,MIA,39.0,205.74,113.398,Michigan,USA,1994,1,5,28,1.5,1.7,0.4,-12.2,0.105,0.193,0.19,0.354,0.098,2011-12,2011,Big (proxy),2.4,2.1,0.4,0.495,0.133,2.6,-0.8999999999999999,-0.141,,,,,0
Juwan Morgan,UTA,24.0,200.66,105.233344,Indiana,USA,Undrafted,Undrafted,Undrafted,29,1.2,1.0,0.3,-34.1,0.051,0.133,0.102,0.529,0.1009999999999999,2020-21,2020,Wing (proxy),1.7,1.4,0.3,0.648,0.1009999999999999,12.0,-0.5,-0.119,,,,,0
KJ McDaniels,BKN,24.0,198.12,92.98636,Clemson,USA,2014,2,32,49,4.2,1.7,0.3,-3.1,0.033,0.143,0.185,0.555,0.04,2016-17,2016,Wing (proxy),2.4,1.1,0.3,0.522,0.188,18.9,1.8000000000000005,0.033,,,,,0
KZ Okpala,SAC,24.0,203.2,97.52228,Stanford,USA,2019,2,32,35,1.3,1.0,0.4,1.5,0.0279999999999999,0.102,0.081,0.5539999999999999,0.065,2022-23,2022,Wing (proxy),3.7,2.0,0.7,0.521,0.141,2.7,-2.4000000000000004,0.0329999999999999,,,,,0
Kadeem Allen,NYK,27.0,185.42,90.7184,Arizona,USA,2017,2,53,10,5.0,0.9,2.1,-10.1,0.016,0.065,0.191,0.512,0.259,2019-20,2019,Guard (proxy),9.9,2.7,4.0,0.574,0.195,-4.1,-4.9,-0.0619999999999999,,,,,0
Kai Jones,CHA,22.0,210.82,100.243832,Texas,Bahamas,2021,1,19,46,3.4,2.7,0.3,-3.1,0.065,0.146,0.121,0.597,0.0409999999999999,2022-23,2022,Big (proxy),1.0,0.5,0.2,0.628,0.15,-11.1,2.4,-0.031,,,,,0
Kaniel Dickens,NJN,26.0,203.2,97.52228,Idaho,USA,2000,2,50,11,1.2,0.8,0.1,-31.3,0.079,0.143,0.145,0.437,0.036,2004-05,2004,Wing (proxy),,,,,,,,,,,,,0
Kareem Rush,PHI,28.0,198.12,97.52228,Missouri,USA,2002,1,20,25,2.2,0.6,0.6,-5.6,0.0,0.09,0.153,0.452,0.111,2008-09,2008,Wing (proxy),8.3,2.4,1.3,0.5,0.188,-2.5,-6.1000000000000005,-0.0479999999999999,,,,,0
Karim Mane,ORL,21.0,190.5,86.18248,,Senegal,Undrafted,Undrafted,Undrafted,10,1.1,1.4,0.4,-12.0,0.01,0.151,0.085,0.362,0.061,2020-21,2020,Guard (proxy),,,,,,,,,,,,,0
Karl Malone,LAL,40.0,205.74,117.480328,Louisiana Tech,USA,1985,1,13,42,13.2,8.7,3.9,8.1,0.051,0.237,0.193,0.555,0.185,2003-04,2003,Big (proxy),20.6,7.8,4.7,0.534,0.276,3.0,-7.400000000000002,0.021,,,,,0
Karl-Anthony Towns,MIN,27.0,213.36,112.490816,Kentucky,USA,2015,1,1,29,20.8,8.1,4.8,1.8,0.05,0.181,0.25,0.618,0.225,2022-23,2022,Big (proxy),24.6,9.8,3.6,0.64,0.272,5.3,-3.8000000000000007,-0.022,,,,,0
Kasib Powell,MIA,27.0,200.66,97.52228,Texas Tech,USA,Undrafted,Undrafted,Undrafted,11,7.6,4.0,1.6,-12.5,0.031,0.139,0.172,0.424,0.129,2007-08,2007,Wing (proxy),,,,,,,,,,,,,0
Kawhi Leonard,LAC,32.0,200.66,102.0582,San Diego State,USA,2011,1,15,52,23.8,6.5,3.9,6.1,0.034,0.16,0.267,0.623,0.19,2022-23,2022,Wing (proxy),24.8,6.5,5.2,0.622,0.282,12.2,-1.0,0.001,,,,,0
Kay Felder,DET,23.0,175.26,79.83219199999998,,USA,2016,2,54,16,3.6,1.1,1.3,-15.1,0.019,0.108,0.28,0.379,0.247,2017-18,2017,Guard (proxy),4.0,1.0,1.4,0.462,0.251,-5.5,-0.3999999999999999,-0.083,,,,,0
Kebu Stewart,PHI,24.0,203.2,108.408488,Cal State-Bakersfield,USA,1997,2,35,15,2.7,2.1,0.1,11.7,0.087,0.212,0.173,0.541,0.03,1997-98,1997,Wing (proxy),,,,,,,,,,,,,0
Kedrick Brown,CLE,23.0,200.66,100.697424,Northwest Florida State,USA,2001,1,11,55,5.3,2.7,1.2,3.3,0.049,0.122,0.139,0.5429999999999999,0.106,2003-04,2003,Wing (proxy),2.8,2.7,0.4,0.392,0.147,-3.9,2.5,0.1509999999999999,,,,,0
Keegan Murray,SAC,22.0,203.2,102.0582,Iowa,USA,2022,1,4,80,12.2,4.6,1.2,1.7,0.038,0.123,0.156,0.597,0.053,2022-23,2022,Wing (proxy),,,,,,,,,,,,,0
Keifer Sykes,IND,28.0,180.34,75.749864,Wisc.-Green Bay,USA,Undrafted,Undrafted,Undrafted,32,5.6,1.4,1.9,-4.5,0.0139999999999999,0.069,0.174,0.456,0.162,2021-22,2021,Guard (proxy),,,,,,,,,,,,,0
Keita Bates-Diop,SAS,27.0,203.2,103.872568,Ohio State,USA,2018,2,48,67,9.7,3.7,1.5,-8.5,0.042,0.13,0.165,0.609,0.099,2022-23,2022,Wing (proxy),5.7,3.9,0.7,0.578,0.144,0.8,3.999999999999999,0.031,,,,,0
Keith Askins,MIA,31.0,203.2,97.52228,Alabama,USA,Undrafted,Undrafted,Undrafted,33,1.6,1.3,0.3,9.6,0.0289999999999999,0.09,0.092,0.4039999999999999,0.038,1998-99,1998,Wing (proxy),2.4,2.2,0.6,0.426,0.108,5.5,-0.7999999999999998,-0.022,,,,,0
Keith Bogans,BKN,33.0,195.58,97.52228,Kentucky,USA,2003,2,43,74,4.2,1.6,1.0,-0.2,0.013,0.086,0.113,0.5329999999999999,0.084,2012-13,2012,Wing (proxy),4.4,1.8,1.2,0.5589999999999999,0.115,5.7,-0.2000000000000001,-0.026,,,,,0
Keith Booth,CHI,24.0,198.12,102.511792,Maryland,USA,1997,1,28,39,3.1,2.4,1.0,-18.3,0.067,0.1939999999999999,0.2269999999999999,0.354,0.172,1998-99,1998,Wing (proxy),,,,,,,,,,,,,0
Keith Closs,LAC,24.0,220.98,96.161504,Central Connecticut State,USA,Undrafted,Undrafted,Undrafted,57,4.2,3.1,0.4,-11.4,0.087,0.156,0.141,0.514,0.048,1999-00,1999,Big (proxy),2.1,1.7,0.0,0.584,0.17,-9.8,2.1,-0.0699999999999999,,,,,0
Keith McLeod,IND,27.0,187.96,86.18248,Bowling Green,USA,Undrafted,Undrafted,Undrafted,48,4.8,0.9,1.9,-2.2,0.006,0.063,0.163,0.52,0.184,2006-07,2006,Guard (proxy),5.6,1.2,2.3,0.4639999999999999,0.182,-6.3,-0.7999999999999998,0.0560000000000001,,,,,0
Keith Van Horn,DAL,30.0,208.28,111.13004,Utah,USA,1997,1,2,53,8.9,3.6,0.7,3.8,0.059,0.148,0.214,0.54,0.06,2005-06,2005,Big (proxy),11.2,4.7,1.2,0.55,0.214,2.0,-2.299999999999999,-0.01,,,,,0
Kelan Martin,BOS,26.0,195.58,104.32616,Butler,USA,Undrafted,Undrafted,Undrafted,30,5.7,1.8,0.7,-6.2,0.035,0.086,0.18,0.484,0.072,2021-22,2021,Wing (proxy),4.5,2.2,0.5,0.551,0.1989999999999999,15.6,1.2000000000000002,-0.067,,,,,0
Keldon Johnson,SAS,23.0,195.58,99.79024,Kentucky,USA,2019,1,29,63,22.0,5.0,2.9,-11.3,0.025,0.133,0.273,0.551,0.1369999999999999,2022-23,2022,Wing (proxy),17.0,6.1,2.1,0.574,0.21,2.1,5.0,-0.0229999999999999,,,,,0
Kelenna Azubuike,GSW,25.0,195.58,99.79024,Kentucky,England,Undrafted,Undrafted,Undrafted,74,14.4,5.0,1.6,-1.9,0.05,0.1169999999999999,0.186,0.562,0.076,2008-09,2008,Wing (proxy),8.5,4.0,0.9,0.534,0.172,0.7,5.9,0.028,,,,,0
Keljin Blevins,POR,26.0,193.04,90.7184,Montana State,USA,2019,Undrafted,Undrafted,31,3.1,1.5,0.6,-27.7,0.042,0.09,0.161,0.41,0.083,2021-22,2021,Guard (proxy),0.7,0.6,0.2,0.3,0.126,-22.2,2.4000000000000004,0.1099999999999999,,,,,0
Kelly Olynyk,UTA,32.0,210.82,108.86208,Gonzaga,Canada,2013,1,13,68,12.5,6.2,3.7,0.4,0.042,0.1639999999999999,0.176,0.643,0.173,2022-23,2022,Big (proxy),9.1,4.4,2.8,0.561,0.207,-4.9,3.4000000000000004,0.0819999999999999,,,,,0
Kelly Oubre Jr.,CHA,27.0,198.12,92.079176,Kansas,USA,2015,1,15,48,20.3,5.2,1.1,-7.7,0.038,0.121,0.257,0.534,0.057,2022-23,2022,Wing (proxy),15.0,4.0,1.1,0.56,0.223,-0.2,5.300000000000001,-0.026,,,,,0
Kelvin Cato,NYK,32.0,210.82,124.7378,Iowa State,USA,1997,1,15,18,1.2,1.7,0.0,-3.4,0.121,0.209,0.159,0.4029999999999999,0.0,2006-07,2006,Big (proxy),3.6,2.6,0.1,0.493,0.166,-8.5,-2.4000000000000004,-0.09,,,,,0
Kemba Walker,NYK,32.0,182.88,83.46092800000001,Connecticut,USA,2011,1,9,37,11.6,3.0,3.5,-9.1,0.0139999999999999,0.099,0.2019999999999999,0.537,0.22,2021-22,2021,Guard (proxy),19.3,4.0,4.9,0.5589999999999999,0.256,3.1,-7.700000000000001,-0.0219999999999999,,,,,0
Ken Johnson,MIA,25.0,208.28,108.86208,Ohio State,USA,2001,2,48,16,2.0,2.0,0.0,-5.9,0.031,0.187,0.139,0.4039999999999999,0.0,2002-03,2002,Big (proxy),,,,,,,,,,,,,0
Ken Norman,ATL,32.0,203.2,97.52228,Illinois,USA,1987,1,19,17,3.8,2.3,0.7,-9.1,0.039,0.142,0.2339999999999999,0.322,0.107,1996-97,1996,Wing (proxy),,,,,,,,,,,,,0
Kendall Gill,MIL,37.0,195.58,97.975872,Illinois,USA,1990,1,5,14,6.1,2.6,1.9,-2.8,0.042,0.121,0.159,0.479,0.159,2004-05,2004,Wing (proxy),9.6,3.4,1.6,0.4429999999999999,0.2189999999999999,-9.8,-3.5,0.036,,,,,0
Kendall Marshall,PHI,24.0,193.04,90.7184,North Carolina,USA,2012,1,13,30,3.7,0.9,2.4,-14.6,0.005,0.076,0.181,0.449,0.266,2015-16,2015,Guard (proxy),4.2,1.0,3.1,0.562,0.16,8.0,-0.5,-0.113,,,,,0
Kendrick Nunn,WAS,27.0,190.5,86.18248,Oakland,USA,Undrafted,Undrafted,Undrafted,70,7.1,1.6,1.3,-2.3,0.015,0.09,0.2269999999999999,0.53,0.1369999999999999,2022-23,2022,Guard (proxy),14.6,3.2,2.6,0.596,0.205,-0.4,-7.5,-0.0659999999999999,,,,,0
Kendrick Perkins,NOP,31.0,208.28,122.46984,,USA,2003,1,27,37,2.5,3.5,0.8,-5.8,0.053,0.225,0.106,0.529,0.077,2015-16,2015,Big (proxy),3.6,4.7,0.8,0.467,0.139,0.7,-1.1,0.062,,,,,0
Kennedy Chandler,MEM,20.0,180.34,77.11064,Tennessee,USA,2022,2,38,36,2.2,1.1,1.6,-5.4,0.0289999999999999,0.103,0.15,0.44,0.278,2022-23,2022,Guard (proxy),,,,,,,,,,,,,0
Kenneth Faried,HOU,29.0,203.2,99.79024,Morehead State,USA,2011,1,22,37,10.4,6.8,0.5,4.0,0.123,0.21,0.1939999999999999,0.622,0.043,2018-19,2018,Wing (proxy),5.9,4.8,0.6,0.552,0.173,-5.0,4.5,0.0699999999999999,,,,,0
Kenneth Lofton Jr.,MEM,20.0,198.12,124.7378,Louisiana Tech,USA,Undrafted,Undrafted,Undrafted,24,5.0,2.1,0.8,-13.4,0.0969999999999999,0.198,0.267,0.5720000000000001,0.198,2022-23,2022,Wing (proxy),,,,,,,,,,,,,0
Kenny Anderson,LAC,34.0,185.42,76.203456,Georgia Tech,USA,1991,1,2,43,4.7,2.0,2.4,-12.0,0.035,0.1119999999999999,0.16,0.467,0.22,2004-05,2004,Guard (proxy),6.0,1.8,2.8,0.473,0.166,2.9,-1.2999999999999998,-0.0059999999999999,,,,,0
Kenny Satterfield,PHI,22.0,187.96,77.11064,Cincinnati,USA,2001,2,53,39,3.4,1.1,1.7,-10.4,0.034,0.073,0.209,0.34,0.256,2002-03,2002,Guard (proxy),5.3,1.4,3.0,0.431,0.218,-5.0,-1.9,-0.0909999999999999,,,,,0
Kenny Smith,DEN,32.0,190.5,77.11064,North Carolina,USA,1987,1,6,48,6.3,0.9,2.4,-14.2,0.006,0.0579999999999999,0.1939999999999999,0.58,0.262,1996-97,1996,Guard (proxy),,,,,,,,,,,,,0
Kenny Thomas,SAC,32.0,200.66,111.13004,New Mexico,USA,1999,1,22,26,1.6,3.3,0.6,2.5,0.133,0.184,0.083,0.509,0.064,2009-10,2009,Wing (proxy),1.4,2.7,0.6,0.3979999999999999,0.0969999999999999,-17.8,0.2000000000000001,0.1110000000000001,,,,,0
Kenrich Williams,OKC,28.0,198.12,95.25432,TCU,USA,Undrafted,Undrafted,Undrafted,53,8.0,4.9,2.0,4.1,0.075,0.1369999999999999,0.134,0.585,0.1169999999999999,2022-23,2022,Wing (proxy),7.4,4.5,2.2,0.532,0.153,1.7,0.5999999999999996,0.0529999999999999,,,,,0
Kent Bazemore,LAL,32.0,193.04,88.45044,Old Dominion,USA,Undrafted,Undrafted,Undrafted,39,3.4,1.8,0.9,-8.9,0.022,0.0969999999999999,0.128,0.451,0.085,2021-22,2021,Guard (proxy),7.2,3.4,1.6,0.564,0.159,5.9,-3.8,-0.1129999999999999,,,,,0
Kentavious Caldwell-Pope,DEN,30.0,195.58,92.532768,Georgia,USA,2013,1,8,76,10.8,2.7,2.4,9.8,0.016,0.074,0.136,0.598,0.092,2022-23,2022,Wing (proxy),13.2,3.4,1.9,0.568,0.185,-4.7,-2.3999999999999986,0.03,,,,,0
Kenyon Martin,MIL,37.0,205.74,102.0582,Cincinnati,USA,2000,1,1,11,1.8,1.7,0.5,-2.3,0.067,0.123,0.1159999999999999,0.437,0.068,2014-15,2014,Big (proxy),4.3,4.2,1.6,0.521,0.119,4.8,-2.5,-0.084,,,,,0
Kenyon Martin Jr.,HOU,22.0,200.66,97.52228,,USA,2020,2,52,82,12.7,5.5,1.5,-8.0,0.052,0.143,0.16,0.635,0.079,2022-23,2022,Wing (proxy),8.8,3.8,1.3,0.603,0.158,-6.9,3.899999999999999,0.032,,,,,0
Keon Clark,SAC,28.0,210.82,100.243832,Nevada-Las Vegas,USA,1998,1,13,80,6.7,5.6,1.0,6.2,0.088,0.176,0.152,0.528,0.07,2002-03,2002,Big (proxy),11.3,7.4,1.1,0.522,0.214,-0.8,-4.6000000000000005,0.006,,,,,0
Keon Ellis,SAC,23.0,190.5,79.3786,Alabama,USA,Undrafted,Undrafted,Undrafted,16,1.5,0.5,0.4,-14.3,0.0559999999999999,0.063,0.124,0.629,0.136,2022-23,2022,Guard (proxy),,,,,,,,,,,,,0
Keon Johnson,POR,21.0,190.5,83.91452,Tennessee,USA,2021,1,21,40,4.7,1.1,1.5,-16.2,0.025,0.086,0.237,0.482,0.226,2022-23,2022,Guard (proxy),7.2,2.2,2.1,0.4529999999999999,0.207,-19.0,-2.5,0.029,,,,,0
Kerry Kittles,LAC,31.0,195.58,83.91452,Villanova,USA,1996,1,8,11,6.3,2.9,1.8,-4.0,0.005,0.156,0.155,0.446,0.13,2004-05,2004,Wing (proxy),13.1,4.0,2.5,0.526,0.182,4.5,-6.8,-0.08,,,,,0
Kessler Edwards,SAC,22.0,200.66,92.079176,Pepperdine,USA,2021,2,44,36,2.8,1.7,0.6,2.2,0.059,0.102,0.119,0.502,0.073,2022-23,2022,Wing (proxy),5.9,3.6,0.6,0.516,0.132,-3.3,-3.1000000000000005,-0.014,,,,,0
Kevin Burleson,CHA,27.0,190.5,92.98636,Minnesota,USA,Undrafted,Undrafted,Undrafted,39,1.8,0.7,1.2,-0.9,0.013,0.081,0.159,0.367,0.242,2005-06,2005,Guard (proxy),,,,,,,,,,,,,0
Kevin Duckworth,LAC,33.0,213.36,136.0776,Eastern Illinois,USA,1986,2,33,26,4.0,2.3,0.6,-19.5,0.07,0.123,0.172,0.473,0.069,1996-97,1996,Big (proxy),,,,,,,,,,,,,0
Kevin Durant,PHX,34.0,208.28,108.86208,Texas,USA,2007,1,2,47,29.1,6.7,5.0,6.8,0.012,0.166,0.305,0.677,0.228,2022-23,2022,Big (proxy),29.9,7.4,6.4,0.634,0.31,6.5,-0.7999999999999972,0.043,,,,,0
Kevin Edwards,VAN,35.0,190.5,95.25432,DePaul,USA,1988,1,20,46,3.5,1.8,1.1,-3.2,0.0409999999999999,0.102,0.162,0.414,0.126,2000-01,2000,Guard (proxy),3.8,1.4,1.0,0.416,0.181,-2.7,-0.2999999999999998,-0.002,,,,,0
Kevin Gamble,SAC,31.0,195.58,95.25432,Iowa,USA,1987,3,63,62,5.0,1.7,1.2,-5.6,0.015,0.119,0.149,0.529,0.131,1996-97,1996,Wing (proxy),,,,,,,,,,,,,0
Kevin Garnett,MIN,40.0,210.82,108.86208,,USA,1995,1,5,38,3.2,3.9,1.6,6.6,0.031,0.262,0.1169999999999999,0.491,0.1639999999999999,2015-16,2015,Big (proxy),6.9,6.6,1.6,0.496,0.184,0.2,-3.7,-0.005,,,,,0
Kevin Hervey,OKC,23.0,205.74,104.32616,Texas-Arlington,USA,2018,2,57,10,1.7,1.2,0.5,-28.9,0.012,0.216,0.1889999999999999,0.315,0.192,2019-20,2019,Big (proxy),,,,,,,,,,,,,0
Kevin Huerter,SAC,24.0,200.66,89.811216,Maryland,USA,2018,1,19,75,15.2,3.3,2.9,4.5,0.02,0.1,0.1969999999999999,0.617,0.1369999999999999,2022-23,2022,Wing (proxy),12.1,3.4,2.7,0.57,0.1689999999999999,3.8,3.1,0.047,,,,,0
Kevin Johnson,PHX,32.0,185.42,86.18248,California,USA,1987,1,7,50,9.5,3.3,4.9,6.8,0.034,0.114,0.1889999999999999,0.555,0.288,1997-98,1997,Guard (proxy),20.1,3.6,9.3,0.631,0.226,2.9,-10.6,-0.0759999999999999,,,,,0
Kevin Jones,CLE,23.0,203.2,117.93392,West Virginia,USA,Undrafted,Undrafted,Undrafted,32,3.0,2.4,0.3,6.0,0.123,0.145,0.158,0.418,0.043,2012-13,2012,Wing (proxy),,,,,,,,,,,,,0
Kevin Knox II,POR,23.0,200.66,97.52228,Kentucky,USA,2018,1,9,63,6.6,2.8,0.5,-11.4,0.033,0.152,0.175,0.579,0.053,2022-23,2022,Wing (proxy),3.1,1.5,0.3,0.491,0.187,-15.1,3.5,0.0879999999999999,,,,,0
Kevin Love,MIA,34.0,203.2,113.851592,UCLA,USA,2008,1,5,62,8.2,6.4,1.9,3.9,0.05,0.287,0.185,0.5479999999999999,0.131,2022-23,2022,Wing (proxy),13.6,7.2,2.2,0.594,0.239,1.5,-5.4,-0.046,,,,,0
Kevin Martin,SAS,33.0,200.66,90.264808,Western Carolina,USA,2004,1,26,55,9.3,2.0,1.1,-5.4,0.0139999999999999,0.102,0.222,0.52,0.089,2015-16,2015,Wing (proxy),20.0,3.6,2.3,0.5489999999999999,0.266,-10.9,-10.7,-0.0289999999999999,,,,,0
Kevin Murphy,UTA,23.0,198.12,83.91452,Tennessee Tech,USA,2012,2,47,17,0.9,0.2,0.1,-40.9,0.0,0.103,0.26,0.268,0.083,2012-13,2012,Wing (proxy),,,,,,,,,,,,,0
Kevin Ollie,OKC,37.0,187.96,88.45044,Connecticut,USA,Undrafted,Undrafted,Undrafted,25,1.8,1.0,0.8,-3.9,0.016,0.106,0.0969999999999999,0.4529999999999999,0.12,2009-10,2009,Guard (proxy),4.0,1.5,2.3,0.525,0.124,-8.3,-2.2,-0.0720000000000001,,,,,0
Kevin Pangos,CLE,29.0,185.42,81.19296800000001,Gonzaga,Canada,Undrafted,Undrafted,Undrafted,24,1.6,0.5,1.3,-12.1,0.012,0.057,0.143,0.408,0.246,2021-22,2021,Guard (proxy),,,,,,,,,,,,,0
Kevin Porter Jr.,HOU,23.0,193.04,92.079176,Southern California,USA,2019,1,30,59,19.2,5.3,5.7,-8.3,0.036,0.1169999999999999,0.239,0.565,0.26,2022-23,2022,Guard (proxy),15.6,4.4,6.2,0.531,0.239,-6.7,3.6,0.0339999999999999,,,,,0
Kevin Salvadori,SAC,27.0,213.36,104.779752,North Carolina,USA,Undrafted,Undrafted,Undrafted,16,0.3,1.3,0.2,-9.4,0.0559999999999999,0.156,0.106,0.16,0.051,1997-98,1997,Big (proxy),1.6,1.1,0.4,0.452,0.15,3.5,-1.3,-0.292,,,,,0
Kevin Seraphin,IND,27.0,208.28,126.098576,Le Moyne,France,2010,1,17,49,4.7,2.9,0.5,-9.9,0.079,0.2019999999999999,0.1889999999999999,0.5589999999999999,0.069,2016-17,2016,Big (proxy),3.9,2.6,1.0,0.435,0.223,-10.4,0.8000000000000003,0.1239999999999999,,,,,0
Kevin Willis,ATL,42.0,213.36,111.13004,Michigan State,USA,1984,1,11,29,3.0,2.6,0.3,-15.5,0.091,0.1639999999999999,0.151,0.434,0.043,2004-05,2004,Big (proxy),3.4,2.0,0.2,0.491,0.244,-0.9,-0.3999999999999999,-0.0569999999999999,,,,,0
Kevon Harris,ORL,26.0,198.12,97.975872,Stephen F. Austin,USA,Undrafted,Undrafted,Undrafted,34,4.1,2.1,0.5,0.3,0.057,0.092,0.129,0.564,0.049,2022-23,2022,Wing (proxy),,,,,,,,,,,,,0
Kevon Looney,GSW,27.0,205.74,100.697424,UCLA,USA,2015,1,30,82,7.0,9.3,2.5,4.4,0.135,0.2339999999999999,0.104,0.639,0.136,2022-23,2022,Big (proxy),6.0,7.3,2.0,0.586,0.12,6.0,1.0,0.053,,,,,0
Keyon Dooling,BOS,32.0,190.5,88.45044,Missouri,USA,2000,1,10,46,4.0,0.8,1.1,-9.5,0.006,0.064,0.158,0.515,0.138,2011-12,2011,Guard (proxy),7.1,1.5,3.0,0.509,0.176,3.4,-3.1,0.006,,,,,0
Khalid El-Amin,CHI,22.0,177.8,90.7184,Connecticut,USA,2000,2,34,50,6.3,1.6,2.9,-10.7,0.023,0.08,0.193,0.4579999999999999,0.288,2000-01,2000,Guard (proxy),,,,,,,,,,,,,0
Khalid Reeves,DET,26.0,190.5,90.264808,Arizona,USA,1994,1,12,11,2.3,0.6,1.0,0.3,0.027,0.047,0.1369999999999999,0.46,0.18,1998-99,1998,Guard (proxy),8.7,2.3,2.8,0.522,0.195,-4.5,-6.4,-0.062,,,,,0
Khem Birch,SAS,30.0,203.2,105.68693600000002,UNLV,Canada,Undrafted,Undrafted,Undrafted,20,2.2,1.3,0.4,2.8,0.051,0.118,0.113,0.629,0.063,2022-23,2022,Wing (proxy),4.5,4.3,1.0,0.534,0.108,-0.1,-2.3,0.0949999999999999,,,,,0
Khris Middleton,MIL,31.0,200.66,100.697424,Texas A&M,USA,2012,2,39,33,15.1,4.2,4.9,6.1,0.034,0.122,0.259,0.551,0.288,2022-23,2022,Wing (proxy),20.1,5.4,5.4,0.5770000000000001,0.255,5.4,-5.000000000000002,-0.026,,,,,0
Khyri Thomas,DET,23.0,190.5,95.25432,Creighton,USA,2018,2,38,26,2.3,0.8,0.3,-8.0,0.017,0.0819999999999999,0.158,0.413,0.067,2018-19,2018,Guard (proxy),,,,,,,,,,,,,0
Killian Hayes,DET,21.0,195.58,88.45044,,France,2020,1,7,76,10.3,2.9,6.2,-10.9,0.012,0.092,0.201,0.455,0.325,2022-23,2022,Wing (proxy),6.9,3.2,4.2,0.461,0.154,-10.3,3.4000000000000004,-0.006,,,,,0
Killian Tillie,MEM,24.0,205.74,99.79024,Gonzaga,France,Undrafted,Undrafted,Undrafted,36,3.3,1.7,0.6,3.4,0.04,0.085,0.128,0.452,0.061,2021-22,2021,Big (proxy),3.2,1.3,0.4,0.461,0.148,9.6,0.0999999999999996,-0.009,,,,,0
Kim English,DET,24.0,198.12,90.7184,Missouri,USA,2012,2,44,41,2.9,0.9,0.6,-8.1,0.022,0.086,0.158,0.477,0.0969999999999999,2012-13,2012,Wing (proxy),,,,,,,,,,,,,0
Kira Lewis Jr.,NOP,22.0,185.42,77.11064,Alabama,USA,2020,1,13,25,4.6,1.3,0.9,11.2,0.021,0.109,0.192,0.584,0.1369999999999999,2022-23,2022,Guard (proxy),5.9,1.6,2.0,0.466,0.209,-14.1,-1.3000000000000007,0.1179999999999999,,,,,0
Kirk Haston,NOH,24.0,205.74,109.769264,Indiana,USA,2001,1,16,12,0.5,0.6,0.3,-23.0,0.0,0.159,0.1989999999999999,0.16,0.0969999999999999,2002-03,2002,Big (proxy),1.7,1.3,0.3,0.306,0.249,-9.3,-1.2,-0.146,,,,,0
Kirk Hinrich,ATL,35.0,193.04,86.18248,Kansas,USA,2003,1,7,46,3.0,1.5,1.6,1.5,0.0139999999999999,0.107,0.1169999999999999,0.504,0.173,2015-16,2015,Guard (proxy),5.7,1.8,2.2,0.4679999999999999,0.132,1.9,-2.7,0.036,,,,,0
Kirk Snyder,MIN,25.0,198.12,102.0582,Nevada,USA,2004,1,16,36,7.3,3.5,1.8,-2.4,0.046,0.149,0.168,0.573,0.122,2007-08,2007,Wing (proxy),4.9,2.1,1.0,0.536,0.175,-1.0,2.3999999999999995,0.0369999999999999,,,,,0
Kiwane Garris,DEN,23.0,187.96,83.007336,Illinois,USA,Undrafted,Undrafted,Undrafted,28,2.4,0.7,1.0,-17.4,0.016,0.0819999999999999,0.179,0.447,0.214,1997-98,1997,Guard (proxy),,,,,,,,,,,,,0
Klay Thompson,GSW,33.0,198.12,99.79024,Washington State,USA,2011,1,11,69,21.9,4.1,2.4,2.9,0.017,0.1009999999999999,0.256,0.5760000000000001,0.105,2022-23,2022,Wing (proxy),20.4,3.9,2.8,0.547,0.284,3.3,1.5,0.029,,,,,0
Kobe Bryant,LAL,37.0,198.12,96.161504,,USA,1996,1,13,66,17.6,3.7,2.8,-15.8,0.023,0.123,0.319,0.469,0.183,2015-16,2015,Wing (proxy),22.3,5.7,5.6,0.477,0.3429999999999999,-12.2,-4.699999999999999,-0.008,,,,,0
Kobi Simmons,MEM,20.0,193.04,77.11064,Arizona,USA,Undrafted,Undrafted,Undrafted,32,6.1,1.6,2.1,-17.0,0.021,0.062,0.163,0.49,0.157,2017-18,2017,Guard (proxy),,,,,,,,,,,,,0
Kornel David,DET,29.0,205.74,104.32616,,USA,Undrafted,Undrafted,Undrafted,27,2.3,1.9,0.3,-9.1,0.077,0.2,0.142,0.547,0.057,2000-01,2000,Big (proxy),5.6,2.5,0.5,0.493,0.1989999999999999,-15.3,-3.3,0.054,,,,,0
Kosta Koufos,SAC,30.0,213.36,111.13004,Ohio State,USA,2008,1,23,42,3.7,4.2,0.9,-1.3,0.088,0.2289999999999999,0.15,0.477,0.099,2018-19,2018,Big (proxy),6.7,6.6,1.2,0.5660000000000001,0.15,-8.0,-3.0,-0.089,,,,,0
Kostas Antetokounmpo,LAL,23.0,208.28,90.7184,Dayton,Greece,2018,2,60,15,0.8,1.3,0.1,22.1,0.059,0.211,0.172,0.382,0.023,2020-21,2020,Big (proxy),,,,,,,,,,,,,0
Kostas Papanikolaou,DEN,25.0,203.2,106.59412,,Greece,2012,2,48,26,2.6,1.5,0.6,-0.2,0.032,0.125,0.145,0.4639999999999999,0.077,2015-16,2015,Wing (proxy),4.2,2.7,2.0,0.444,0.144,-2.6,-1.6,0.0199999999999999,,,,,0
Kris Dunn,UTA,29.0,190.5,92.98636,Providence,USA,2016,1,5,22,13.2,4.5,5.6,-4.3,0.015,0.148,0.195,0.606,0.315,2022-23,2022,Guard (proxy),7.6,3.5,5.6,0.482,0.176,-12.0,5.6,0.124,,,,,0
Kris Humphries,ATL,32.0,205.74,106.59412,Minnesota,USA,2004,1,14,56,4.6,3.7,0.5,-4.4,0.095,0.245,0.18,0.514,0.07,2016-17,2016,Big (proxy),6.5,4.1,0.7,0.517,0.192,-5.2,-1.9000000000000004,-0.003,,,,,0
Kris Joseph,BKN,24.0,200.66,95.25432,Syracuse,USA,2012,2,51,10,0.9,0.7,0.1,-3.3,0.02,0.136,0.166,0.257,0.0279999999999999,2012-13,2012,Wing (proxy),,,,,,,,,,,,,0
Kristaps Porzingis,WAS,27.0,220.98,108.86208,,Latvia,2015,1,4,65,23.2,8.4,2.7,1.4,0.057,0.1939999999999999,0.272,0.627,0.125,2022-23,2022,Big (proxy),20.2,8.1,2.3,0.5770000000000001,0.286,0.4,3.0,0.0499999999999999,,,,,0
Kurt Thomas,NYK,40.0,205.74,108.86208,Texas Christian,USA,1995,1,10,39,2.5,2.3,0.5,-1.2,0.067,0.19,0.1169999999999999,0.547,0.085,2012-13,2012,Big (proxy),3.0,3.5,0.9,0.483,0.113,-1.5,-0.5,0.064,,,,,0
Kwame Brown,PHI,31.0,210.82,131.54168,,USA,2001,1,1,22,1.9,3.4,0.4,-6.5,0.092,0.221,0.094,0.452,0.051,2012-13,2012,Big (proxy),7.9,6.8,0.7,0.55,0.151,-7.3,-6.0,-0.098,,,,,0
Ky Bowman,GSW,23.0,185.42,84.821704,Boston College,USA,Undrafted,Undrafted,Undrafted,45,7.4,2.7,2.9,-8.4,0.022,0.093,0.168,0.494,0.2019999999999999,2019-20,2019,Guard (proxy),,,,,,,,,,,,,0
Kyle Anderson,MIN,29.0,205.74,104.32616,UCLA,USA,2014,1,30,69,9.4,5.3,4.9,2.3,0.035,0.152,0.143,0.583,0.225,2022-23,2022,Big (proxy),7.6,5.3,2.7,0.506,0.156,2.0,1.8000000000000007,0.0769999999999999,,,,,0
Kyle Collinsworth,DAL,26.0,198.12,95.25432,Brigham Young,USA,Undrafted,Undrafted,Undrafted,32,3.2,3.3,1.8,-2.1,0.06,0.162,0.124,0.433,0.163,2017-18,2017,Wing (proxy),,,,,,,,,,,,,0
Kyle Guy,MIA,24.0,185.42,75.749864,Virginia,USA,2019,2,55,19,3.9,0.9,0.9,-13.6,0.02,0.069,0.182,0.526,0.149,2021-22,2021,Guard (proxy),2.8,1.1,1.0,0.449,0.185,-4.2,1.1,0.077,,,,,0
Kyle Korver,MIL,39.0,200.66,96.161504,Creighton,USA,2003,2,51,58,6.7,2.1,1.2,5.4,0.0139999999999999,0.091,0.145,0.62,0.092,2019-20,2019,Wing (proxy),8.6,2.3,1.2,0.5820000000000001,0.174,3.6,-1.8999999999999997,0.0379999999999999,,,,,0
Kyle Kuzma,WAS,27.0,205.74,100.243832,Utah,USA,2017,1,27,64,21.2,7.2,3.7,0.3,0.025,0.172,0.273,0.544,0.1639999999999999,2022-23,2022,Big (proxy),17.1,8.5,3.5,0.547,0.238,-6.1,4.099999999999998,-0.003,,,,,0
Kyle Lowry,MIA,37.0,182.88,88.904032,Villanova,USA,2006,1,24,55,11.2,4.1,5.1,1.1,0.025,0.1119999999999999,0.162,0.565,0.233,2022-23,2022,Guard (proxy),13.4,4.5,7.5,0.6,0.178,5.9,-2.200000000000001,-0.035,,,,,0
Kyle O'Quinn,PHI,30.0,205.74,113.398,Norfolk State,USA,2012,2,49,29,3.5,4.0,1.8,-4.9,0.099,0.265,0.148,0.544,0.225,2019-20,2019,Big (proxy),3.5,2.6,1.2,0.537,0.196,-0.3,0.0,0.007,,,,,0
Kyle Singler,OKC,30.0,203.2,103.418976,Duke,USA,2011,2,33,12,1.9,0.8,0.2,0.7,0.016,0.143,0.2189999999999999,0.43,0.057,2017-18,2017,Wing (proxy),2.8,1.5,0.3,0.486,0.113,0.8,-0.8999999999999999,-0.0559999999999999,,,,,0
Kyle Weaver,OKC,24.0,198.12,91.171992,Washington State,USA,2008,2,38,12,3.0,1.5,0.9,-2.3,0.008,0.135,0.122,0.505,0.1119999999999999,2009-10,2009,Wing (proxy),5.3,2.3,1.8,0.551,0.13,-1.6,-2.3,-0.046,,,,,0
Kyle Wiltjer,HOU,24.0,208.28,108.86208,Gonzaga,Canada,Undrafted,Undrafted,Undrafted,14,0.9,0.7,0.1,-35.9,0.095,0.154,0.187,0.437,0.069,2016-17,2016,Big (proxy),,,,,,,,,,,,,0
Kyrie Irving,DAL,31.0,187.96,88.45044,Duke,Australia,2011,1,1,60,27.1,5.1,5.5,4.7,0.0289999999999999,0.107,0.286,0.613,0.233,2022-23,2022,Guard (proxy),27.4,4.4,5.8,0.5920000000000001,0.283,5.2,-0.2999999999999971,0.0209999999999999,,,,,0
Kyrylo Fesenko,UTA,24.0,215.9,127.00576,,Ukraine,2007,2,38,53,2.0,2.0,0.3,1.6,0.091,0.1989999999999999,0.145,0.441,0.063,2010-11,2010,Big (proxy),2.6,1.8,0.3,0.5329999999999999,0.161,9.9,-0.6000000000000001,-0.0919999999999999,,,,,0
LaMarcus Aldridge,BKN,36.0,210.82,113.398,Texas-Austin,USA,2006,1,2,47,12.9,5.5,0.9,0.1,0.071,0.16,0.2189999999999999,0.604,0.062,2021-22,2021,Big (proxy),13.5,4.5,1.9,0.556,0.2239999999999999,-2.8,-0.5999999999999996,0.0479999999999999,,,,,0
LaMelo Ball,CHA,21.0,200.66,81.64656,,USA,2020,1,3,36,23.3,6.4,8.4,-4.7,0.031,0.147,0.289,0.541,0.352,2022-23,2022,Wing (proxy),20.1,6.7,7.6,0.5539999999999999,0.271,1.5,3.1999999999999997,-0.0129999999999999,,,,,0
LaPhonso Ellis,MIA,33.0,203.2,108.86208,Notre Dame,USA,1992,1,5,55,5.0,2.9,0.3,0.8,0.065,0.165,0.195,0.476,0.036,2002-03,2002,Wing (proxy),7.1,4.3,0.8,0.48,0.16,-5.3,-2.1,-0.004,,,,,0
LaSalle Thompson,IND,36.0,208.28,111.13004,Texas,USA,1982,1,5,26,0.4,1.3,0.1,-12.8,0.062,0.205,0.098,0.231,0.024,1996-97,1996,Big (proxy),,,,,,,,,,,,,0
Lamar Odom,LAC,33.0,208.28,104.32616,Rhode Island,USA,1999,1,4,82,4.0,5.9,1.7,9.5,0.086,0.252,0.132,0.429,0.128,2012-13,2012,Big (proxy),6.6,4.2,1.7,0.423,0.203,-4.0,-2.6,0.006,,,,,0
Lamar Patterson,ATL,24.0,195.58,102.0582,Pittsburgh,USA,2014,2,48,35,2.4,1.4,1.1,3.1,0.012,0.141,0.126,0.4679999999999999,0.134,2015-16,2015,Wing (proxy),,,,,,,,,,,,,0
Lamar Stevens,CLE,25.0,198.12,104.32616,Penn State,USA,Undrafted,Undrafted,Undrafted,62,5.3,3.3,0.5,1.2,0.046,0.145,0.136,0.524,0.04,2022-23,2022,Wing (proxy),6.1,2.6,0.7,0.544,0.1689999999999999,-1.3,-0.7999999999999998,-0.02,,,,,0
Lamond Murray,NJN,33.0,200.66,106.59412,California,USA,1994,1,7,57,3.4,2.3,0.2,-4.3,0.0579999999999999,0.22,0.184,0.493,0.042,2005-06,2005,Wing (proxy),6.0,2.6,0.8,0.537,0.1989999999999999,2.6,-2.6,-0.044,,,,,0
Lance Stephenson,IND,31.0,195.58,95.25432,Cincinnati,USA,2010,2,40,46,8.3,2.8,3.6,-7.0,0.0139999999999999,0.149,0.2189999999999999,0.536,0.298,2021-22,2021,Wing (proxy),7.2,3.2,2.1,0.529,0.1969999999999999,-4.5,1.1000000000000003,0.007,,,,,0
Lance Thomas,NYK,31.0,203.2,108.86208,Duke,USA,Undrafted,Undrafted,Undrafted,46,4.5,2.5,0.6,-10.9,0.023,0.115,0.127,0.482,0.051,2018-19,2018,Wing (proxy),4.1,2.4,0.6,0.513,0.106,-5.9,0.4000000000000003,-0.031,,,,,0
Landry Fields,TOR,27.0,200.66,97.52228,Stanford,USA,2010,2,39,26,1.8,1.0,0.6,-18.7,0.052,0.083,0.11,0.527,0.1119999999999999,2014-15,2014,Wing (proxy),2.3,2.0,0.7,0.4429999999999999,0.125,-1.2,-0.4999999999999998,0.0840000000000001,,,,,0
Landry Shamet,PHX,26.0,193.04,86.18248,Wichita State,USA,2018,1,26,40,8.7,1.7,2.3,2.2,0.013,0.07,0.186,0.537,0.1669999999999999,2022-23,2022,Guard (proxy),8.3,1.8,1.6,0.55,0.16,4.9,0.3999999999999986,-0.013,,,,,0
Langston Galloway,PHX,29.0,185.42,90.7184,St. Joseph's (PA),USA,Undrafted,Undrafted,Undrafted,40,4.8,1.1,0.7,3.2,0.017,0.08,0.163,0.605,0.08,2020-21,2020,Guard (proxy),10.3,2.3,1.5,0.584,0.149,-4.4,-5.500000000000001,0.021,,,,,0
Lari Ketner,CLE,23.0,208.28,129.27372,Massachusetts,USA,1999,2,49,22,1.5,1.5,0.0,-27.2,0.089,0.208,0.152,0.456,0.015,1999-00,1999,Big (proxy),,,,,,,,,,,,,0
Laron Profit,LAL,28.0,195.58,92.532768,Maryland,USA,1999,2,38,25,4.2,1.7,0.6,-2.8,0.033,0.148,0.1989999999999999,0.55,0.104,2005-06,2005,Wing (proxy),3.2,1.8,0.9,0.489,0.172,-4.2,1.0,0.061,,,,,0
Larry Drew II,NOP,28.0,187.96,81.64656,UCLA,USA,Undrafted,Undrafted,Undrafted,10,1.7,0.3,1.0,-9.1,0.045,0.0,0.17,0.354,0.196,2017-18,2017,Guard (proxy),3.8,1.3,3.8,0.3879999999999999,0.173,-18.7,-2.1,-0.0339999999999999,,,,,0
Larry Hughes,CHA,31.0,195.58,83.91452,Saint Louis,USA,1998,1,8,45,9.1,3.2,3.0,-3.3,0.023,0.124,0.206,0.472,0.196,2009-10,2009,Wing (proxy),11.6,2.9,2.2,0.515,0.209,-4.7,-2.5,-0.043,,,,,0
Larry Johnson,NYK,32.0,200.66,106.59412,Nevada-Las Vegas,USA,1991,1,1,65,9.9,5.6,2.0,0.0,0.053,0.156,0.176,0.493,0.108,2000-01,2000,Wing (proxy),10.7,5.4,2.5,0.517,0.173,2.0,-0.7999999999999989,-0.024,,,,,0
Larry Nance Jr.,NOP,30.0,203.2,111.13004,Wyoming,USA,2015,1,27,65,6.8,5.4,1.8,6.7,0.081,0.184,0.118,0.649,0.1169999999999999,2022-23,2022,Wing (proxy),7.0,5.4,1.8,0.59,0.128,-1.9,-0.2000000000000001,0.059,,,,,0
Larry Owens,WAS,28.0,200.66,95.25432,Oral Roberts,USA,Undrafted,Undrafted,Undrafted,12,3.3,1.3,0.7,7.0,0.008,0.118,0.127,0.556,0.089,2010-11,2010,Wing (proxy),,,,,,,,,,,,,0
Larry Robinson,ATL,33.0,190.5,81.64656,Centenary (LA),USA,Undrafted,Undrafted,Undrafted,34,5.9,2.6,1.1,-6.4,0.043,0.122,0.157,0.511,0.1,2000-01,2000,Guard (proxy),,,,,,,,,,,,,0
Larry Sanders,MIL,26.0,210.82,104.32616,Virginia Commonwealth,USA,2010,1,15,27,7.3,6.1,0.9,-5.6,0.128,0.187,0.168,0.507,0.065,2014-15,2014,Big (proxy),7.7,7.2,0.8,0.478,0.1639999999999999,-9.3,-0.4000000000000003,0.029,,,,,0
Larry Stewart,SEA,28.0,203.2,104.32616,Coppin State,USA,Undrafted,Undrafted,Undrafted,70,4.3,2.4,0.7,5.8,0.089,0.115,0.161,0.512,0.079,1996-97,1996,Wing (proxy),,,,,,,,,,,,,0
Latrell Sprewell,MIN,34.0,195.58,88.45044,Alabama,USA,1992,1,24,80,12.8,3.2,2.2,-1.2,0.032,0.083,0.22,0.489,0.119,2004-05,2004,Wing (proxy),16.8,3.8,3.5,0.493,0.235,7.7,-4.0,-0.004,,,,,0
Lauri Markkanen,UTA,26.0,213.36,108.86208,Arizona,Finland,2017,1,7,66,25.6,8.6,1.9,3.8,0.055,0.183,0.259,0.6409999999999999,0.086,2022-23,2022,Big (proxy),14.8,5.7,1.3,0.5820000000000001,0.192,3.9,10.8,0.0589999999999998,,,,,0
Lavor Postell,NYK,25.0,195.58,97.52228,St. John's (NY),USA,2000,2,39,12,3.6,0.3,0.3,-0.1,0.011,0.036,0.236,0.482,0.057,2002-03,2002,Wing (proxy),4.0,0.7,0.2,0.456,0.298,4.2,-0.3999999999999999,0.0259999999999999,,,,,0
Lavoy Allen,IND,28.0,205.74,117.93392,Temple,USA,2011,2,50,61,2.9,3.6,0.9,-6.3,0.133,0.154,0.106,0.485,0.093,2016-17,2016,Big (proxy),5.4,5.4,1.0,0.532,0.131,6.9,-2.5000000000000004,-0.047,,,,,0
Lawrence Funderburke,SAC,32.0,205.74,104.32616,Ohio State,USA,1994,2,51,27,2.7,2.0,0.3,-1.6,0.083,0.159,0.1639999999999999,0.466,0.055,2002-03,2002,Big (proxy),4.7,3.5,0.6,0.49,0.181,4.0,-2.0,-0.0239999999999999,,,,,0
Lawrence Moten,VAN,25.0,195.58,86.18248,Syracuse,USA,1995,2,36,67,6.7,1.8,1.9,-10.6,0.04,0.076,0.215,0.461,0.18,1996-97,1996,Wing (proxy),,,,,,,,,,,,,0
Lawrence Roberts,MEM,24.0,205.74,108.86208,Mississippi State,USA,2005,2,55,54,5.2,4.8,0.6,-2.8,0.118,0.204,0.139,0.5329999999999999,0.048,2006-07,2006,Big (proxy),1.5,1.5,0.2,0.471,0.154,1.1,3.7,0.0619999999999999,,,,,0
Lazar Hayward,OKC,25.0,198.12,102.0582,Marquette,USA,2010,1,30,26,1.4,0.6,0.2,-17.1,0.017,0.102,0.183,0.427,0.054,2011-12,2011,Wing (proxy),3.8,1.7,0.7,0.4639999999999999,0.187,-16.4,-2.4,-0.0369999999999999,,,,,0
Lazaro Borrell,SEA,27.0,203.2,99.79024,,USA,Undrafted,Undrafted,Undrafted,17,3.6,2.4,0.6,9.7,0.089,0.188,0.191,0.457,0.079,1999-00,1999,Wing (proxy),,,,,,,,,,,,,0
LeBron James,LAL,38.0,205.74,113.398,,USA,2003,1,1,55,28.9,8.3,6.8,4.6,0.033,0.191,0.322,0.583,0.308,2022-23,2022,Big (proxy),30.3,8.2,6.2,0.619,0.317,-2.5,-1.400000000000002,-0.036,,,,,0
Leandro Barbosa,PHX,34.0,190.5,87.996848,,Brazil,2003,1,28,67,6.3,1.6,1.2,-1.8,0.018,0.106,0.207,0.509,0.128,2016-17,2016,Guard (proxy),6.4,1.7,1.2,0.545,0.179,3.1,-0.1000000000000005,-0.036,,,,,0
Leandro Bolmaro,UTA,22.0,198.12,90.7184,,Argentina,2020,1,23,14,0.4,0.5,0.5,0.7,0.051,0.04,0.155,0.15,0.121,2022-23,2022,Wing (proxy),1.4,1.2,0.6,0.419,0.122,0.2,-1.0,-0.269,,,,,0
Ledell Eackles,WAS,31.0,195.58,104.779752,New Orleans,USA,1988,2,36,42,5.2,1.8,0.4,0.4,0.05,0.102,0.184,0.542,0.054,1997-98,1997,Wing (proxy),,,,,,,,,,,,,0
Lee Mayberry,VAN,28.0,185.42,81.64656,Arkansas,USA,1992,1,23,79,4.6,1.4,4.4,-3.5,0.012,0.06,0.1169999999999999,0.489,0.271,1997-98,1997,Guard (proxy),5.1,1.7,4.1,0.525,0.115,-11.0,-0.5,-0.036,,,,,0
Lee Nailon,PHI,31.0,205.74,109.315672,Texas Christian,USA,1999,2,43,22,4.2,1.9,0.3,1.7,0.1169999999999999,0.1,0.185,0.537,0.048,2005-06,2005,Big (proxy),14.2,4.4,1.6,0.511,0.241,-9.9,-10.0,0.026,,,,,0
Leon Powe,MEM,27.0,203.2,108.86208,California,USA,2006,2,49,30,5.3,2.1,0.2,-10.3,0.0819999999999999,0.1639999999999999,0.2339999999999999,0.524,0.038,2010-11,2010,Wing (proxy),4.0,3.1,0.0,0.515,0.172,-1.1,1.2999999999999998,0.009,,,,,0
Leon Smith,ATL,21.0,208.28,106.59412,,USA,1999,1,29,14,2.2,2.2,0.2,0.5,0.109,0.253,0.158,0.4629999999999999,0.046,2001-02,2001,Big (proxy),,,,,,,,,,,,,0
Lester Hudson,MEM,27.0,190.5,86.18248,Tennessee-Martin,USA,2009,2,58,16,10.9,2.9,2.3,-0.9,0.023,0.144,0.289,0.483,0.209,2011-12,2011,Guard (proxy),1.6,0.5,1.5,0.349,0.204,-8.7,9.3,0.134,,,,,0
Linas Kleiza,TOR,28.0,203.2,106.140528,Missouri,Lithuania,2005,1,27,20,7.4,2.6,0.8,-6.1,0.0289999999999999,0.1369999999999999,0.221,0.46,0.077,2012-13,2012,Wing (proxy),9.7,4.1,0.9,0.521,0.228,-0.2,-2.299999999999999,-0.061,,,,,0
Lindell Wigginton,MIL,24.0,185.42,85.728888,Iowa State,Canada,2019,Undrafted,Undrafted,19,4.2,1.3,1.2,-11.8,0.015,0.106,0.183,0.524,0.1669999999999999,2021-22,2021,Guard (proxy),,,,,,,,,,,,,0
Lindsey Hunter,CHI,39.0,187.96,88.45044,Jackson State,USA,1993,1,10,13,1.0,1.1,0.7,-8.5,0.009,0.119,0.134,0.21,0.105,2009-10,2009,Guard (proxy),2.6,0.4,1.3,0.433,0.177,-9.8,-1.6,-0.223,,,,,0
Lindy Waters III,OKC,25.0,198.12,95.25432,Oklahoma State,USA,Undrafted,Undrafted,Undrafted,41,5.2,1.8,0.7,10.5,0.0279999999999999,0.103,0.148,0.573,0.071,2022-23,2022,Wing (proxy),8.0,2.9,1.0,0.562,0.166,-4.7,-2.8,0.0109999999999998,,,,,0
Linton Johnson,CHI,29.0,203.2,92.98636,Tulane,USA,Undrafted,Undrafted,Undrafted,10,0.9,0.8,0.2,-19.0,0.061,0.119,0.109,0.409,0.065,2008-09,2008,Wing (proxy),4.2,3.0,0.3,0.5479999999999999,0.149,1.7,-3.3000000000000003,-0.1389999999999999,,,,,0
Lionel Chalmers,LAC,24.0,182.88,81.64656,Xavier,USA,2004,2,33,36,3.1,0.9,1.4,-3.9,0.012,0.074,0.181,0.409,0.211,2004-05,2004,Guard (proxy),,,,,,,,,,,,,0
Lionel Simmons,SAC,28.0,200.66,95.25432,La Salle,USA,1990,1,7,41,3.4,2.5,1.4,-10.5,0.065,0.173,0.162,0.442,0.179,1996-97,1996,Wing (proxy),,,,,,,,,,,,,0
Litterial Green,MIL,28.0,185.42,88.45044,Georgia,USA,1992,2,39,21,1.2,0.3,0.8,-1.0,0.009,0.054,0.142,0.3929999999999999,0.211,1997-98,1997,Guard (proxy),2.0,0.5,0.9,0.531,0.159,17.0,-0.8,-0.1380000000000001,,,,,0
Lloyd Daniels,NJN,29.0,200.66,92.98636,Mt. San Antonio,USA,Undrafted,Undrafted,Undrafted,22,4.5,2.0,1.2,-8.9,0.0579999999999999,0.103,0.185,0.4029999999999999,0.135,1996-97,1996,Wing (proxy),,,,,,,,,,,,,0
London Perrantes,SAS,23.0,187.96,86.18248,Virginia,USA,Undrafted,Undrafted,Undrafted,14,0.5,0.3,0.4,-16.0,0.015,0.064,0.1009999999999999,0.23,0.102,2017-18,2017,Guard (proxy),,,,,,,,,,,,,0
Lonnie Walker IV,LAL,24.0,193.04,92.532768,Miami,USA,2018,1,18,56,11.7,1.9,1.1,-7.3,0.011,0.069,0.198,0.57,0.071,2022-23,2022,Guard (proxy),12.1,2.6,2.2,0.512,0.2319999999999999,-3.0,-0.4000000000000003,0.0579999999999999,,,,,0
Lonny Baxter,CHA,27.0,203.2,117.93392,Maryland,USA,2002,2,43,41,2.9,2.9,0.1,2.0,0.128,0.2239999999999999,0.158,0.494,0.017,2005-06,2005,Wing (proxy),4.0,3.0,0.3,0.518,0.174,-7.1,-1.1,-0.024,,,,,0
Lonzo Ball,CHI,24.0,198.12,86.18248,UCLA,USA,2017,1,2,35,13.0,5.4,5.1,3.1,0.0289999999999999,0.125,0.17,0.575,0.203,2021-22,2021,Wing (proxy),14.6,4.8,5.7,0.551,0.2019999999999999,0.5,-1.5999999999999996,0.0239999999999999,,,,,0
Loren Meyer,DEN,26.0,208.28,117.93392,Iowa State,USA,1995,1,24,14,1.1,1.1,0.1,-4.3,0.059,0.148,0.195,0.2769999999999999,0.026,1998-99,1998,Big (proxy),4.9,2.7,0.4,0.489,0.215,-6.7,-3.8,-0.212,,,,,0
Loren Woods,TOR,28.0,218.44,117.93392,Arizona,USA,2001,2,45,27,2.3,4.1,0.1,-0.5,0.148,0.242,0.114,0.476,0.018,2005-06,2005,Big (proxy),3.9,4.9,0.4,0.4629999999999999,0.145,-8.3,-1.6,0.013,,,,,0
Lorenzen Wright,CLE,33.0,210.82,115.66596,Memphis,USA,1996,1,7,17,1.4,1.5,0.2,0.8,0.073,0.161,0.149,0.377,0.038,2008-09,2008,Big (proxy),0.8,2.1,0.2,0.317,0.083,-3.1,0.5999999999999999,0.06,,,,,0
Lorenzo Brown,TOR,28.0,195.58,85.728888,North Carolina State,USA,2013,2,52,26,2.1,1.2,1.1,-7.0,0.021,0.11,0.1669999999999999,0.38,0.1989999999999999,2018-19,2018,Wing (proxy),2.3,1.1,0.9,0.4589999999999999,0.123,14.3,-0.1999999999999997,-0.0789999999999999,,,,,0
Lorenzo Williams,WAS,28.0,205.74,90.7184,Stetson,USA,Undrafted,Undrafted,Undrafted,14,1.9,1.9,0.2,-18.2,0.152,0.11,0.076,0.727,0.039,1997-98,1997,Big (proxy),2.4,3.6,0.2,0.66,0.087,-10.9,-0.5,0.0669999999999999,,,,,0
Lou Amundson,NYK,33.0,205.74,99.79024,Nevada-Las Vegas,USA,Undrafted,Undrafted,Undrafted,29,1.8,1.7,0.4,-9.7,0.115,0.1369999999999999,0.175,0.401,0.107,2015-16,2015,Big (proxy),4.9,5.1,1.3,0.442,0.175,-7.0,-3.1000000000000005,-0.0409999999999999,,,,,0
Lou Roe,GSW,24.0,200.66,99.79024,Massachusetts,USA,1995,2,30,17,2.4,0.8,0.4,-14.4,0.054,0.069,0.249,0.355,0.103,1996-97,1996,Wing (proxy),,,,,,,,,,,,,0
Lou Williams,ATL,35.0,187.96,79.3786,,USA,2005,2,45,56,6.3,1.6,1.9,0.8,0.02,0.084,0.215,0.5,0.196,2021-22,2021,Guard (proxy),11.3,2.1,3.4,0.519,0.244,1.8,-5.000000000000001,-0.019,,,,,0
Louis King,SAC,23.0,200.66,92.98636,Oregon,USA,Undrafted,Undrafted,Undrafted,10,4.5,1.2,0.9,-11.9,0.0,0.115,0.195,0.4379999999999999,0.125,2021-22,2021,Wing (proxy),2.0,1.0,0.5,0.4479999999999999,0.163,11.0,2.5,-0.01,,,,,0
Loy Vaught,WAS,33.0,205.74,108.86208,Michigan,USA,1990,1,13,51,3.3,3.4,0.5,-6.0,0.107,0.263,0.165,0.484,0.068,2000-01,2000,Big (proxy),1.7,2.1,0.3,0.39,0.157,-1.5,1.6,0.0939999999999999,,,,,0
Luc Longley,NYK,32.0,218.44,120.20188,New Mexico,USA,1991,1,7,25,2.0,2.6,0.3,6.6,0.103,0.145,0.136,0.3989999999999999,0.04,2000-01,2000,Big (proxy),6.3,4.5,1.1,0.512,0.182,0.5,-4.3,-0.1130000000000001,,,,,0
Luc Mbah a Moute,HOU,31.0,203.2,104.32616,California-Los Angeles,Cameroon,2008,2,37,61,7.5,3.0,0.9,9.7,0.015,0.102,0.128,0.595,0.052,2017-18,2017,Wing (proxy),6.1,2.1,0.5,0.581,0.1169999999999999,10.3,1.4000000000000004,0.014,,,,,0
Lucas Nogueira,TOR,25.0,213.36,99.79024,,Brazil,2013,1,16,49,2.5,1.8,0.4,9.3,0.044,0.16,0.114,0.6609999999999999,0.074,2017-18,2017,Big (proxy),4.4,4.3,0.7,0.682,0.095,9.8,-1.9000000000000004,-0.0210000000000001,,,,,0
Lucious Harris,CLE,34.0,195.58,92.98636,Long Beach State,USA,1993,2,28,73,4.3,1.7,0.7,-1.6,0.038,0.085,0.145,0.475,0.073,2004-05,2004,Wing (proxy),6.9,2.0,2.0,0.481,0.175,3.0,-2.6000000000000005,-0.006,,,,,0
Luguentz Dort,OKC,24.0,193.04,99.79024,Arizona State,Canada,Undrafted,Undrafted,Undrafted,74,13.7,4.6,2.1,0.9,0.053,0.092,0.1939999999999999,0.513,0.09,2022-23,2022,Guard (proxy),17.2,4.2,1.7,0.541,0.228,-8.1,-3.5,-0.028,,,,,0
Luis Flores,DEN,24.0,187.96,88.45044,Manhattan,USA,2004,2,55,16,2.2,0.2,0.7,13.1,0.015,0.0289999999999999,0.242,0.586,0.262,2004-05,2004,Guard (proxy),,,,,,,,,,,,,0
Luis Montero,POR,23.0,200.66,83.91452,Westchester CC NY,Dominican Republic,Undrafted,Undrafted,Undrafted,12,1.2,0.3,0.1,-58.0,0.0,0.118,0.266,0.337,0.067,2015-16,2015,Wing (proxy),,,,,,,,,,,,,0
Luis Scola,BKN,37.0,205.74,109.315672,,Argentina,2002,2,55,36,5.1,3.9,1.0,-8.0,0.114,0.213,0.185,0.55,0.124,2016-17,2016,Big (proxy),8.7,4.8,0.9,0.523,0.193,-2.7,-3.6,0.027,,,,,0
Luka Doncic,DAL,24.0,200.66,104.32616,,Slovenia,2018,1,3,66,32.4,8.6,8.0,2.1,0.024,0.2239999999999999,0.368,0.609,0.408,2022-23,2022,Wing (proxy),28.4,9.1,8.7,0.5710000000000001,0.368,3.5,4.0,0.0379999999999999,,,,,0
Luka Garza,MIN,24.0,208.28,110.222856,Iowa,USA,2021,2,52,28,6.5,2.3,0.6,2.0,0.13,0.128,0.245,0.652,0.103,2022-23,2022,Big (proxy),5.8,3.1,0.6,0.535,0.195,-6.3,0.7000000000000002,0.1169999999999999,,,,,0
Luka Samanic,SAS,21.0,208.28,102.965384,,Croatia,2019,1,19,33,3.7,2.1,0.5,-2.0,0.049,0.158,0.187,0.518,0.073,2020-21,2020,Big (proxy),,,,,,,,,,,,,0
Luke Babbitt,MIA,29.0,205.74,102.0582,Nevada-Reno,USA,2010,1,16,50,5.2,1.9,0.6,-2.7,0.01,0.123,0.147,0.5760000000000001,0.064,2017-18,2017,Big (proxy),4.8,2.1,0.5,0.563,0.133,1.8,0.4000000000000003,0.0130000000000001,,,,,0
Luke Harangody,CLE,24.0,200.66,111.13004,Notre Dame,USA,2010,2,52,21,2.9,2.5,0.3,-13.6,0.1,0.168,0.151,0.427,0.045,2011-12,2011,Wing (proxy),3.9,2.9,0.6,0.444,0.1689999999999999,-3.9,-1.0,-0.017,,,,,0
Luke Jackson,MIA,26.0,200.66,97.52228,Oregon,USA,2004,1,10,14,5.6,2.4,1.2,-2.5,0.036,0.146,0.213,0.4379999999999999,0.134,2007-08,2007,Wing (proxy),3.7,0.8,1.0,0.511,0.182,-9.6,1.8999999999999997,-0.0730000000000001,,,,,0
Luke Kennard,MEM,27.0,195.58,93.439952,Duke,USA,2017,1,12,59,9.3,2.7,1.5,7.3,0.012,0.104,0.144,0.684,0.091,2022-23,2022,Wing (proxy),11.9,3.3,2.1,0.619,0.16,3.4,-2.6,0.065,,,,,0
Luke Kornet,BOS,27.0,218.44,113.398,Vanderbilt,USA,Undrafted,Undrafted,Undrafted,69,3.8,2.9,0.8,3.9,0.106,0.125,0.111,0.6970000000000001,0.093,2022-23,2022,Big (proxy),2.0,1.9,0.6,0.506,0.1119999999999999,10.4,1.7999999999999998,0.191,,,,,0
Luke Ridnour,ORL,34.0,187.96,79.3786,Oregon,USA,2003,1,14,47,4.0,1.4,2.0,-9.8,0.013,0.102,0.149,0.507,0.22,2014-15,2014,Guard (proxy),5.0,1.6,2.9,0.452,0.165,-8.2,-1.0,0.0549999999999999,,,,,0
Luke Schenscher,POR,25.0,215.9,120.20188,Georgia Tech,USA,Undrafted,Undrafted,Undrafted,11,1.7,2.3,0.1,-4.3,0.098,0.153,0.1169999999999999,0.364,0.0139999999999999,2006-07,2006,Big (proxy),1.8,1.5,0.4,0.5670000000000001,0.111,0.0,-0.1,-0.203,,,,,0
Luke Walton,CLE,33.0,203.2,106.59412,Arizona,USA,2003,2,32,50,3.4,2.9,3.3,-2.9,0.052,0.157,0.134,0.4529999999999999,0.286,2012-13,2012,Wing (proxy),1.8,1.6,1.2,0.423,0.118,-8.0,1.6,0.0299999999999999,,,,,0
Luke Zeller,PHX,26.0,210.82,111.13004,Notre Dame,USA,Undrafted,Undrafted,Undrafted,16,1.2,0.6,0.2,-34.4,0.0139999999999999,0.1669999999999999,0.195,0.365,0.103,2012-13,2012,Big (proxy),,,,,,,,,,,,,0
Luol Deng,MIN,34.0,205.74,107.501304,Duke,United Kingdom,2004,1,7,22,7.1,3.3,0.8,10.0,0.049,0.125,0.155,0.588,0.062,2018-19,2018,Big (proxy),7.6,5.3,1.3,0.47,0.143,-6.4,-0.5,0.118,,,,,0
Luther Head,SAC,28.0,190.5,83.91452,Illinois,USA,2005,1,24,36,5.6,1.7,1.9,-8.1,0.031,0.089,0.1669999999999999,0.5379999999999999,0.1939999999999999,2010-11,2010,Guard (proxy),7.6,1.7,1.5,0.53,0.212,0.9,-2.0,0.0079999999999998,,,,,0
Lynn Greer,MIL,27.0,187.96,79.3786,Temple,USA,Undrafted,Undrafted,Undrafted,41,4.1,0.7,1.3,-1.1,0.006,0.069,0.185,0.5379999999999999,0.205,2006-07,2006,Guard (proxy),,,,,,,,,,,,,0
Maalik Wayns,LAC,22.0,185.42,88.45044,Villanova,USA,Undrafted,Undrafted,Undrafted,27,2.8,0.3,1.0,-16.4,0.005,0.036,0.251,0.3939999999999999,0.233,2012-13,2012,Guard (proxy),,,,,,,,,,,,,0
Maceo Baston,IND,33.0,208.28,104.32616,Michigan,USA,1998,2,58,27,2.5,1.9,0.3,-2.3,0.1159999999999999,0.142,0.142,0.579,0.051,2008-09,2008,Big (proxy),2.7,1.7,0.2,0.6970000000000001,0.147,-4.0,-0.2000000000000001,-0.1180000000000001,,,,,0
Maciej Lampe,NOH,20.0,210.82,124.7378,,Poland,2003,2,30,37,3.1,2.4,0.3,-5.5,0.066,0.171,0.191,0.406,0.05,2004-05,2004,Big (proxy),4.6,2.1,0.4,0.512,0.218,-11.8,-1.4999999999999996,-0.1059999999999999,,,,,0
Mahmoud Abdul-Rauf,VAN,32.0,185.42,73.481904,Louisiana State,USA,1990,1,3,41,6.5,0.6,1.9,-1.6,0.012,0.048,0.2689999999999999,0.514,0.285,2000-01,2000,Guard (proxy),7.3,1.2,1.9,0.405,0.246,-6.4,-0.7999999999999998,0.1089999999999999,,,,,0
Malachi Flynn,TOR,25.0,185.42,79.3786,San Diego State,USA,2020,1,29,53,4.6,1.4,1.3,-3.5,0.019,0.0969999999999999,0.168,0.479,0.145,2022-23,2022,Guard (proxy),4.3,1.4,1.6,0.488,0.157,-2.6,0.2999999999999998,-0.009,,,,,0
Malachi Richardson,TOR,23.0,198.12,92.98636,Syracuse,USA,2016,1,22,22,1.4,0.6,0.0,-4.6,0.016,0.087,0.142,0.481,0.0,2018-19,2018,Wing (proxy),3.4,1.3,0.5,0.446,0.149,-7.8,-2.0,0.0349999999999999,,,,,0
Malaki Branham,SAS,20.0,193.04,81.64656,Ohio State,USA,2022,1,20,66,10.2,2.7,1.9,-11.1,0.017,0.098,0.188,0.524,0.1119999999999999,2022-23,2022,Guard (proxy),,,,,,,,,,,,,0
Malcolm Brogdon,BOS,30.0,193.04,103.872568,Virginia,USA,2016,2,36,67,14.9,4.2,3.7,5.1,0.024,0.132,0.223,0.615,0.223,2022-23,2022,Guard (proxy),19.1,5.1,5.9,0.557,0.241,-0.4,-4.200000000000001,0.0579999999999999,,,,,0
Malcolm Delaney,ATL,29.0,190.5,86.18248,Virginia Tech,USA,Undrafted,Undrafted,Undrafted,54,6.3,1.9,3.0,-4.5,0.009,0.09,0.166,0.519,0.244,2017-18,2017,Guard (proxy),5.4,1.7,2.6,0.456,0.187,2.2,0.8999999999999995,0.063,,,,,0
Malcolm Hill,CHI,26.0,198.12,99.79024,Illinois,USA,Undrafted,Undrafted,Undrafted,19,3.8,1.8,0.4,-7.3,0.051,0.118,0.118,0.619,0.05,2021-22,2021,Wing (proxy),,,,,,,,,,,,,0
Malcolm Lee,MIN,23.0,195.58,90.7184,UCLA,USA,2011,2,43,16,4.9,2.4,1.3,2.1,0.0559999999999999,0.096,0.145,0.46,0.111,2012-13,2012,Wing (proxy),3.3,1.4,1.6,0.466,0.155,-6.0,1.6000000000000003,-0.006,,,,,0
Malcolm Miller,TOR,27.0,200.66,95.25432,Holy Cross,USA,Undrafted,Undrafted,Undrafted,28,1.3,0.6,0.4,15.9,0.013,0.077,0.09,0.5379999999999999,0.0819999999999999,2019-20,2019,Wing (proxy),3.5,0.5,0.1,0.63,0.18,-4.7,-2.2,-0.092,,,,,0
Malcolm Thomas,PHI,26.0,205.74,102.0582,San Diego State,USA,Undrafted,Undrafted,Undrafted,17,2.6,3.3,0.4,-28.1,0.086,0.242,0.127,0.492,0.065,2014-15,2014,Big (proxy),1.3,1.3,0.3,0.555,0.135,32.5,1.3,-0.063,,,,,0
Malik Allen,ORL,33.0,208.28,115.66596,Villanova,USA,Undrafted,Undrafted,Undrafted,18,1.3,1.8,0.2,-11.0,0.068,0.135,0.09,0.361,0.036,2010-11,2010,Big (proxy),2.1,1.6,0.3,0.431,0.145,-12.9,-0.8,-0.07,,,,,0
Malik Beasley,LAL,26.0,193.04,84.821704,Florida State,USA,2016,1,19,81,12.7,3.5,1.5,-2.2,0.016,0.1159999999999999,0.207,0.531,0.086,2022-23,2022,Guard (proxy),12.1,2.9,1.5,0.544,0.1889999999999999,2.0,0.5999999999999996,-0.013,,,,,0
Malik Fitts,BOS,24.0,195.58,104.32616,,USA,Undrafted,Undrafted,Undrafted,15,1.4,1.1,0.3,-16.3,0.033,0.185,0.139,0.5529999999999999,0.125,2021-22,2021,Wing (proxy),,,,,,,,,,,,,0
Malik Hairston,SAS,23.0,198.12,99.79024,Oregon,USA,2008,2,48,47,2.1,1.0,0.3,2.6,0.049,0.128,0.143,0.555,0.075,2009-10,2009,Wing (proxy),3.3,1.9,0.9,0.48,0.1889999999999999,-0.3,-1.1999999999999995,0.075,,,,,0
Malik Monk,SAC,25.0,190.5,90.7184,Kentucky,USA,2017,1,11,77,13.5,2.6,3.9,1.0,0.019,0.0969999999999999,0.247,0.5870000000000001,0.258,2022-23,2022,Guard (proxy),13.8,3.4,2.9,0.597,0.195,0.3,-0.3000000000000007,-0.0099999999999998,,,,,0
Malik Rose,OKC,34.0,200.66,115.66596,Drexel,USA,1996,2,44,38,3.4,2.5,0.9,-2.5,0.042,0.185,0.183,0.424,0.118,2008-09,2008,Wing (proxy),3.5,2.1,0.6,0.422,0.226,-5.5,-0.1,0.002,,,,,0
Malik Sealy,MIN,30.0,203.2,90.7184,St. John's (NY),USA,1992,1,14,82,11.3,4.3,2.4,8.3,0.059,0.115,0.186,0.53,0.12,1999-00,1999,Wing (proxy),8.1,3.0,1.2,0.487,0.176,-2.9,3.200000000000001,0.043,,,,,0
Mamadi Diakite,CLE,26.0,205.74,103.418976,Virginia,Guinea,Undrafted,Undrafted,Undrafted,22,2.6,1.4,0.4,0.7,0.051,0.133,0.1639999999999999,0.56,0.07,2022-23,2022,Big (proxy),4.3,4.5,0.2,0.54,0.136,-3.2,-1.6999999999999995,0.02,,,,,0
Mamadou N'diaye,LAC,30.0,213.36,115.66596,Auburn,Senegal,2000,1,26,11,1.8,1.6,0.1,-20.8,0.138,0.143,0.152,0.433,0.0279999999999999,2004-05,2004,Big (proxy),3.5,4.0,0.0,0.516,0.1369999999999999,-3.2,-1.7,-0.083,,,,,0
Manny Harris,CLE,22.0,195.58,83.91452,Michigan,USA,Undrafted,Undrafted,Undrafted,26,6.7,2.7,1.2,-7.4,0.027,0.152,0.205,0.492,0.13,2011-12,2011,Wing (proxy),5.9,2.6,1.6,0.486,0.1889999999999999,-12.6,0.7999999999999998,0.006,,,,,0
Manu Ginobili,SAS,40.0,198.12,92.98636,,Argentina,1999,2,57,65,8.9,2.2,2.5,2.1,0.015,0.093,0.205,0.5529999999999999,0.193,2017-18,2017,Wing (proxy),7.5,2.3,2.7,0.532,0.195,10.4,1.4000000000000004,0.0209999999999999,,,,,0
MarJon Beauchamp,MIL,22.0,200.66,90.264808,,USA,2022,1,24,52,5.1,2.2,0.7,-7.2,0.05,0.103,0.175,0.513,0.072,2022-23,2022,Wing (proxy),,,,,,,,,,,,,0
MarShon Brooks,MEM,30.0,195.58,90.7184,Providence,USA,2011,1,25,29,6.6,1.6,0.9,-2.8,0.03,0.089,0.233,0.518,0.1119999999999999,2018-19,2018,Wing (proxy),4.5,1.5,0.7,0.551,0.2319999999999999,4.2,2.1,-0.033,,,,,0
Marc Gasol,LAL,36.0,210.82,115.66596,,Spain,2007,2,48,52,5.0,4.1,2.1,4.3,0.039,0.174,0.1169999999999999,0.606,0.145,2020-21,2020,Big (proxy),7.5,6.3,3.3,0.551,0.133,10.1,-2.5,0.0549999999999999,,,,,0
Marc Jackson,NOK,32.0,208.28,114.758776,Temple,USA,1997,2,37,56,7.3,3.4,1.0,-8.6,0.07,0.154,0.2269999999999999,0.471,0.099,2006-07,2006,Big (proxy),6.5,3.4,0.7,0.512,0.213,-7.4,0.7999999999999998,-0.041,,,,,0
Marcelo Huertas,LAL,34.0,190.5,90.7184,,Brazil,Undrafted,Undrafted,Undrafted,23,2.7,1.0,2.3,-12.3,0.009,0.1159999999999999,0.171,0.417,0.311,2016-17,2016,Guard (proxy),4.5,1.7,3.4,0.488,0.165,0.1,-1.7999999999999998,-0.071,,,,,0
Marcin Gortat,LAC,35.0,210.82,108.86208,,Poland,2005,2,57,47,5.0,5.6,1.4,-6.5,0.089,0.253,0.148,0.562,0.123,2018-19,2018,Big (proxy),8.4,7.6,1.8,0.546,0.153,2.1,-3.4000000000000004,0.016,,,,,0
Marco Belinelli,SAS,34.0,195.58,99.79024,,Italy,2007,1,18,57,6.3,1.7,1.2,1.5,0.008,0.0969999999999999,0.166,0.532,0.102,2019-20,2019,Wing (proxy),10.5,2.5,1.7,0.557,0.187,0.8,-4.2,-0.025,,,,,0
Marcus Banks,TOR,28.0,187.96,92.98636,Nevada-Las Vegas,USA,2003,1,13,22,5.0,1.0,1.2,-2.2,0.016,0.094,0.21,0.635,0.215,2009-10,2009,Guard (proxy),2.5,0.8,1.3,0.431,0.18,-22.0,2.5,0.204,,,,,0
Marcus Brown,POR,23.0,190.5,83.91452,Murray State,USA,1996,2,46,21,3.9,0.7,1.0,4.0,0.027,0.07,0.221,0.523,0.1689999999999999,1996-97,1996,Guard (proxy),,,,,,,,,,,,,0
Marcus Camby,NYK,39.0,210.82,108.86208,Massachusetts,USA,1996,1,2,24,1.8,3.3,0.6,-0.3,0.104,0.275,0.147,0.342,0.096,2012-13,2012,Big (proxy),4.9,9.0,1.8,0.455,0.126,2.9,-3.1000000000000005,-0.1129999999999999,,,,,0
Marcus Derrickson,GSW,23.0,200.66,112.944408,,USA,Undrafted,Undrafted,Undrafted,11,4.2,1.2,0.1,-7.2,0.104,0.063,0.235,0.653,0.026,2018-19,2018,Wing (proxy),,,,,,,,,,,,,0
Marcus Fizer,MIL,26.0,203.2,117.93392,Iowa State,USA,2000,1,4,54,6.2,3.2,1.2,-7.2,0.039,0.205,0.214,0.498,0.128,2004-05,2004,Wing (proxy),7.8,4.4,0.9,0.447,0.266,-6.5,-1.5999999999999996,0.0509999999999999,,,,,0
Marcus Garrett,MIA,23.0,195.58,92.98636,Kansas,USA,Undrafted,Undrafted,Undrafted,12,1.1,1.9,0.6,5.8,0.072,0.108,0.086,0.28,0.069,2021-22,2021,Wing (proxy),,,,,,,,,,,,,0
Marcus Georges-Hunt,MIN,24.0,195.58,102.511792,Georgia Tech,USA,Undrafted,Undrafted,Undrafted,42,1.4,0.4,0.2,-4.4,0.03,0.043,0.111,0.515,0.045,2017-18,2017,Wing (proxy),,,,,,,,,,,,,0
Marcus Haislip,SAS,29.0,208.28,104.32616,Tennessee,USA,2002,1,13,10,2.5,1.0,0.0,-2.6,0.108,0.13,0.281,0.539,0.0,2009-10,2009,Big (proxy),3.0,1.7,0.1,0.539,0.16,2.2,-0.5,0.0,,,,,0
Marcus Landry,BOS,24.0,200.66,104.32616,Wisconsin,USA,Undrafted,Undrafted,Undrafted,18,2.4,1.1,0.0,0.8,0.046,0.14,0.201,0.487,0.0,2009-10,2009,Wing (proxy),,,,,,,,,,,,,0
Marcus Morris,DET,27.0,205.74,106.59412,Kansas,USA,2011,1,14,79,14.0,4.6,2.0,-2.8,0.031,0.127,0.2019999999999999,0.508,0.095,2016-17,2016,Big (proxy),14.1,5.1,2.5,0.531,0.184,1.8,-0.0999999999999996,-0.023,,,,,0
Marcus Morris Sr.,LAC,33.0,203.2,98.883056,Kansas,USA,2011,1,14,65,11.2,4.0,1.8,-0.3,0.017,0.127,0.176,0.534,0.09,2022-23,2022,Wing (proxy),15.4,4.4,2.1,0.5489999999999999,0.228,-4.8,-4.200000000000001,-0.0149999999999999,,,,,0
Marcus Smart,BOS,29.0,193.04,99.79024,Oklahoma State,USA,2014,1,6,61,11.5,3.1,6.3,6.3,0.024,0.073,0.176,0.5379999999999999,0.256,2022-23,2022,Guard (proxy),12.1,3.8,5.9,0.54,0.179,9.3,-0.5999999999999996,-0.0020000000000001,,,,,0
Marcus Thornton,WAS,30.0,193.04,92.98636,Louisiana State,USA,2009,2,43,33,6.6,2.3,1.2,-12.7,0.043,0.12,0.188,0.494,0.108,2016-17,2016,Guard (proxy),9.7,2.5,1.4,0.511,0.24,-0.4,-3.1,-0.017,,,,,0
Marcus Vinicius,NOH,24.0,203.2,102.0582,,USA,2006,2,43,13,2.2,0.6,0.2,0.4,0.019,0.104,0.178,0.564,0.047,2007-08,2007,Wing (proxy),1.7,0.8,0.4,0.608,0.109,-22.4,0.5000000000000002,-0.044,,,,,0
Marcus Williams,MEM,24.0,190.5,92.98636,Connecticut,USA,2006,1,22,62,4.3,1.5,2.6,-7.6,0.017,0.107,0.185,0.456,0.2739999999999999,2009-10,2009,Guard (proxy),5.9,1.9,2.6,0.499,0.212,-11.2,-1.6000000000000003,-0.0429999999999999,,,,,0
Mardy Collins,LAC,25.0,198.12,99.79024,Temple,USA,2006,1,29,43,2.6,1.2,1.0,-9.1,0.033,0.0969999999999999,0.168,0.4039999999999999,0.151,2009-10,2009,Wing (proxy),5.2,2.2,2.3,0.47,0.1639999999999999,-3.6,-2.6,-0.066,,,,,0
Mario Bennett,LAL,24.0,205.74,106.59412,Arizona State,USA,1995,1,27,45,3.9,2.8,0.4,5.0,0.1639999999999999,0.207,0.201,0.573,0.084,1997-98,1997,Big (proxy),,,,,,,,,,,,,0
Mario Chalmers,MEM,32.0,187.96,86.18248,Kansas,USA,2008,2,34,66,7.7,2.4,3.0,-2.5,0.009,0.104,0.186,0.503,0.214,2017-18,2017,Guard (proxy),10.3,2.6,3.8,0.561,0.218,2.9,-2.6000000000000005,-0.058,,,,,0
Mario Elie,PHX,37.0,195.58,102.0582,American International,USA,1985,7,160,68,4.4,2.3,1.9,2.4,0.0279999999999999,0.09,0.1009999999999999,0.541,0.133,2000-01,2000,Wing (proxy),7.5,3.2,2.4,0.565,0.136,6.6,-3.1,-0.0239999999999999,,,,,0
Mario Hezonja,POR,25.0,203.2,99.79024,,Croatia,2015,1,5,53,4.8,3.5,0.9,-9.5,0.032,0.158,0.135,0.525,0.08,2019-20,2019,Wing (proxy),8.8,4.1,1.5,0.497,0.208,-10.0,-4.000000000000001,0.028,,,,,0
Mario Kasun,ORL,26.0,215.9,117.93392,,Croatia,2002,2,40,28,2.9,2.1,0.1,-4.3,0.138,0.213,0.1989999999999999,0.506,0.024,2005-06,2005,Big (proxy),2.7,2.9,0.2,0.505,0.168,-5.4,0.1999999999999997,0.001,,,,,0
Mario West,ATL,26.0,195.58,95.25432,Georgia Tech,USA,Undrafted,Undrafted,Undrafted,39,0.8,0.7,0.2,1.7,0.077,0.135,0.106,0.591,0.092,2009-10,2009,Wing (proxy),0.8,1.1,0.4,0.456,0.102,1.2,0.0,0.1349999999999999,,,,,0
Mark Blount,MIA,33.0,213.36,113.398,Pittsburgh,USA,1997,2,54,20,4.0,2.1,0.2,3.7,0.057,0.168,0.2289999999999999,0.472,0.034,2008-09,2008,Big (proxy),8.4,3.8,0.6,0.505,0.201,-11.5,-4.4,-0.033,,,,,0
Mark Bradtke,PHI,28.0,208.28,120.20188,,USA,Undrafted,Undrafted,Undrafted,36,1.6,1.9,0.2,0.9,0.107,0.176,0.118,0.4629999999999999,0.043,1996-97,1996,Big (proxy),,,,,,,,,,,,,0
Mark Bryant,BOS,38.0,205.74,113.398,Seton Hall,USA,1988,1,21,16,0.8,1.3,0.3,-9.6,0.095,0.158,0.127,0.313,0.08,2002-03,2002,Big (proxy),1.9,1.5,0.3,0.478,0.144,-4.0,-1.1,-0.1649999999999999,,,,,0
Mark Davis,GSW,27.0,200.66,92.98636,Texas Tech,USA,1995,2,48,23,6.2,3.7,1.7,-4.8,0.066,0.131,0.177,0.4529999999999999,0.129,1999-00,1999,Wing (proxy),4.0,2.2,1.0,0.489,0.185,-4.4,2.2,-0.036,,,,,0
Mark Hendrickson,NJN,26.0,205.74,99.79024,Washington State,USA,1996,2,31,15,0.9,0.9,0.4,-18.7,0.049,0.1669999999999999,0.083,0.6659999999999999,0.182,1999-00,1999,Big (proxy),5.5,3.1,0.6,0.545,0.143,-3.7,-4.6,0.1209999999999998,,,,,0
Mark Jackson,HOU,39.0,190.5,88.45044,St. John's (NY),USA,1987,1,18,42,2.5,1.7,2.8,-0.2,0.021,0.123,0.142,0.44,0.336,2003-04,2003,Guard (proxy),4.7,2.1,4.6,0.473,0.176,-0.4,-2.2,-0.0329999999999999,,,,,0
Mark Jones,ORL,30.0,198.12,97.52228,Central Florida,USA,2004,4,82,10,2.3,1.3,0.6,-0.4,0.05,0.067,0.133,0.325,0.075,2004-05,2004,Wing (proxy),,,,,,,,,,,,,0
Mark Madsen,MIN,33.0,205.74,115.66596,Stanford,USA,2000,1,29,19,0.3,0.9,0.2,0.2,0.084,0.077,0.068,0.19,0.044,2008-09,2008,Big (proxy),0.5,1.9,0.2,0.185,0.096,-1.7,-0.2,0.005,,,,,0
Mark Pope,MIL,29.0,208.28,106.59412,Kentucky,USA,1996,2,52,45,1.9,1.6,0.4,-4.5,0.055,0.136,0.127,0.434,0.06,2001-02,2001,Big (proxy),2.4,2.3,0.6,0.48,0.083,6.4,-0.5,-0.0459999999999999,,,,,0
Mark Price,ORL,34.0,182.88,81.64656,Georgia Tech,USA,1986,2,25,63,9.5,2.0,4.7,-3.1,0.019,0.086,0.23,0.518,0.363,1997-98,1997,Guard (proxy),11.3,2.6,4.9,0.597,0.192,-3.1,-1.8000000000000007,-0.0789999999999999,,,,,0
Mark Strickland,ATL,31.0,208.28,99.79024,Temple,USA,Undrafted,Undrafted,Undrafted,46,4.5,2.8,0.4,-7.0,0.069,0.162,0.171,0.466,0.051,2001-02,2001,Big (proxy),4.5,2.9,0.4,0.465,0.183,-8.3,0.0,0.001,,,,,0
Mark West,PHX,39.0,208.28,104.32616,Old Dominion,USA,1983,2,30,22,0.7,1.4,0.1,-4.1,0.048,0.217,0.075,0.483,0.023,1999-00,1999,Big (proxy),1.2,2.6,0.3,0.381,0.09,-6.3,-0.5,0.1019999999999999,,,,,0
Mark Williams,CHA,21.0,213.36,108.86208,Duke,USA,2022,1,15,43,9.0,7.1,0.4,-4.7,0.106,0.2319999999999999,0.168,0.659,0.033,2022-23,2022,Big (proxy),,,,,,,,,,,,,0
Markel Brown,BKN,24.0,190.5,86.18248,Oklahoma State,USA,2014,2,44,62,5.9,2.0,1.5,-11.5,0.026,0.12,0.187,0.5,0.142,2015-16,2015,Guard (proxy),4.6,2.3,0.8,0.4589999999999999,0.149,-0.6,1.3000000000000007,0.041,,,,,0
Markelle Fultz,ORL,25.0,193.04,94.800728,Washington,USA,2017,1,1,60,14.0,3.9,5.7,-3.7,0.038,0.095,0.208,0.564,0.29,2022-23,2022,Guard (proxy),10.8,2.7,5.5,0.517,0.265,-5.3,3.1999999999999997,0.0469999999999999,,,,,0
Markieff Morris,DAL,33.0,205.74,111.13004,Kansas,USA,2011,1,13,35,3.8,2.0,0.9,1.7,0.037,0.15,0.159,0.5529999999999999,0.114,2022-23,2022,Big (proxy),7.6,2.6,1.4,0.547,0.1969999999999999,4.5,-3.8,0.0059999999999998,,,,,0
Marko Guduric,MEM,25.0,198.12,91.171992,,Serbia,Undrafted,Undrafted,Undrafted,44,3.9,1.7,1.0,-2.6,0.0279999999999999,0.115,0.168,0.514,0.127,2019-20,2019,Wing (proxy),,,,,,,,,,,,,0
Marko Jaric,MEM,30.0,200.66,101.604608,,Serbia,2000,2,30,53,2.6,1.2,1.4,6.2,0.046,0.084,0.1639999999999999,0.417,0.196,2008-09,2008,Wing (proxy),8.3,3.0,4.1,0.518,0.15,-9.0,-5.700000000000001,-0.101,,,,,0
Marko Milic,PHX,22.0,198.12,106.59412,,Slovenia,1997,2,33,11,1.5,0.5,0.2,-19.5,0.061,0.044,0.2189999999999999,0.4,0.074,1998-99,1998,Wing (proxy),2.8,0.8,0.4,0.644,0.245,7.4,-1.2999999999999998,-0.244,,,,,0
Markus Howard,DEN,23.0,177.8,79.3786,Marquette,USA,Undrafted,Undrafted,Undrafted,31,4.1,0.4,0.2,-4.9,0.01,0.064,0.264,0.5670000000000001,0.068,2021-22,2021,Guard (proxy),2.8,0.6,0.5,0.477,0.25,-17.0,1.2999999999999998,0.09,,,,,0
Marlon Garnett,BOS,23.0,187.96,84.368112,Santa Clara,USA,Undrafted,Undrafted,Undrafted,24,2.1,0.9,0.8,-9.5,0.0139999999999999,0.088,0.15,0.426,0.171,1998-99,1998,Guard (proxy),,,,,,,,,,,,,0
Marquese Chriss,DAL,24.0,205.74,108.86208,Washington,USA,2016,1,8,34,4.5,3.0,0.5,-2.1,0.096,0.1969999999999999,0.205,0.518,0.079,2021-22,2021,Big (proxy),9.3,6.2,1.9,0.604,0.184,-9.5,-4.800000000000001,-0.0859999999999999,,,,,0
Marquis Daniels,MIL,32.0,198.12,90.7184,Auburn,USA,Undrafted,Undrafted,Undrafted,59,5.5,2.5,1.1,-3.8,0.044,0.107,0.1689999999999999,0.432,0.096,2012-13,2012,Wing (proxy),3.2,1.7,1.2,0.395,0.182,0.4,2.3,0.0369999999999999,,,,,0
Marquis Teague,BKN,21.0,187.96,86.18248,Kentucky,USA,2012,1,29,40,2.7,1.0,1.5,-9.2,0.003,0.1009999999999999,0.18,0.3979999999999999,0.222,2013-14,2013,Guard (proxy),2.1,0.9,1.3,0.412,0.187,-2.7,0.6000000000000001,-0.014,,,,,0
Marreese Speights,ORL,30.0,208.28,115.66596,Florida,USA,2008,1,16,52,7.7,2.6,0.8,1.6,0.03,0.152,0.265,0.539,0.104,2017-18,2017,Big (proxy),8.7,4.5,0.8,0.584,0.239,-2.4,-0.9999999999999992,-0.0449999999999999,,,,,0
Marshall Plumlee,NYK,24.0,213.36,113.398,Duke,USA,Undrafted,Undrafted,Undrafted,21,1.9,2.4,0.5,-1.9,0.144,0.193,0.125,0.521,0.0819999999999999,2016-17,2016,Big (proxy),,,,,,,,,,,,,0
Martell Webster,WAS,28.0,200.66,104.32616,,USA,2005,1,6,32,3.3,1.4,0.5,-19.0,0.032,0.111,0.179,0.445,0.081,2014-15,2014,Wing (proxy),9.7,2.8,1.2,0.591,0.148,-0.5,-6.4,-0.1459999999999999,,,,,0
Martin Muursepp,DAL,23.0,205.74,106.59412,,USA,1996,1,25,41,5.7,2.8,0.7,-3.7,0.085,0.133,0.179,0.528,0.079,1997-98,1997,Big (proxy),3.7,1.6,0.5,0.482,0.233,-14.5,2.0,0.046,,,,,0
Marty Conlon,MIA,30.0,210.82,111.13004,Providence,USA,Undrafted,Undrafted,Undrafted,18,4.9,2.6,0.7,4.4,0.083,0.162,0.191,0.541,0.1009999999999999,1997-98,1997,Big (proxy),7.8,4.4,1.4,0.542,0.1669999999999999,-9.0,-2.8999999999999995,-0.001,,,,,0
Marvin Bagley III,DET,24.0,208.28,106.59412,Duke,USA,2018,1,2,42,12.0,6.4,0.9,-10.6,0.091,0.179,0.2019999999999999,0.5870000000000001,0.0579999999999999,2022-23,2022,Big (proxy),11.3,7.0,0.8,0.551,0.191,-5.6,0.6999999999999993,0.036,,,,,0
Marvin Williams,MIL,34.0,203.2,107.501304,North Carolina,USA,2005,1,2,58,5.9,3.2,1.0,-2.8,0.025,0.132,0.12,0.5870000000000001,0.076,2019-20,2019,Wing (proxy),10.1,5.4,1.2,0.5479999999999999,0.147,-0.4,-4.199999999999999,0.0390000000000001,,,,,0
Mason Jones,PHI,22.0,193.04,90.7184,Arkansas,USA,Undrafted,Undrafted,Undrafted,32,5.3,1.7,1.3,-9.9,0.018,0.145,0.217,0.556,0.211,2020-21,2020,Guard (proxy),,,,,,,,,,,,,0
Mason Plumlee,LAC,33.0,213.36,115.212368,Duke,USA,2013,1,22,79,10.8,8.9,3.1,-5.9,0.105,0.238,0.149,0.6890000000000001,0.166,2022-23,2022,Big (proxy),6.5,7.7,3.1,0.603,0.1169999999999999,0.9,4.300000000000001,0.086,,,,,0
Mateen Cleaves,SEA,28.0,187.96,95.25432,Michigan State,USA,2000,1,14,27,2.7,0.5,1.6,-10.0,0.009,0.063,0.186,0.4479999999999999,0.318,2005-06,2005,Guard (proxy),0.9,0.4,0.5,0.412,0.136,-16.5,1.8000000000000005,0.0359999999999999,,,,,0
Matisse Thybulle,POR,26.0,195.58,91.171992,Washington,USA,2019,1,20,71,4.1,2.0,0.7,-0.5,0.032,0.085,0.102,0.552,0.059,2022-23,2022,Wing (proxy),5.7,2.3,1.1,0.594,0.095,3.8,-1.6000000000000003,-0.0419999999999999,,,,,0
Matt Barnes,GSW,37.0,200.66,102.511792,UCLA,USA,2002,2,45,74,7.1,5.2,2.6,-2.5,0.045,0.2,0.156,0.514,0.162,2016-17,2016,Wing (proxy),10.0,5.5,2.1,0.503,0.177,-5.5,-2.9000000000000004,0.011,,,,,0
Matt Bonner,SAS,36.0,208.28,106.59412,Florida,USA,2003,2,45,30,2.5,0.9,0.3,17.5,0.019,0.133,0.146,0.647,0.061,2015-16,2015,Big (proxy),3.7,1.6,0.7,0.536,0.126,1.1,-1.2000000000000002,0.1109999999999999,,,,,0
Matt Bullard,CHH,35.0,208.28,97.52228,Iowa,USA,Undrafted,Undrafted,Undrafted,31,3.4,1.5,0.5,-6.3,0.03,0.12,0.172,0.436,0.077,2001-02,2001,Big (proxy),5.8,2.1,0.7,0.569,0.151,7.9,-2.4,-0.1329999999999999,,,,,0
Matt Carroll,CHA,31.0,198.12,96.161504,Notre Dame,USA,Undrafted,Undrafted,Undrafted,53,2.7,1.1,0.7,-13.9,0.015,0.1,0.154,0.409,0.108,2011-12,2011,Wing (proxy),4.4,1.3,0.4,0.53,0.1939999999999999,-6.4,-1.7000000000000002,-0.121,,,,,0
Matt Freije,ATL,25.0,205.74,112.944408,Vanderbilt,USA,2004,2,53,19,2.1,1.3,0.4,1.8,0.055,0.127,0.179,0.353,0.088,2006-07,2006,Big (proxy),4.0,2.7,0.9,0.356,0.159,-9.9,-1.9,-0.003,,,,,0
Matt Geiger,PHI,31.0,215.9,112.490816,Georgia Tech,USA,1992,2,42,35,6.1,4.0,0.4,4.0,0.1,0.191,0.2269999999999999,0.43,0.047,2000-01,2000,Big (proxy),9.7,6.0,0.6,0.483,0.233,-2.0,-3.6,-0.0529999999999999,,,,,0
Matt Harpring,UTA,33.0,200.66,104.32616,Georgia Tech,USA,1998,1,15,63,4.4,2.0,0.4,2.3,0.0819999999999999,0.1369999999999999,0.2,0.508,0.072,2008-09,2008,Wing (proxy),8.2,3.2,1.1,0.551,0.215,0.6,-3.799999999999999,-0.043,,,,,0
Matt Maloney,ATL,31.0,190.5,87.089664,Pennsylvania,USA,Undrafted,Undrafted,Undrafted,14,1.7,0.5,1.2,11.9,0.012,0.075,0.146,0.441,0.254,2002-03,2002,Guard (proxy),6.7,2.1,2.8,0.508,0.14,-2.8,-5.0,-0.067,,,,,0
Matt Ryan,MIN,26.0,198.12,97.52228,Tennessee-Chattanooga,USA,Undrafted,Undrafted,Undrafted,34,3.6,0.8,0.5,2.2,0.013,0.067,0.157,0.5379999999999999,0.068,2022-23,2022,Wing (proxy),,,,,,,,,,,,,0
Matt Thomas,CHI,27.0,190.5,86.18248,Iowa State,USA,Undrafted,Undrafted,Undrafted,40,4.0,1.3,0.5,1.1,0.0069999999999999,0.096,0.1369999999999999,0.564,0.059,2021-22,2021,Guard (proxy),3.1,1.0,0.4,0.522,0.187,-9.3,0.8999999999999999,0.0419999999999999,,,,,0
Matthew Dellavedova,SAC,32.0,190.5,90.7184,,Australia,Undrafted,Undrafted,Undrafted,32,1.5,0.4,1.3,-8.8,0.005,0.054,0.122,0.4429999999999999,0.2789999999999999,2022-23,2022,Guard (proxy),2.8,1.8,4.5,0.312,0.125,-3.1,-1.2999999999999998,0.1309999999999999,,,,,0
Maurice Ager,NJN,25.0,195.58,91.625584,Michigan State,USA,2006,1,28,20,1.7,0.5,0.2,-3.6,0.034,0.083,0.241,0.365,0.071,2008-09,2008,Wing (proxy),2.0,0.5,0.3,0.363,0.216,-10.3,-0.3,0.002,,,,,0
Maurice Carter,NOH,27.0,195.58,95.25432,Louisiana State,USA,Undrafted,Undrafted,Undrafted,10,4.2,1.1,0.4,1.8,0.022,0.089,0.222,0.479,0.07,2003-04,2003,Wing (proxy),,,,,,,,,,,,,0
Maurice Evans,WAS,33.0,195.58,99.79024,Texas,USA,Undrafted,Undrafted,Undrafted,24,4.9,1.0,0.4,-0.2,0.026,0.051,0.1639999999999999,0.497,0.04,2011-12,2011,Wing (proxy),6.3,2.1,0.6,0.513,0.14,-7.8,-1.3999999999999997,-0.016,,,,,0
Maurice Harkless,SAC,29.0,200.66,99.79024,St. John's,USA,2012,1,15,47,4.6,2.4,0.5,-4.2,0.0139999999999999,0.114,0.1119999999999999,0.561,0.035,2021-22,2021,Wing (proxy),5.2,2.4,1.2,0.527,0.114,-2.9,-0.6000000000000005,0.034,,,,,0
Maurice Ndour,NYK,25.0,205.74,90.7184,Ohio U.,Senegal,Undrafted,Undrafted,Undrafted,32,3.1,2.0,0.3,-1.4,0.073,0.149,0.145,0.503,0.037,2016-17,2016,Big (proxy),,,,,,,,,,,,,0
Maurice Taylor,SAC,30.0,205.74,120.20188,Michigan,USA,1997,1,14,12,2.0,2.3,0.4,16.5,0.106,0.1939999999999999,0.176,0.356,0.078,2006-07,2006,Big (proxy),6.3,3.4,0.8,0.496,0.2019999999999999,-6.1,-4.3,-0.14,,,,,0
Max Christie,LAL,20.0,195.58,86.18248,Michigan State,USA,2022,2,35,41,3.1,1.8,0.5,-7.1,0.012,0.126,0.1,0.5660000000000001,0.054,2022-23,2022,Wing (proxy),,,,,,,,,,,,,0
Max Strus,MIA,27.0,195.58,97.52228,DePaul,USA,Undrafted,Undrafted,Undrafted,80,11.5,3.2,2.1,-3.8,0.021,0.0969999999999999,0.17,0.557,0.115,2022-23,2022,Wing (proxy),10.6,3.0,1.4,0.614,0.177,5.6,0.9000000000000004,-0.0569999999999999,,,,,0
Maxi Kleber,DAL,31.0,208.28,108.86208,,Germany,Undrafted,Undrafted,Undrafted,37,5.9,3.6,1.4,-2.9,0.033,0.1159999999999999,0.1,0.5920000000000001,0.079,2022-23,2022,Big (proxy),7.0,5.9,1.2,0.537,0.131,3.9,-1.0999999999999996,0.055,,,,,0
McKinley Wright IV,DAL,24.0,180.34,87.089664,Colorado,USA,Undrafted,Undrafted,Undrafted,27,4.2,1.7,2.1,-14.9,0.026,0.109,0.16,0.536,0.275,2022-23,2022,Guard (proxy),,,,,,,,,,,,,0
Mehmet Okur,NJN,33.0,210.82,117.93392,,Turkey,2001,2,37,17,7.6,4.8,1.8,-17.3,0.0559999999999999,0.176,0.171,0.46,0.119,2011-12,2011,Big (proxy),4.9,2.3,1.5,0.452,0.214,-12.8,2.6999999999999997,0.008,,,,,0
Melvin Booker,GSW,24.0,187.96,83.91452,Missouri,USA,Undrafted,Undrafted,Undrafted,21,5.8,1.4,2.5,-3.8,0.018,0.064,0.144,0.536,0.196,1996-97,1996,Guard (proxy),,,,,,,,,,,,,0
Melvin Ely,DEN,33.0,208.28,118.38751200000002,Fresno State,USA,2002,1,12,30,2.3,2.5,0.5,2.1,0.09,0.153,0.092,0.573,0.052,2010-11,2010,Big (proxy),3.1,2.1,0.6,0.4379999999999999,0.175,-3.7,-0.8000000000000003,0.135,,,,,0
Melvin Frazier Jr.,ORL,23.0,195.58,97.52228,Tulane,USA,2018,2,35,19,2.1,0.5,0.2,-15.0,0.0139999999999999,0.067,0.129,0.5589999999999999,0.039,2019-20,2019,Wing (proxy),1.5,0.5,0.1,0.33,0.205,-13.5,0.6000000000000001,0.2289999999999999,,,,,0
Melvin Sanders,SAS,25.0,195.58,95.25432,Oklahoma State,USA,Undrafted,Undrafted,Undrafted,16,2.6,1.4,0.2,-2.8,0.044,0.211,0.191,0.5479999999999999,0.048,2005-06,2005,Wing (proxy),,,,,,,,,,,,,0
Mengke Bateer,SAS,27.0,210.82,131.54168,,China,Undrafted,Undrafted,Undrafted,12,0.8,0.8,0.3,-18.5,0.059,0.157,0.246,0.252,0.1669999999999999,2002-03,2002,Big (proxy),5.1,3.6,0.8,0.469,0.198,-7.6,-4.3,-0.2169999999999999,,,,,0
Metta World Peace,LAL,37.0,200.66,117.93392,St. John's (NY),USA,1999,1,16,25,2.3,0.8,0.4,-17.7,0.031,0.118,0.225,0.38,0.113,2016-17,2016,Wing (proxy),5.0,2.5,0.8,0.435,0.165,-6.0,-2.7,-0.0549999999999999,,,,,0
Meyers Leonard,MIA,28.0,213.36,117.93392,Illinois,USA,2012,1,11,51,6.1,5.1,1.1,4.5,0.03,0.214,0.121,0.627,0.075,2019-20,2019,Big (proxy),5.9,3.8,1.2,0.675,0.149,-3.7,0.1999999999999993,-0.048,,,,,0
Mfiondu Kabengele,CLE,23.0,205.74,113.398,Florida State,Canada,2019,1,27,39,2.4,1.5,0.4,-14.2,0.039,0.151,0.168,0.486,0.099,2020-21,2020,Big (proxy),3.5,0.9,0.2,0.614,0.242,0.8,-1.1,-0.128,,,,,0
Michael Beasley,LAL,30.0,205.74,106.59412,Kansas State,USA,2008,1,2,26,7.0,2.3,1.0,-6.0,0.044,0.153,0.288,0.532,0.149,2018-19,2018,Big (proxy),13.2,5.6,1.7,0.556,0.261,-4.0,-6.199999999999999,-0.024,,,,,0
Michael Bradley,PHI,27.0,208.28,111.13004,Villanova,USA,2001,1,17,46,1.5,2.3,0.4,-8.1,0.124,0.209,0.126,0.417,0.085,2005-06,2005,Big (proxy),1.8,1.6,0.3,0.6,0.126,2.8,-0.3,-0.183,,,,,0
Michael Cage,NJN,38.0,205.74,101.604608,San Diego State,USA,1984,1,14,20,1.4,4.1,0.5,-4.2,0.14,0.2339999999999999,0.054,0.5329999999999999,0.059,1999-00,1999,Big (proxy),1.3,3.9,0.4,0.531,0.046,2.4,0.0999999999999998,0.0019999999999998,,,,,0
Michael Carter-Williams,ORL,29.0,195.58,86.18248,Syracuse,USA,2013,1,11,31,8.8,4.5,4.2,-2.5,0.044,0.123,0.198,0.449,0.238,2020-21,2020,Wing (proxy),7.2,3.3,2.4,0.535,0.175,1.4,1.6000000000000003,-0.086,,,,,0
Michael Curry,IND,36.0,195.58,95.25432,Georgia Southern,USA,Undrafted,Undrafted,Undrafted,18,1.7,1.5,0.8,-11.7,0.036,0.088,0.073,0.461,0.107,2004-05,2004,Wing (proxy),2.9,1.2,0.8,0.46,0.111,-6.0,-1.2,0.001,,,,,0
Michael Dickerson,VAN,26.0,193.04,86.18248,Arizona,USA,1998,1,14,70,16.3,3.3,3.3,-5.9,0.032,0.069,0.226,0.501,0.157,2000-01,2000,Guard (proxy),18.2,3.4,2.5,0.53,0.23,-6.1,-1.8999999999999984,-0.029,,,,,0
Michael Doleac,MIN,31.0,210.82,118.841104,Utah,USA,1998,1,12,24,2.4,2.0,0.3,-9.2,0.066,0.151,0.129,0.446,0.0409999999999999,2007-08,2007,Big (proxy),3.6,2.8,0.4,0.518,0.154,-2.9,-1.2000000000000002,-0.072,,,,,0
Michael Finley,BOS,37.0,200.66,102.0582,Wisconsin,USA,1995,1,21,46,4.4,1.5,0.9,-0.5,0.01,0.11,0.14,0.53,0.09,2009-10,2009,Wing (proxy),9.7,3.3,1.4,0.547,0.162,3.7,-5.299999999999999,-0.017,,,,,0
Michael Frazier II,HOU,26.0,190.5,90.7184,Florida,USA,Undrafted,Undrafted,Undrafted,13,2.1,0.8,0.2,-16.0,0.006,0.067,0.115,0.384,0.021,2019-20,2019,Guard (proxy),,,,,,,,,,,,,0
Michael Hawkins,CLE,28.0,182.88,80.73937600000001,Xavier,USA,Undrafted,Undrafted,Undrafted,10,0.8,0.5,1.3,-20.8,0.0289999999999999,0.054,0.094,0.444,0.271,2000-01,2000,Guard (proxy),0.7,0.6,1.1,0.288,0.1689999999999999,9.6,0.1,0.156,,,,,0
Michael Jordan,WAS,40.0,198.12,97.975872,North Carolina,USA,1984,1,3,82,20.0,6.1,3.8,0.0,0.0279999999999999,0.1669999999999999,0.288,0.491,0.207,2002-03,2002,Wing (proxy),22.9,5.7,5.2,0.4679999999999999,0.361,-0.3,-2.8999999999999986,0.023,,,,,0
Michael Kidd-Gilchrist,DAL,26.0,198.12,105.233344,Kentucky,USA,2012,1,2,25,2.4,2.7,0.6,4.2,0.045,0.1689999999999999,0.134,0.416,0.077,2019-20,2019,Wing (proxy),6.7,3.8,1.0,0.5529999999999999,0.153,-0.9,-4.300000000000001,-0.1369999999999999,,,,,0
Michael Olowokandi,BOS,32.0,213.36,122.46984,Pacific,Nigeria,1998,1,1,24,1.7,2.0,0.2,-8.2,0.067,0.184,0.124,0.423,0.038,2006-07,2006,Big (proxy),5.0,4.6,0.5,0.456,0.172,-4.9,-3.3,-0.033,,,,,0
Michael Porter Jr.,DEN,25.0,208.28,98.883056,Missouri,USA,2018,1,14,62,17.4,5.5,1.0,10.4,0.038,0.151,0.22,0.621,0.048,2022-23,2022,Big (proxy),19.0,7.3,1.1,0.6629999999999999,0.214,8.3,-1.6000000000000014,-0.0419999999999999,,,,,0
Michael Redd,PHX,32.0,198.12,97.52228,Ohio State,USA,2000,2,43,51,8.2,1.5,0.6,-8.5,0.02,0.098,0.263,0.511,0.078,2011-12,2011,Wing (proxy),4.4,0.8,1.2,0.47,0.176,4.8,3.799999999999999,0.041,,,,,0
Michael Ruffin,POR,32.0,203.2,112.490816,Tulsa,USA,1999,2,32,11,0.5,1.0,0.0,-6.9,0.214,0.152,0.128,0.381,0.0,2008-09,2008,Wing (proxy),2.0,4.0,0.5,0.507,0.077,-3.7,-1.5,-0.126,,,,,0
Michael Smith,WAS,29.0,203.2,108.86208,Providence,USA,1994,2,35,79,3.8,7.1,1.3,-11.7,0.119,0.29,0.095,0.527,0.099,2000-01,2000,Wing (proxy),6.3,7.2,1.2,0.611,0.108,-6.0,-2.5,-0.0839999999999999,,,,,0
Michael Stewart,ATL,30.0,208.28,104.32616,California,USA,Undrafted,Undrafted,Undrafted,12,2.1,3.3,0.4,-12.8,0.1639999999999999,0.183,0.093,0.519,0.052,2004-05,2004,Big (proxy),0.5,1.2,0.0,0.472,0.05,-15.9,1.6,0.047,,,,,0
Michael Sweetney,CHI,24.0,203.2,122.46984,Georgetown,USA,2003,1,9,48,3.2,2.5,0.6,3.7,0.135,0.212,0.231,0.469,0.122,2006-07,2006,Wing (proxy),8.1,5.3,0.9,0.499,0.236,-1.5,-4.9,-0.03,,,,,0
Micheal Williams,MIN,31.0,187.96,79.3786,Baylor,USA,1988,2,48,25,2.6,0.6,1.3,0.4,0.015,0.077,0.209,0.512,0.299,1997-98,1997,Guard (proxy),,,,,,,,,,,,,0
Mickael Gelabale,MIN,30.0,200.66,97.52228,,USA,2005,2,48,36,5.0,2.8,0.7,-4.8,0.057,0.12,0.118,0.605,0.064,2012-13,2012,Wing (proxy),4.3,1.5,0.8,0.509,0.178,-5.7,0.7000000000000002,0.0959999999999999,,,,,0
Mickael Pietrus,TOR,31.0,198.12,97.52228,,France,2003,1,11,19,5.3,1.9,0.5,-2.5,0.016,0.103,0.152,0.472,0.034,2012-13,2012,Wing (proxy),6.9,3.1,0.6,0.509,0.162,2.5,-1.6000000000000003,-0.037,,,,,0
Mickell Gladness,GSW,25.0,210.82,99.79024,Alabama A&M,USA,Undrafted,Undrafted,Undrafted,26,2.2,2.2,0.2,-11.9,0.057,0.174,0.127,0.436,0.03,2011-12,2011,Big (proxy),,,,,,,,,,,,,0
Mikal Bridges,BKN,26.0,198.12,94.800728,Villanova,USA,2018,1,10,83,20.1,4.4,3.3,0.8,0.026,0.094,0.223,0.5870000000000001,0.141,2022-23,2022,Wing (proxy),14.2,4.2,2.3,0.627,0.149,9.8,5.900000000000002,-0.0399999999999999,,,,,0
Mike Batiste,MEM,25.0,203.2,102.0582,Arizona State,USA,Undrafted,Undrafted,Undrafted,75,6.4,3.4,0.7,-6.2,0.077,0.165,0.211,0.476,0.074,2002-03,2002,Wing (proxy),,,,,,,,,,,,,0
Mike Bibby,NYK,34.0,187.96,88.45044,Arizona,USA,1998,1,2,39,2.6,1.5,2.1,-2.4,0.01,0.124,0.124,0.4039999999999999,0.2269999999999999,2011-12,2011,Guard (proxy),8.6,2.4,3.3,0.57,0.146,3.3,-6.0,-0.166,,,,,0
Mike Conley,MIN,35.0,185.42,79.3786,Ohio State,USA,2007,1,4,67,11.9,2.7,6.7,1.3,0.016,0.075,0.161,0.583,0.295,2022-23,2022,Guard (proxy),13.7,3.0,5.3,0.5720000000000001,0.2019999999999999,7.7,-1.799999999999999,0.0109999999999998,,,,,0
Mike Dunleavy,ATL,36.0,205.74,104.32616,Duke,USA,2002,1,3,53,5.2,2.2,0.9,-4.3,0.024,0.124,0.141,0.573,0.0969999999999999,2016-17,2016,Big (proxy),7.2,2.7,1.3,0.5429999999999999,0.144,-5.7,-2.0,0.03,,,,,0
Mike Harris,UTA,31.0,198.12,109.769264,Rice,USA,Undrafted,Undrafted,Undrafted,20,4.2,1.7,0.3,1.7,0.07,0.09,0.161,0.5760000000000001,0.037,2013-14,2013,Wing (proxy),2.2,1.8,0.2,0.416,0.1889999999999999,-19.5,2.0,0.1600000000000001,,,,,0
Mike James,BKN,30.0,185.42,79.3786,Lamar,USA,Undrafted,Undrafted,Undrafted,13,7.7,2.5,4.2,4.1,0.013,0.1119999999999999,0.231,0.481,0.303,2020-21,2020,Guard (proxy),9.3,2.5,3.5,0.469,0.237,-2.6,-1.6000000000000003,0.012,,,,,0
Mike Miller,DEN,37.0,203.2,98.883056,Florida,USA,2000,1,5,20,1.4,1.9,1.1,-3.3,0.016,0.261,0.104,0.586,0.195,2016-17,2016,Wing (proxy),1.3,1.1,0.9,0.508,0.092,-14.2,0.0999999999999998,0.0779999999999999,,,,,0
Mike Muscala,BOS,31.0,210.82,108.86208,Bucknell,USA,2013,2,44,63,6.1,3.2,0.8,8.8,0.038,0.161,0.146,0.608,0.069,2022-23,2022,Big (proxy),8.0,3.0,0.5,0.63,0.198,1.8,-1.9000000000000004,-0.022,,,,,0
Mike Penberthy,LAL,26.0,190.5,81.64656,Master's,USA,Undrafted,Undrafted,Undrafted,53,5.0,1.2,1.3,-0.6,0.013,0.067,0.141,0.5670000000000001,0.129,2000-01,2000,Guard (proxy),,,,,,,,,,,,,0
Mike Scott,PHI,32.0,200.66,107.501304,Virginia,USA,2012,2,43,51,4.2,2.4,0.8,-0.2,0.012,0.129,0.1159999999999999,0.492,0.064,2020-21,2020,Wing (proxy),6.0,3.6,0.8,0.557,0.132,5.7,-1.7999999999999998,-0.065,,,,,0
Mike Smith,WAS,25.0,203.2,88.45044,Louisiana-Monroe,USA,2000,2,35,17,3.0,1.3,0.6,-8.5,0.061,0.084,0.177,0.386,0.093,2000-01,2000,Wing (proxy),,,,,,,,,,,,,0
Mike Taylor,LAC,23.0,187.96,74.84268,Iowa State,USA,2008,2,55,51,5.7,1.7,2.1,-7.1,0.033,0.0969999999999999,0.226,0.477,0.231,2008-09,2008,Guard (proxy),,,,,,,,,,,,,0
Mike Wilks,SEA,29.0,177.8,81.64656,Rice,USA,Undrafted,Undrafted,Undrafted,15,2.7,1.3,0.9,-3.7,0.031,0.089,0.115,0.5429999999999999,0.121,2007-08,2007,Guard (proxy),3.6,1.1,1.7,0.5329999999999999,0.166,-0.2,-0.8999999999999999,0.01,,,,,0
Mikki Moore,GSW,34.0,213.36,102.0582,Nebraska,USA,Undrafted,Undrafted,Undrafted,23,5.0,3.0,1.6,-14.9,0.068,0.123,0.123,0.606,0.131,2009-10,2009,Big (proxy),3.9,3.7,0.8,0.593,0.109,-4.1,1.1,0.013,,,,,0
Miles Bridges,CHA,24.0,200.66,102.0582,Michigan State,USA,2018,1,12,80,20.2,7.0,3.8,2.1,0.03,0.158,0.2239999999999999,0.593,0.153,2021-22,2021,Wing (proxy),12.7,6.0,2.2,0.625,0.17,0.3,7.5,-0.032,,,,,0
Miles McBride,NYK,22.0,187.96,88.45044,West Virginia,USA,2021,2,36,64,3.5,0.8,1.1,3.6,0.016,0.047,0.141,0.475,0.13,2022-23,2022,Guard (proxy),2.2,1.1,1.0,0.3929999999999999,0.1369999999999999,13.0,1.2999999999999998,0.082,,,,,0
Miles Plumlee,ATL,30.0,210.82,112.944408,Duke,USA,2012,1,26,18,4.4,2.2,0.9,-10.2,0.085,0.141,0.166,0.654,0.155,2018-19,2018,Big (proxy),4.3,4.1,0.8,0.574,0.127,-7.3,0.1000000000000005,0.08,,,,,0
Milos Teodosic,LAC,32.0,195.58,88.904032,,Serbia,Undrafted,Undrafted,Undrafted,15,3.2,1.1,2.1,5.4,0.021,0.084,0.171,0.557,0.26,2018-19,2018,Wing (proxy),9.5,2.8,4.6,0.564,0.178,2.4,-6.3,-0.0069999999999998,,,,,0
Milt Palacio,UTA,28.0,193.04,95.25432,Colorado State,Belize,Undrafted,Undrafted,Undrafted,71,6.2,1.9,2.7,-4.7,0.015,0.102,0.195,0.47,0.257,2005-06,2005,Guard (proxy),5.8,1.7,3.5,0.507,0.172,1.1,0.4000000000000003,-0.037,,,,,0
Milton Doyle,BKN,24.0,193.04,81.64656,Loyola (IL),USA,Undrafted,Undrafted,Undrafted,10,3.4,1.8,1.0,-5.3,0.021,0.125,0.173,0.337,0.122,2017-18,2017,Guard (proxy),,,,,,,,,,,,,0
Mindaugas Kuzminskas,NYK,27.0,205.74,97.52228,,Lithuania,Undrafted,Undrafted,Undrafted,68,6.3,1.9,1.0,-1.2,0.05,0.084,0.188,0.5329999999999999,0.102,2016-17,2016,Big (proxy),,,,,,,,,,,,,0
Miroslav Raduljica,MIL,26.0,213.36,113.398,,Serbia,Undrafted,Undrafted,Undrafted,48,3.8,2.3,0.5,-6.1,0.129,0.136,0.172,0.603,0.084,2013-14,2013,Big (proxy),,,,,,,,,,,,,0
Mirsad Turkcan,MIL,24.0,205.74,97.975872,,USA,1998,1,18,17,1.9,1.9,0.3,-23.8,0.14,0.299,0.238,0.397,0.119,1999-00,1999,Big (proxy),,,,,,,,,,,,,0
Mirza Teletovic,MIL,32.0,205.74,109.769264,,Bosnia and Herzegovina,Undrafted,Undrafted,Undrafted,10,7.1,2.3,1.0,-10.4,0.021,0.128,0.183,0.623,0.103,2017-18,2017,Big (proxy),6.4,2.3,0.7,0.515,0.191,3.4,0.6999999999999993,0.1079999999999999,,,,,0
Mitch McGary,OKC,24.0,208.28,115.66596,Michigan,USA,2014,1,21,20,1.3,0.9,0.2,-32.2,0.068,0.222,0.208,0.474,0.071,2015-16,2015,Big (proxy),6.3,5.2,0.4,0.55,0.186,4.0,-5.0,-0.076,,,,,0
Mitch Richmond,LAL,37.0,195.58,99.79024,Kansas State,USA,1988,1,5,64,4.1,1.5,0.9,9.8,0.021,0.114,0.1939999999999999,0.488,0.131,2001-02,2001,Wing (proxy),16.2,2.9,3.0,0.521,0.24,-2.4,-12.1,-0.033,,,,,0
Mitchell Butler,WAS,33.0,195.58,95.25432,UCLA,USA,Undrafted,Undrafted,Undrafted,41,3.3,1.7,0.8,1.7,0.048,0.092,0.126,0.498,0.093,2003-04,2003,Wing (proxy),2.6,1.3,0.5,0.513,0.178,-9.4,0.6999999999999997,-0.015,,,,,0
Mitchell Robinson,NYK,25.0,213.36,108.86208,Western Kentucky,USA,2018,2,36,59,7.4,9.4,0.9,7.3,0.1639999999999999,0.178,0.1009999999999999,0.652,0.044,2022-23,2022,Big (proxy),8.5,8.6,0.5,0.722,0.11,-2.1,-1.0999999999999996,-0.0699999999999999,,,,,0
Miye Oni,UTA,24.0,195.58,93.439952,Yale,USA,2019,2,58,16,0.3,0.4,0.3,-33.3,0.024,0.118,0.095,0.265,0.179,2021-22,2021,Wing (proxy),1.9,1.6,0.5,0.517,0.095,8.8,-1.6,-0.252,,,,,0
Mo Bamba,LAL,25.0,213.36,104.779752,Texas,USA,2018,1,6,49,6.6,4.6,0.9,1.5,0.076,0.198,0.166,0.602,0.086,2022-23,2022,Big (proxy),10.6,8.1,1.2,0.5820000000000001,0.17,-9.6,-4.0,0.0199999999999999,,,,,0
Mo Williams,CLE,33.0,185.42,89.811216,Alabama,USA,2003,2,47,41,8.2,1.8,2.4,-5.0,0.009,0.099,0.2269999999999999,0.527,0.231,2015-16,2015,Guard (proxy),14.2,2.6,6.2,0.512,0.248,-3.5,-6.0,0.015,,,,,0
Monta Ellis,IND,31.0,190.5,83.91452,,USA,2005,2,40,74,8.5,2.8,3.2,-0.5,0.011,0.103,0.1689999999999999,0.514,0.171,2016-17,2016,Guard (proxy),13.8,3.3,4.7,0.504,0.21,2.5,-5.300000000000001,0.01,,,,,0
Monte Morris,WAS,28.0,187.96,83.007336,Iowa State,USA,2017,2,51,62,10.3,3.4,5.3,0.1,0.016,0.106,0.155,0.579,0.249,2022-23,2022,Guard (proxy),12.6,3.0,4.4,0.583,0.173,6.0,-2.299999999999999,-0.004,,,,,0
Montrezl Harrell,PHI,29.0,200.66,108.86208,Louisville,USA,2015,2,32,57,5.6,2.8,0.6,2.2,0.1,0.133,0.178,0.631,0.073,2022-23,2022,Wing (proxy),13.1,6.1,2.0,0.68,0.198,3.0,-7.5,-0.049,,,,,0
Monty Williams,PHI,31.0,203.2,102.0582,Notre Dame,USA,1994,1,24,21,4.4,2.1,1.2,8.6,0.053,0.138,0.176,0.489,0.143,2002-03,2002,Wing (proxy),7.1,3.5,1.4,0.575,0.179,-2.9,-2.6999999999999997,-0.0859999999999999,,,,,0
Moochie Norris,NOK,32.0,185.42,83.91452,West Florida,USA,1996,2,33,45,2.8,1.2,1.1,-8.0,0.033,0.119,0.184,0.479,0.215,2005-06,2005,Guard (proxy),2.4,1.2,1.0,0.376,0.193,-5.9,0.3999999999999999,0.1029999999999999,,,,,0
Mookie Blaylock,GSW,35.0,182.88,81.64656,Oklahoma,USA,1989,1,12,35,3.4,1.5,3.3,-8.7,0.015,0.086,0.138,0.3979999999999999,0.33,2001-02,2001,Guard (proxy),11.0,3.9,6.7,0.455,0.174,-8.0,-7.6,-0.0570000000000001,,,,,0
Moritz Wagner,ORL,26.0,210.82,111.13004,Michigan,Germany,2018,1,25,57,10.5,4.5,1.5,-1.1,0.06,0.172,0.201,0.63,0.115,2022-23,2022,Big (proxy),9.0,3.7,1.4,0.623,0.2239999999999999,-7.2,1.5,0.007,,,,,0
Morris Almond,UTA,24.0,198.12,102.0582,Rice,USA,2007,1,25,25,3.7,1.4,0.3,-7.3,0.042,0.111,0.193,0.498,0.054,2008-09,2008,Wing (proxy),,,,,,,,,,,,,0
Morris Peterson,NOH,32.0,200.66,99.79024,Michigan State,USA,2000,1,21,46,7.1,2.7,0.9,-5.3,0.02,0.141,0.163,0.503,0.059,2009-10,2009,Wing (proxy),4.4,2.0,0.4,0.499,0.1939999999999999,-0.5,2.6999999999999997,0.004,,,,,0
Moses Brown,BKN,23.0,218.44,111.13004,UCLA,USA,Undrafted,Undrafted,Undrafted,36,4.3,3.9,0.1,3.5,0.165,0.262,0.188,0.607,0.021,2022-23,2022,Big (proxy),4.3,3.4,0.0,0.612,0.1989999999999999,-6.2,0.0,-0.005,,,,,0
Moses Moody,GSW,21.0,195.58,95.707912,Arkansas,USA,2021,1,14,63,4.8,1.7,0.8,-0.6,0.034,0.091,0.141,0.603,0.085,2022-23,2022,Wing (proxy),4.4,1.5,0.4,0.573,0.148,-4.0,0.3999999999999994,0.03,,,,,0
Mouhamed Sene,SEA,22.0,210.82,104.32616,,Senegal,2006,1,10,13,2.3,1.2,0.1,-10.7,0.115,0.161,0.218,0.476,0.0279999999999999,2007-08,2007,Big (proxy),1.9,1.6,0.0,0.429,0.19,-16.5,0.3999999999999999,0.0469999999999999,,,,,0
Moussa Diabate,LAC,21.0,208.28,95.25432,Michigan,France,2022,2,43,22,2.7,2.3,0.2,-3.2,0.1369999999999999,0.106,0.125,0.546,0.0289999999999999,2022-23,2022,Big (proxy),,,,,,,,,,,,,0
Muggsy Bogues,TOR,35.0,160.02,63.956472,Wake Forest,USA,1987,1,12,80,5.1,1.7,3.7,0.4,0.016,0.076,0.1169999999999999,0.517,0.266,1999-00,1999,Guard (proxy),5.1,2.0,3.7,0.539,0.138,-2.1,0.0,-0.022,,,,,0
Mustafa Shakur,WAS,26.0,193.04,88.45044,Arizona,USA,Undrafted,Undrafted,Undrafted,22,2.3,1.0,1.1,-1.2,0.054,0.121,0.236,0.389,0.258,2010-11,2010,Guard (proxy),,,,,,,,,,,,,0
Mychal Mulder,MIA,28.0,190.5,88.45044,Kentucky,Canada,Undrafted,Undrafted,Undrafted,17,4.1,1.4,0.3,-10.3,0.0069999999999999,0.089,0.153,0.4379999999999999,0.031,2021-22,2021,Guard (proxy),5.6,1.0,0.4,0.613,0.157,2.9,-1.5,-0.1750000000000001,,,,,0
Myke Henry,MEM,25.0,198.12,95.25432,,USA,Undrafted,Undrafted,Undrafted,20,5.4,1.9,1.1,-4.1,0.026,0.081,0.148,0.472,0.083,2017-18,2017,Wing (proxy),,,,,,,,,,,,,0
Myles Powell,PHI,24.0,187.96,88.45044,Seton Hall,USA,Undrafted,Undrafted,Undrafted,11,1.2,0.5,0.3,-15.1,0.019,0.098,0.163,0.364,0.088,2021-22,2021,Guard (proxy),,,,,,,,,,,,,0
Myles Turner,IND,27.0,210.82,113.398,Texas,USA,2015,1,11,62,18.0,7.5,1.4,-1.2,0.049,0.205,0.225,0.6509999999999999,0.074,2022-23,2022,Big (proxy),12.9,7.1,1.0,0.615,0.173,-0.3,5.1,0.0359999999999999,,,,,0
Naji Marshall,NOP,25.0,200.66,99.79024,Xavier,USA,Undrafted,Undrafted,Undrafted,77,9.1,3.6,2.5,-0.1,0.027,0.132,0.172,0.539,0.147,2022-23,2022,Wing (proxy),5.7,2.6,1.1,0.505,0.1969999999999999,-2.2,3.3999999999999995,0.034,,,,,0
Nando De Colo,TOR,27.0,195.58,88.45044,,France,2009,2,53,47,3.8,1.6,1.4,-0.7,0.033,0.139,0.186,0.526,0.203,2013-14,2013,Wing (proxy),3.8,1.9,1.9,0.53,0.171,-1.2,0.0,-0.004,,,,,0
Nassir Little,POR,23.0,195.58,99.79024,North Carolina,USA,2019,1,25,54,6.6,2.6,0.9,-8.8,0.0279999999999999,0.122,0.158,0.555,0.075,2022-23,2022,Wing (proxy),9.8,5.6,1.3,0.575,0.155,-0.9,-3.200000000000001,-0.0199999999999999,,,,,0
Nate Driggers,BOS,23.0,195.58,97.52228,Montevallo,USA,Undrafted,Undrafted,Undrafted,15,2.4,1.5,0.4,-24.0,0.079,0.098,0.162,0.366,0.078,1996-97,1996,Wing (proxy),,,,,,,,,,,,,0
Nate Hinton,DAL,22.0,195.58,95.25432,Houston,USA,Undrafted,Undrafted,Undrafted,21,2.0,0.4,0.4,-28.2,0.009,0.091,0.217,0.442,0.151,2020-21,2020,Wing (proxy),,,,,,,,,,,,,0
Nate McMillan,SEA,33.0,195.58,95.25432,North Carolina State,USA,1986,2,30,18,3.4,2.2,3.1,10.4,0.055,0.1369999999999999,0.136,0.46,0.296,1997-98,1997,Wing (proxy),4.6,3.2,3.8,0.522,0.113,14.1,-1.1999999999999995,-0.062,,,,,0
Nate Robinson,DEN,31.0,175.26,81.64656,Washington,USA,2005,1,21,42,5.7,1.2,2.3,-8.2,0.03,0.06,0.235,0.432,0.303,2014-15,2014,Guard (proxy),10.4,1.8,2.5,0.544,0.246,6.7,-4.7,-0.112,,,,,0
Nate Wolters,MIL,24.0,193.04,86.18248,South Dakota State,USA,2013,2,38,21,2.0,1.6,1.0,-3.4,0.035,0.1159999999999999,0.134,0.352,0.127,2014-15,2014,Guard (proxy),7.2,2.6,3.2,0.486,0.1669999999999999,-1.8,-5.2,-0.134,,,,,0
Nathan Jawai,MIN,23.0,208.28,127.00576,Midland,Australia,2008,2,41,39,3.2,2.7,0.6,-9.5,0.123,0.151,0.158,0.485,0.09,2009-10,2009,Big (proxy),,,,,,,,,,,,,0
Nathan Knight,MIN,25.0,203.2,114.758776,William & Mary,USA,Undrafted,Undrafted,Undrafted,38,3.7,1.5,0.3,-2.3,0.072,0.118,0.177,0.655,0.065,2022-23,2022,Wing (proxy),3.7,2.3,0.6,0.603,0.203,3.6,0.0,0.052,,,,,0
Naz Mitrou-Long,UTA,25.0,193.04,98.883056,Iowa State,Canada,Undrafted,Undrafted,Undrafted,14,1.1,0.4,1.1,-21.2,0.011,0.057,0.139,0.3829999999999999,0.25,2018-19,2018,Guard (proxy),,,,,,,,,,,,,0
Naz Reid,MIN,23.0,205.74,119.748288,Louisiana State,USA,Undrafted,Undrafted,Undrafted,68,11.5,4.9,1.1,-4.2,0.0579999999999999,0.205,0.242,0.617,0.098,2022-23,2022,Big (proxy),8.3,3.9,0.9,0.588,0.209,-2.4,3.1999999999999997,0.029,,,,,0
Nazr Mohammed,CHI,37.0,208.28,113.398,Kentucky,USA,1998,1,29,23,1.2,1.7,0.1,1.6,0.099,0.239,0.138,0.431,0.038,2014-15,2014,Big (proxy),1.6,2.2,0.3,0.445,0.148,-0.6,-0.4000000000000001,-0.014,,,,,0
Ndudi Ebi,MIN,20.0,205.74,90.7184,,USA,2003,1,26,17,0.8,0.2,0.2,-12.8,0.074,0.0279999999999999,0.298,0.412,0.2,2003-04,2003,Big (proxy),,,,,,,,,,,,,0
Neemias Queta,SAC,22.0,213.36,112.490816,Utah State,Portugal,2021,2,39,15,3.0,2.1,0.4,-4.1,0.104,0.144,0.176,0.495,0.076,2021-22,2021,Big (proxy),,,,,,,,,,,,,0
Nemanja Bjelica,GSW,34.0,205.74,106.140528,,Serbia,2010,2,35,71,6.1,4.1,2.2,5.2,0.055,0.187,0.175,0.573,0.204,2021-22,2021,Big (proxy),6.5,3.4,1.9,0.5539999999999999,0.179,-6.7,-0.4000000000000003,0.019,,,,,0
Nemanja Nedovic,GSW,23.0,190.5,87.089664,,Serbia,2013,1,30,24,1.1,0.6,0.5,-19.8,0.023,0.09,0.17,0.306,0.16,2013-14,2013,Guard (proxy),,,,,,,,,,,,,0
Nenad Krstic,BOS,27.0,213.36,108.86208,,Serbia and Montenegro,2002,1,24,71,8.1,4.7,0.4,1.6,0.0969999999999999,0.158,0.1689999999999999,0.557,0.027,2010-11,2010,Big (proxy),8.4,5.0,0.7,0.527,0.171,3.0,-0.3000000000000007,0.03,,,,,0
Nene,HOU,36.0,210.82,113.398,,Brazil,2002,1,7,42,3.6,2.9,0.6,9.2,0.0579999999999999,0.152,0.114,0.552,0.07,2018-19,2018,Big (proxy),6.5,3.4,0.9,0.594,0.183,17.1,-2.9,-0.0419999999999999,,,,,0
Nerlens Noel,BKN,29.0,208.28,99.79024,Kentucky,USA,2013,1,6,17,2.1,2.7,0.6,-16.8,0.047,0.1889999999999999,0.113,0.424,0.074,2022-23,2022,Big (proxy),3.4,5.6,0.9,0.581,0.072,-5.7,-1.2999999999999998,-0.1569999999999999,,,,,0
Nic Claxton,BKN,24.0,210.82,97.52228,Georgia,USA,2019,2,31,76,12.6,9.2,1.9,3.7,0.088,0.213,0.155,0.691,0.091,2022-23,2022,Big (proxy),8.7,5.6,0.9,0.672,0.15,-0.4,3.9,0.0189999999999999,,,,,0
Nick Anderson,MEM,34.0,198.12,92.98636,Illinois,USA,1989,1,11,15,4.0,2.2,0.9,-14.8,0.005,0.17,0.198,0.375,0.127,2001-02,2001,Wing (proxy),1.8,1.2,0.6,0.3329999999999999,0.171,0.9,2.2,0.042,,,,,0
Nick Calathes,MEM,26.0,198.12,96.615096,Florida,USA,2009,2,45,58,4.2,1.8,2.5,5.9,0.025,0.115,0.177,0.455,0.2739999999999999,2014-15,2014,Wing (proxy),4.9,1.9,2.9,0.506,0.177,1.9,-0.7000000000000002,-0.0509999999999999,,,,,0
Nick Collison,OKC,37.0,208.28,115.66596,Kansas,USA,2003,1,12,15,2.1,1.3,0.3,-3.2,0.086,0.176,0.181,0.627,0.087,2017-18,2017,Big (proxy),1.7,1.6,0.6,0.622,0.1009999999999999,-17.2,0.4000000000000001,0.005,,,,,0
Nick Fazekas,LAC,23.0,210.82,106.59412,Nevada,USA,2007,2,34,26,4.1,3.4,0.4,2.3,0.14,0.221,0.182,0.584,0.074,2007-08,2007,Big (proxy),,,,,,,,,,,,,0
Nick Johnson,HOU,22.0,190.5,91.625584,Arizona,USA,2014,2,42,28,2.6,1.4,0.4,-7.3,0.053,0.1,0.173,0.43,0.069,2014-15,2014,Guard (proxy),,,,,,,,,,,,,0
Nick Richards,CHA,25.0,213.36,111.13004,Kentucky,Jamaica,2020,2,42,65,8.2,6.4,0.6,-4.5,0.113,0.21,0.151,0.6759999999999999,0.046,2022-23,2022,Big (proxy),3.0,1.7,0.3,0.6890000000000001,0.147,-13.0,5.199999999999999,-0.0130000000000001,,,,,0
Nick Van Exel,SAS,34.0,185.42,86.18248,Cincinnati,USA,1993,2,37,65,5.5,1.4,1.9,0.1,0.0069999999999999,0.099,0.205,0.492,0.22,2005-06,2005,Guard (proxy),11.1,3.0,4.3,0.494,0.195,-4.0,-5.6,-0.002,,,,,0
Nick Young,GSW,33.0,200.66,95.25432,USC,USA,2007,1,16,80,7.3,1.6,0.5,0.8,0.015,0.071,0.1689999999999999,0.562,0.038,2017-18,2017,Wing (proxy),13.2,2.3,1.0,0.588,0.195,-6.9,-5.9,-0.0259999999999999,,,,,0
Nickeil Alexander-Walker,MIN,24.0,195.58,92.98636,Virginia Tech,Canada,2019,1,17,59,6.2,1.7,1.8,-2.0,0.017,0.095,0.177,0.565,0.168,2022-23,2022,Wing (proxy),10.6,2.9,2.4,0.475,0.237,-3.1,-4.4,0.0899999999999999,,,,,0
Nico Mannion,GSW,20.0,187.96,86.18248,Arizona,Italy,2020,2,48,30,4.1,1.5,2.3,-9.4,0.016,0.107,0.186,0.487,0.27,2020-21,2020,Guard (proxy),,,,,,,,,,,,,0
Nicolas Batum,LAC,34.0,203.2,104.32616,,France,2008,1,25,78,6.1,3.8,1.6,4.5,0.036,0.135,0.111,0.594,0.095,2022-23,2022,Wing (proxy),8.3,4.3,1.7,0.608,0.13,-4.4,-2.200000000000001,-0.014,,,,,0
Nicolas Brussino,DAL,24.0,203.2,97.52228,,Argentina,Undrafted,Undrafted,Undrafted,54,2.8,1.8,0.9,-10.8,0.053,0.165,0.153,0.498,0.144,2016-17,2016,Wing (proxy),,,,,,,,,,,,,0
Nicolas Claxton,BKN,22.0,210.82,97.52228,Georgia,USA,2019,2,31,32,6.6,5.2,0.9,12.3,0.074,0.187,0.136,0.612,0.068,2020-21,2020,Big (proxy),4.4,2.9,1.1,0.5770000000000001,0.144,-15.6,2.1999999999999997,0.0349999999999999,,,,,0
Nicolas Laprovittola,SAS,27.0,193.04,81.64656,,Argentina,Undrafted,Undrafted,Undrafted,18,3.3,0.6,1.6,-9.7,0.0069999999999999,0.0579999999999999,0.19,0.579,0.301,2016-17,2016,Guard (proxy),,,,,,,,,,,,,0
Nicolo Melli,DAL,30.0,205.74,107.047712,,Italy,Undrafted,Undrafted,Undrafted,45,3.0,2.7,1.0,1.1,0.046,0.166,0.123,0.441,0.108,2020-21,2020,Big (proxy),6.6,3.0,1.4,0.556,0.158,-4.3,-3.6,-0.115,,,,,0
Nigel Williams-Goss,UTA,25.0,187.96,86.18248,Gonzaga,USA,2017,2,55,10,1.4,0.6,0.6,4.5,0.037,0.07,0.161,0.415,0.158,2019-20,2019,Guard (proxy),,,,,,,,,,,,,0
Nik Stauskas,CLE,25.0,198.12,92.98636,Michigan,Canada,2014,1,8,68,5.9,1.9,1.2,-12.9,0.016,0.104,0.171,0.545,0.123,2018-19,2018,Wing (proxy),4.4,1.6,1.0,0.5429999999999999,0.159,-4.6,1.5,0.0020000000000001,,,,,0
Nikola Jokic,DEN,28.0,210.82,128.820128,,Serbia,2014,2,41,69,24.5,11.8,9.8,12.5,0.08,0.283,0.263,0.701,0.412,2022-23,2022,Big (proxy),27.1,13.8,7.9,0.6609999999999999,0.309,8.4,-2.6000000000000014,0.04,,,,,0
Nikola Jovic,MIA,20.0,208.28,92.98636,,Serbia,2022,1,27,15,5.5,2.1,0.7,-3.5,0.043,0.119,0.185,0.53,0.076,2022-23,2022,Big (proxy),,,,,,,,,,,,,0
Nikola Mirotic,MIL,28.0,208.28,113.398,,Montenegro,2011,1,23,46,15.2,7.4,1.2,3.7,0.045,0.198,0.206,0.584,0.061,2018-19,2018,Big (proxy),15.6,7.4,1.5,0.5770000000000001,0.223,4.2,-0.4000000000000003,0.0069999999999998,,,,,0
Nikola Pekovic,MIN,30.0,210.82,139.252744,,Montenegro,2008,2,31,12,4.5,1.8,0.9,-18.3,0.053,0.118,0.208,0.4589999999999999,0.131,2015-16,2015,Big (proxy),12.5,7.5,0.9,0.502,0.2269999999999999,-6.0,-8.0,-0.043,,,,,0
Nikola Vucevic,CHI,32.0,208.28,117.93392,Southern California,Montenegro,2011,1,16,82,17.6,11.0,3.2,-0.5,0.062,0.2739999999999999,0.218,0.594,0.146,2022-23,2022,Big (proxy),17.6,11.0,3.2,0.5329999999999999,0.244,-1.6,0.0,0.061,,,,,0
Nikoloz Tskitishvili,PHX,23.0,213.36,102.0582,,Georgia,2002,1,5,17,2.1,1.3,0.2,-13.3,0.087,0.131,0.2189999999999999,0.417,0.057,2005-06,2005,Big (proxy),1.4,1.2,0.3,0.324,0.203,-7.9,0.7000000000000002,0.0929999999999999,,,,,0
Noah Vonleh,BOS,27.0,208.28,116.573144,Indiana,USA,2014,1,9,23,1.1,2.1,0.3,-1.4,0.11,0.174,0.09,0.502,0.051,2022-23,2022,Big (proxy),3.7,3.4,0.8,0.622,0.135,-5.0,-2.6,-0.12,,,,,0
Noel Felix,SEA,24.0,205.74,102.0582,Fresno State,USA,Undrafted,Undrafted,Undrafted,12,1.5,1.1,0.2,-4.5,0.043,0.152,0.2019999999999999,0.316,0.043,2005-06,2005,Big (proxy),,,,,,,,,,,,,0
Nolan Smith,POR,24.0,187.96,83.91452,Duke,USA,2011,1,21,40,2.8,0.7,0.9,-4.2,0.027,0.075,0.245,0.435,0.2289999999999999,2012-13,2012,Guard (proxy),3.8,1.3,1.4,0.434,0.192,-15.5,-1.0,0.001,,,,,0
Norman Powell,LAC,30.0,193.04,97.52228,UCLA,USA,2015,2,46,60,17.0,2.9,1.8,-3.8,0.015,0.093,0.251,0.612,0.115,2022-23,2022,Guard (proxy),19.0,3.2,2.1,0.603,0.231,-8.1,-2.0,0.009,,,,,0
Norman Richardson,CHI,24.0,195.58,90.7184,Hofstra,USA,Undrafted,Undrafted,Undrafted,11,2.7,0.7,0.2,-17.1,0.047,0.085,0.221,0.501,0.057,2001-02,2001,Wing (proxy),,,,,,,,,,,,,0
Norris Cole,OKC,28.0,187.96,79.3786,Cleveland State,USA,2011,1,28,13,3.3,0.8,1.1,-6.4,0.0,0.105,0.22,0.381,0.177,2016-17,2016,Guard (proxy),10.6,3.4,3.7,0.465,0.216,-5.5,-7.3,-0.084,,,,,0
Norvel Pelle,NYK,28.0,208.28,104.779752,Iona,USA,Undrafted,Undrafted,Undrafted,13,1.5,1.5,0.2,12.2,0.077,0.153,0.106,0.5670000000000001,0.032,2020-21,2020,Big (proxy),2.4,3.0,0.3,0.526,0.131,-15.7,-0.8999999999999999,0.041,,,,,0
O.G. Anunoby,TOR,25.0,200.66,105.233344,Indiana,United Kingdom,2017,1,23,67,16.8,5.0,2.0,3.0,0.037,0.11,0.192,0.586,0.08,2022-23,2022,Wing (proxy),,,,,,,,,,,,,0
O.J. Mayo,MIL,28.0,195.58,95.25432,Southern California,USA,2008,1,3,41,7.8,2.6,2.9,-1.2,0.013,0.094,0.1689999999999999,0.474,0.156,2015-16,2015,Wing (proxy),11.4,2.6,2.8,0.529,0.236,-0.6,-3.6000000000000005,-0.055,,,,,0
OG Anunoby,TOR,24.0,200.66,105.233344,Indiana,United Kingdom,2017,1,23,48,17.1,5.5,2.6,3.9,0.04,0.1159999999999999,0.204,0.5489999999999999,0.108,2021-22,2021,Wing (proxy),15.9,5.5,2.2,0.605,0.193,3.3,1.200000000000001,-0.056,,,,,0
Obi Toppin,NYK,25.0,205.74,99.79024,Dayton,USA,2020,1,8,67,7.4,2.8,1.0,2.4,0.026,0.139,0.187,0.565,0.091,2022-23,2022,Big (proxy),9.0,3.7,1.1,0.614,0.205,6.9,-1.5999999999999996,-0.049,,,,,0
Obinna Ekezie,ATL,29.0,205.74,122.46984,Maryland,Nigeria,1999,2,37,42,5.5,4.3,0.3,-5.5,0.114,0.179,0.165,0.516,0.023,2004-05,2004,Big (proxy),1.9,1.2,0.1,0.477,0.198,1.0,3.6,0.039,,,,,0
Ochai Agbaji,UTA,23.0,195.58,97.52228,Kansas,USA,2022,1,14,59,7.9,2.1,1.1,-0.2,0.034,0.0579999999999999,0.154,0.561,0.072,2022-23,2022,Wing (proxy),,,,,,,,,,,,,0
Ognjen Kuzmic,GSW,25.0,213.36,117.93392,,Bosnia,2012,2,52,16,1.3,1.1,0.4,-25.8,0.115,0.118,0.118,0.727,0.154,2014-15,2014,Big (proxy),0.7,1.0,0.1,0.42,0.126,-27.3,0.6000000000000001,0.307,,,,,0
Okaro White,MIA,24.0,203.2,92.532768,Florida State,USA,Undrafted,Undrafted,Undrafted,35,2.8,2.3,0.6,8.6,0.061,0.142,0.109,0.507,0.061,2016-17,2016,Wing (proxy),,,,,,,,,,,,,0
Olden Polynice,UTA,36.0,213.36,113.398,Virginia,USA,1987,1,8,81,5.3,4.7,0.4,3.2,0.122,0.165,0.15,0.484,0.0289999999999999,2000-01,2000,Big (proxy),5.3,5.5,0.5,0.497,0.129,4.3,0.0,-0.013,,,,,0
Oleksiy Pecherov,MIN,24.0,213.36,106.140528,,Ukraine,2006,1,18,44,4.5,2.8,0.3,-3.1,0.077,0.2269999999999999,0.226,0.487,0.04,2009-10,2009,Big (proxy),3.6,2.4,0.1,0.51,0.191,-13.1,0.8999999999999999,-0.023,,,,,0
Oliver Miller,MIN,34.0,205.74,142.88148,Arkansas,USA,1992,1,22,48,2.5,2.7,0.8,0.6,0.115,0.18,0.135,0.5489999999999999,0.115,2003-04,2003,Big (proxy),6.3,5.1,1.3,0.609,0.1369999999999999,6.0,-3.8,-0.06,,,,,0
Olivier Sarr,OKC,23.0,213.36,108.86208,Kentucky,France,Undrafted,Undrafted,Undrafted,22,7.0,4.2,0.9,-2.0,0.078,0.133,0.136,0.672,0.066,2021-22,2021,Big (proxy),,,,,,,,,,,,,0
Olumide Oyedeji,ORL,22.0,208.28,108.86208,,Nigeria,2000,2,42,27,1.0,1.9,0.2,-7.9,0.076,0.308,0.104,0.485,0.062,2002-03,2002,Big (proxy),1.5,2.2,0.1,0.562,0.13,5.0,-0.5,-0.077,,,,,0
Omar Cook,POR,22.0,185.42,86.18248,St. John's (NY),USA,2001,2,31,17,0.8,0.4,1.4,-8.5,0.024,0.027,0.123,0.259,0.282,2003-04,2003,Guard (proxy),,,,,,,,,,,,,0
Omari Spellman,MIN,22.0,203.2,111.13004,Villanova,USA,2018,1,30,49,7.6,4.5,1.0,-8.5,0.076,0.155,0.177,0.551,0.086,2019-20,2019,Wing (proxy),5.9,4.2,1.0,0.516,0.146,-10.3,1.6999999999999993,0.035,,,,,0
Omer Asik,CHI,31.0,213.36,115.66596,,Turkey,2008,2,36,18,1.2,2.6,0.2,-6.4,0.054,0.208,0.09,0.397,0.02,2017-18,2017,Big (proxy),2.7,5.3,0.5,0.517,0.088,-4.9,-1.5000000000000002,-0.12,,,,,0
Omer Yurtseven,MIA,24.0,210.82,124.7378,Georgetown,Turkey,Undrafted,Undrafted,Undrafted,56,5.3,5.3,0.9,5.3,0.12,0.293,0.19,0.546,0.105,2021-22,2021,Big (proxy),,,,,,,,,,,,,0
Omri Casspi,MEM,31.0,205.74,102.0582,,Israel,2009,1,23,36,6.3,3.2,0.7,1.1,0.033,0.184,0.17,0.606,0.077,2018-19,2018,Big (proxy),5.7,3.8,1.0,0.632,0.157,3.2,0.5999999999999996,-0.026,,,,,0
Onyeka Okongwu,ATL,22.0,205.74,108.86208,Southern California,USA,2020,1,6,80,9.9,7.2,1.0,1.8,0.1169999999999999,0.19,0.15,0.6779999999999999,0.06,2022-23,2022,Big (proxy),8.2,5.9,1.1,0.7140000000000001,0.1369999999999999,5.5,1.700000000000001,-0.0360000000000001,,,,,0
Orien Greene,IND,25.0,193.04,94.347136,Louisiana-Lafayette,USA,2005,2,53,41,1.5,1.1,0.5,-8.2,0.053,0.152,0.179,0.432,0.15,2006-07,2006,Guard (proxy),3.2,1.8,1.6,0.449,0.145,-4.3,-1.7000000000000002,-0.017,,,,,0
Orlando Johnson,SAC,25.0,195.58,99.79024,California-Santa Barbara,USA,2012,2,36,45,2.2,1.2,0.4,-4.7,0.026,0.127,0.161,0.402,0.087,2013-14,2013,Wing (proxy),4.0,2.2,0.9,0.523,0.168,1.6,-1.7999999999999998,-0.121,,,,,0
Orlando Robinson,MIA,22.0,208.28,106.59412,Fresno State,USA,Undrafted,Undrafted,Undrafted,31,3.7,4.1,0.8,3.8,0.108,0.201,0.1159999999999999,0.565,0.086,2022-23,2022,Big (proxy),,,,,,,,,,,,,0
Oscar Torres,GSW,26.0,198.12,95.25432,Venezuela,Venezuela,Undrafted,Undrafted,Undrafted,17,3.1,0.7,0.2,7.1,0.039,0.091,0.226,0.5920000000000001,0.0559999999999999,2002-03,2002,Wing (proxy),6.0,1.9,0.6,0.502,0.185,-9.2,-2.9,0.09,,,,,0
Oshae Brissett,IND,25.0,200.66,95.25432,Syracuse,Canada,Undrafted,Undrafted,Undrafted,65,6.1,3.4,0.7,0.6,0.054,0.144,0.155,0.52,0.055,2022-23,2022,Wing (proxy),9.1,5.3,1.1,0.53,0.166,-6.0,-3.0,-0.01,,,,,0
Othella Harrington,CHA,34.0,205.74,106.59412,Georgetown,USA,1996,2,30,22,2.1,1.9,0.2,6.0,0.08,0.211,0.165,0.469,0.037,2007-08,2007,Big (proxy),2.6,1.5,0.2,0.51,0.173,-6.4,-0.5,-0.041,,,,,0
Othello Hunter,ATL,23.0,203.2,102.0582,Ohio State,USA,Undrafted,Undrafted,Undrafted,16,1.4,1.5,0.1,12.4,0.107,0.19,0.123,0.495,0.021,2008-09,2008,Wing (proxy),,,,,,,,,,,,,0
Othyus Jeffers,WAS,25.0,195.58,95.25432,Robert Morris (IL),USA,Undrafted,Undrafted,Undrafted,17,5.5,3.9,1.2,6.1,0.09,0.149,0.133,0.546,0.088,2010-11,2010,Wing (proxy),2.6,1.4,0.1,0.495,0.25,-1.4,2.9,0.051,,,,,0
Otis Thorpe,CHH,38.0,208.28,112.490816,Providence,USA,1984,1,9,49,2.8,3.0,0.6,-0.7,0.095,0.174,0.126,0.487,0.077,2000-01,2000,Big (proxy),5.5,3.3,0.6,0.528,0.198,-3.3,-2.7,-0.041,,,,,0
Otto Porter Jr.,GSW,29.0,203.2,89.811216,Georgetown,USA,2013,1,3,63,8.2,5.7,1.5,6.8,0.06,0.1889999999999999,0.145,0.581,0.0969999999999999,2021-22,2021,Wing (proxy),9.7,5.4,2.0,0.552,0.184,-3.0,-1.5,0.0289999999999999,,,,,0
Ousmane Dieng,OKC,20.0,205.74,83.91452,,France,2022,1,11,39,4.9,2.7,1.2,2.9,0.03,0.141,0.154,0.505,0.108,2022-23,2022,Big (proxy),,,,,,,,,,,,,0
P.J. Brown,BOS,38.0,210.82,108.408488,Louisiana Tech,USA,1992,2,29,18,2.2,3.8,0.6,-2.1,0.149,0.2,0.125,0.406,0.078,2007-08,2007,Big (proxy),6.1,4.8,0.7,0.462,0.172,6.8,-3.9,-0.0559999999999999,,,,,0
P.J. Dozier,DEN,25.0,198.12,92.98636,South Carolina,USA,Undrafted,Undrafted,Undrafted,18,5.4,3.5,1.6,-12.9,0.038,0.144,0.147,0.4629999999999999,0.135,2021-22,2021,Wing (proxy),,,,,,,,,,,,,0
P.J. Tucker,PHI,38.0,195.58,111.13004,Texas,USA,2006,2,35,75,3.5,3.9,0.8,4.0,0.055,0.108,0.066,0.5660000000000001,0.04,2022-23,2022,Wing (proxy),7.6,5.5,2.1,0.593,0.1159999999999999,6.2,-4.1,-0.0269999999999999,,,,,0
P.J. Washington,CHA,24.0,200.66,104.32616,Kentucky,USA,2019,1,12,73,15.7,4.9,2.4,-7.2,0.0279999999999999,0.118,0.2,0.542,0.107,2022-23,2022,Wing (proxy),10.3,5.2,2.3,0.588,0.154,3.5,5.399999999999999,-0.0459999999999999,,,,,0
PJ Dozier,SAC,26.0,198.12,92.98636,South Carolina,USA,Undrafted,Undrafted,Undrafted,16,1.4,0.9,0.6,-12.9,0.012,0.171,0.203,0.3329999999999999,0.196,2022-23,2022,Wing (proxy),7.7,3.6,1.8,0.501,0.166,9.5,-6.300000000000001,-0.1680000000000001,,,,,0
PJ Hairston,MEM,23.0,198.12,104.32616,North Carolina,USA,2014,1,26,66,6.2,2.6,0.6,-6.0,0.02,0.136,0.1639999999999999,0.47,0.045,2015-16,2015,Wing (proxy),5.6,2.0,0.5,0.446,0.196,-8.0,0.6000000000000005,0.0239999999999999,,,,,0
PJ Tucker,TOR,32.0,198.12,111.13004,Texas,USA,2006,2,35,81,6.7,5.8,1.2,-1.2,0.0559999999999999,0.181,0.113,0.516,0.063,2016-17,2016,Wing (proxy),8.0,6.2,2.2,0.506,0.127,-7.2,-1.2999999999999998,0.01,,,,,0
Pablo Prigioni,LAC,39.0,190.5,83.91452,,Argentina,Undrafted,Undrafted,Undrafted,59,2.5,1.9,2.2,-2.7,0.05,0.103,0.1119999999999999,0.482,0.235,2015-16,2015,Guard (proxy),4.1,1.8,2.6,0.557,0.1169999999999999,-3.7,-1.5999999999999996,-0.075,,,,,0
Paolo Banchero,ORL,20.0,208.28,113.398,Duke,USA,2022,1,1,72,20.0,6.9,3.7,-4.2,0.035,0.174,0.272,0.529,0.171,2022-23,2022,Big (proxy),,,,,,,,,,,,,0
Pape Sow,TOR,24.0,208.28,113.398,Cal State-Fullerton,Senegal,2004,2,47,42,3.5,3.5,0.2,-10.6,0.103,0.211,0.138,0.496,0.022,2005-06,2005,Big (proxy),2.3,2.1,0.1,0.444,0.146,0.3,1.2000000000000002,0.0519999999999999,,,,,0
Pascal Siakam,TOR,29.0,203.2,104.32616,New Mexico State,Cameroon,2016,1,27,71,24.2,7.8,5.8,2.4,0.047,0.177,0.27,0.565,0.244,2022-23,2022,Wing (proxy),22.8,8.5,5.3,0.565,0.257,4.8,1.3999999999999986,0.0,,,,,0
Pat Burke,PHX,33.0,210.82,113.398,Auburn,Ireland,Undrafted,Undrafted,Undrafted,23,2.6,2.0,0.2,-9.4,0.079,0.2269999999999999,0.214,0.424,0.051,2006-07,2006,Big (proxy),3.4,1.7,0.4,0.517,0.213,-4.9,-0.7999999999999998,-0.093,,,,,0
Pat Connaughton,MIL,30.0,195.58,94.800728,Notre Dame,USA,2015,2,41,61,7.6,4.6,1.3,3.4,0.033,0.144,0.133,0.531,0.069,2022-23,2022,Wing (proxy),9.9,4.2,1.3,0.62,0.1369999999999999,-0.7,-2.3000000000000007,-0.0889999999999999,,,,,0
Pat Garrity,ORL,31.0,205.74,107.954896,Notre Dame,USA,1998,1,19,31,2.1,1.4,0.4,1.7,0.035,0.124,0.162,0.401,0.08,2007-08,2007,Big (proxy),2.2,1.3,0.4,0.456,0.156,-3.0,-0.1,-0.0549999999999999,,,,,0
Patrick Baldwin,GSW,20.0,205.74,99.79024,Wisconsin-Milwaukee,USA,2022,1,28,31,3.9,1.3,0.4,-12.3,0.004,0.188,0.2269999999999999,0.546,0.083,2022-23,2022,Big (proxy),,,,,,,,,,,,,0
Patrick Beverley,CHI,34.0,187.96,81.64656,Arkansas,USA,2009,2,42,67,6.2,3.7,2.9,-1.5,0.025,0.111,0.107,0.534,0.1369999999999999,2022-23,2022,Guard (proxy),9.2,4.1,4.6,0.539,0.158,3.7,-2.999999999999999,-0.005,,,,,0
Patrick Ewing,ORL,39.0,213.36,115.66596,Georgetown,Jamaica,1985,1,1,65,6.0,4.0,0.5,-1.9,0.072,0.253,0.226,0.497,0.066,2001-02,2001,Big (proxy),9.6,7.4,1.2,0.478,0.2019999999999999,-4.2,-3.6,0.019,,,,,0
Patrick McCaw,TOR,24.0,200.66,82.10015200000001,UNLV,USA,2016,2,38,37,4.6,2.3,2.1,0.6,0.02,0.068,0.093,0.5,0.118,2019-20,2019,Wing (proxy),2.6,1.7,1.0,0.532,0.093,-6.4,2.0,-0.032,,,,,0
Patrick O'Bryant,TOR,24.0,213.36,113.398,Bradley,USA,2006,1,9,11,1.7,1.0,0.1,-17.2,0.053,0.225,0.198,0.539,0.033,2009-10,2009,Big (proxy),2.6,1.7,0.3,0.544,0.196,-0.8,-0.9000000000000001,-0.005,,,,,0
Patrick Patterson,LAC,32.0,203.2,106.59412,Kentucky,USA,2010,1,14,38,5.2,2.0,0.8,2.1,0.032,0.093,0.135,0.5710000000000001,0.069,2020-21,2020,Wing (proxy),4.9,2.6,0.7,0.58,0.143,2.5,0.2999999999999998,-0.0089999999999998,,,,,0
Patrick Williams,CHI,21.0,200.66,97.52228,Florida State,USA,2020,1,4,82,10.2,4.0,1.2,-2.4,0.036,0.107,0.156,0.5760000000000001,0.059,2022-23,2022,Wing (proxy),9.0,4.1,0.9,0.637,0.139,-5.5,1.1999999999999993,-0.0609999999999999,,,,,0
Patty Mills,BKN,34.0,182.88,81.64656,St. Mary's,Australia,2009,2,55,40,6.2,1.1,1.4,-5.8,0.0139999999999999,0.062,0.182,0.5539999999999999,0.136,2022-23,2022,Guard (proxy),11.4,1.9,2.3,0.563,0.16,1.5,-5.2,-0.009,,,,,0
Pau Gasol,MIL,38.0,213.36,113.398,,Spain,2001,1,3,30,3.9,4.6,1.7,-6.2,0.0579999999999999,0.304,0.151,0.529,0.209,2018-19,2018,Big (proxy),10.1,8.0,3.1,0.539,0.201,1.0,-6.199999999999999,-0.01,,,,,0
Paul Davis,LAC,24.0,210.82,122.46984,Michigan State,USA,2006,2,34,27,4.0,2.5,0.4,-5.6,0.092,0.147,0.174,0.474,0.067,2008-09,2008,Big (proxy),2.5,2.1,0.5,0.389,0.181,-18.1,1.5,0.0849999999999999,,,,,0
Paul George,LAC,33.0,203.2,99.79024,Fresno State,USA,2010,1,10,56,23.8,6.1,5.1,4.0,0.025,0.153,0.294,0.588,0.237,2022-23,2022,Wing (proxy),24.3,6.9,5.7,0.5379999999999999,0.3289999999999999,4.2,-0.5,0.05,,,,,0
Paul Grant,UTA,30.0,213.36,111.13004,Wisconsin,USA,1997,1,20,10,2.5,1.7,0.3,-14.5,0.083,0.13,0.165,0.471,0.063,2003-04,2003,Big (proxy),,,,,,,,,,,,,0
Paul McPherson,GSW,22.0,193.04,95.25432,DePaul,USA,Undrafted,Undrafted,Undrafted,55,4.8,1.4,0.7,-2.5,0.069,0.078,0.204,0.542,0.105,2000-01,2000,Guard (proxy),,,,,,,,,,,,,0
Paul Millsap,PHI,37.0,200.66,116.573144,Louisiana Tech,USA,2006,2,47,33,3.5,3.5,0.9,-3.5,0.096,0.182,0.158,0.4579999999999999,0.121,2021-22,2021,Wing (proxy),9.0,4.7,1.8,0.565,0.184,4.7,-5.5,-0.107,,,,,0
Paul Pierce,LAC,39.0,200.66,106.59412,Kansas,USA,1998,1,10,25,3.2,1.9,0.4,2.4,0.004,0.168,0.149,0.535,0.049,2016-17,2016,Wing (proxy),6.1,2.7,1.0,0.489,0.18,2.2,-2.8999999999999995,0.046,,,,,0
Paul Reed,PHI,24.0,205.74,95.25432,DePaul,USA,2020,2,58,69,4.2,3.8,0.4,-0.4,0.147,0.207,0.152,0.62,0.051,2022-23,2022,Big (proxy),3.1,2.4,0.4,0.568,0.151,-6.2,1.1,0.052,,,,,0
Paul Watson,TOR,26.0,198.12,95.25432,Fresno State,USA,Undrafted,Undrafted,Undrafted,27,4.1,1.7,0.6,-1.7,0.012,0.129,0.133,0.649,0.081,2020-21,2020,Wing (proxy),3.1,1.7,0.8,0.517,0.142,16.3,0.9999999999999996,0.132,,,,,0
Paul Zipser,CHI,24.0,203.2,102.511792,,Germany,2016,2,48,54,4.0,2.4,0.9,-12.2,0.015,0.147,0.156,0.445,0.086,2017-18,2017,Wing (proxy),5.5,2.8,0.8,0.503,0.145,1.6,-1.5,-0.0579999999999999,,,,,0
Payton Pritchard,BOS,25.0,185.42,88.45044,Oregon,USA,2020,1,26,48,5.6,1.8,1.3,1.4,0.038,0.094,0.193,0.536,0.153,2022-23,2022,Guard (proxy),6.2,1.9,2.0,0.578,0.18,2.2,-0.6000000000000005,-0.0419999999999999,,,,,0
Peja Stojakovic,DAL,34.0,208.28,103.872568,,Serbia and Montenegro,1996,1,14,33,8.5,2.3,0.9,9.3,0.0279999999999999,0.115,0.1889999999999999,0.588,0.069,2010-11,2010,Big (proxy),12.6,3.7,1.5,0.5329999999999999,0.184,-1.5,-4.1,0.055,,,,,0
Pepe Sanchez,PHI,24.0,193.04,88.45044,Temple,Argentina,Undrafted,Undrafted,Undrafted,29,0.7,0.5,1.4,-1.4,0.023,0.089,0.107,0.346,0.402,2000-01,2000,Guard (proxy),,,,,,,,,,,,,0
Pero Antic,ATL,32.0,210.82,117.93392,,Macedonia,Undrafted,Undrafted,Undrafted,63,5.7,3.0,0.8,6.0,0.065,0.146,0.171,0.508,0.072,2014-15,2014,Big (proxy),7.0,4.2,1.2,0.545,0.182,3.8,-1.2999999999999998,-0.037,,,,,0
Perry Jones III,OKC,23.0,210.82,106.59412,Baylor,USA,2012,1,28,43,4.3,1.8,0.4,-9.4,0.01,0.1159999999999999,0.156,0.4589999999999999,0.046,2014-15,2014,Big (proxy),3.5,1.8,0.4,0.541,0.13,5.7,0.7999999999999998,-0.0820000000000001,,,,,0
Pervis Ellison,BOS,33.0,205.74,95.25432,Louisville,USA,1989,1,1,30,1.8,2.2,0.4,-21.5,0.113,0.184,0.109,0.507,0.077,1999-00,1999,Big (proxy),3.0,3.3,0.9,0.589,0.11,0.8,-1.2,-0.0819999999999999,,,,,0
Pete Chilcutt,LAC,31.0,208.28,111.13004,North Carolina,USA,1991,1,27,56,2.1,2.3,0.5,-13.7,0.081,0.159,0.111,0.46,0.072,1999-00,1999,Big (proxy),3.6,2.5,0.7,0.462,0.138,-6.3,-1.5,-0.002,,,,,0
Petr Cornelie,DEN,26.0,210.82,99.79024,,France,2016,2,53,13,1.1,1.1,0.2,5.8,0.159,0.2189999999999999,0.208,0.418,0.115,2021-22,2021,Big (proxy),,,,,,,,,,,,,0
Peyton Siva,DET,23.0,182.88,83.91452,Louisville,USA,2013,2,56,24,2.3,0.6,1.4,-6.3,0.009,0.065,0.165,0.425,0.258,2013-14,2013,Guard (proxy),,,,,,,,,,,,,0
Peyton Watson,DEN,20.0,200.66,90.7184,UCLA,USA,2022,1,30,23,3.3,1.6,0.5,-12.0,0.043,0.139,0.174,0.5529999999999999,0.087,2022-23,2022,Wing (proxy),,,,,,,,,,,,,0
Phil Pressey,POR,25.0,180.34,79.3786,Missouri,USA,Undrafted,Undrafted,Undrafted,23,3.3,1.3,3.3,-6.7,0.011,0.109,0.178,0.433,0.395,2015-16,2015,Guard (proxy),3.5,1.6,2.3,0.4529999999999999,0.175,0.7,-0.2000000000000001,-0.0199999999999999,,,,,0
Pooh Jeter,SAC,27.0,180.34,79.3786,Portland,USA,Undrafted,Undrafted,Undrafted,62,4.1,1.1,2.6,-5.9,0.011,0.08,0.16,0.46,0.281,2010-11,2010,Guard (proxy),,,,,,,,,,,,,0
Pooh Richardson,LAC,33.0,185.42,81.64656,UCLA,USA,1989,1,10,11,2.5,1.2,2.7,-14.1,0.008,0.114,0.155,0.371,0.395,1998-99,1998,Guard (proxy),4.2,1.4,3.3,0.411,0.144,-12.8,-1.7000000000000002,-0.0399999999999999,,,,,0
Popeye Jones,DAL,33.0,203.2,113.398,Murray State,USA,1992,2,41,26,2.0,2.3,0.3,-8.8,0.1369999999999999,0.16,0.1669999999999999,0.396,0.059,2002-03,2002,Wing (proxy),7.0,7.3,1.6,0.49,0.156,1.5,-5.0,-0.0939999999999999,,,,,0
Pops Mensah-Bonsu,TOR,26.0,205.74,106.59412,George Washington,USA,Undrafted,Undrafted,Undrafted,20,2.0,1.8,0.2,-18.3,0.15,0.179,0.1939999999999999,0.4479999999999999,0.0409999999999999,2009-10,2009,Big (proxy),5.0,5.1,0.3,0.447,0.205,-0.9,-3.0,0.0009999999999998,,,,,0
Precious Achiuwa,TOR,23.0,203.2,102.0582,Memphis,Nigeria,2020,1,20,55,9.2,6.0,0.9,-1.6,0.083,0.213,0.19,0.5539999999999999,0.063,2022-23,2022,Wing (proxy),9.1,6.5,1.1,0.503,0.18,1.9,0.0999999999999996,0.0509999999999999,,,,,0
Predrag Drobnjak,ATL,29.0,210.82,122.46984,,Yugoslavia,1997,2,48,71,8.4,3.4,0.7,-8.5,0.0559999999999999,0.139,0.21,0.501,0.06,2004-05,2004,Big (proxy),6.3,3.2,0.6,0.4579999999999999,0.217,-13.3,2.1000000000000005,0.043,,,,,0
Predrag Savovic,DEN,27.0,198.12,102.0582,Hawaii,Yugoslavia,Undrafted,Undrafted,Undrafted,27,3.1,0.9,0.8,-9.8,0.038,0.077,0.205,0.392,0.1689999999999999,2002-03,2002,Wing (proxy),,,,,,,,,,,,,0
Priest Lauderdale,DEN,24.0,223.52,147.4174,Central State (OH),USA,1996,1,28,39,3.7,2.6,0.5,-6.2,0.093,0.251,0.268,0.46,0.121,1997-98,1997,Big (proxy),3.2,1.2,0.3,0.56,0.284,-4.0,0.5,-0.1,,,,,0
Primoz Brezec,MIL,30.0,215.9,115.66596,,Slovenia,2000,1,27,21,0.9,1.2,0.0,-5.9,0.14,0.165,0.14,0.332,0.018,2009-10,2009,Big (proxy),2.2,1.6,0.2,0.502,0.13,-5.8,-1.3000000000000005,-0.1699999999999999,,,,,0
Quentin Grimes,NYK,23.0,195.58,95.25432,Houston,USA,2021,1,25,71,11.3,3.2,2.1,4.4,0.022,0.085,0.142,0.619,0.096,2022-23,2022,Wing (proxy),6.0,2.0,1.0,0.565,0.149,-3.0,5.300000000000001,0.054,,,,,0
Quentin Richardson,ORL,32.0,198.12,103.418976,DePaul,USA,2000,1,18,48,4.5,2.6,0.8,-3.5,0.02,0.152,0.133,0.511,0.079,2011-12,2011,Wing (proxy),4.4,3.1,0.7,0.4539999999999999,0.146,2.2,0.0999999999999996,0.0570000000000001,,,,,0
Quincy Acy,PHX,28.0,200.66,108.86208,Baylor,USA,2012,2,37,10,1.7,2.5,0.8,2.8,0.022,0.153,0.088,0.379,0.088,2018-19,2018,Wing (proxy),5.9,3.7,0.8,0.525,0.143,-1.9,-4.2,-0.146,,,,,0
Quincy Douby,TOR,25.0,190.5,79.3786,Rutgers,USA,2006,1,19,27,4.3,1.2,0.9,-8.4,0.023,0.0969999999999999,0.192,0.486,0.135,2008-09,2008,Guard (proxy),4.8,1.1,0.7,0.495,0.211,-6.9,-0.5,-0.009,,,,,0
Quincy Lewis,MIN,27.0,200.66,97.52228,Minnesota,USA,1999,1,19,14,1.1,0.5,0.1,-28.4,0.018,0.105,0.175,0.4,0.067,2003-04,2003,Wing (proxy),4.0,1.2,1.0,0.474,0.1689999999999999,-3.1,-2.9,-0.0739999999999999,,,,,0
Quincy Miller,DET,22.0,205.74,95.25432,Baylor,USA,2012,2,38,10,2.9,2.0,0.8,14.8,0.035,0.133,0.1669999999999999,0.3379999999999999,0.092,2014-15,2014,Big (proxy),4.9,2.8,0.5,0.4589999999999999,0.173,-4.3,-2.0000000000000004,-0.121,,,,,0
Quincy Pondexter,SAS,31.0,200.66,104.32616,Washington,USA,2010,1,26,53,1.8,0.9,0.5,-2.2,0.0279999999999999,0.123,0.129,0.6409999999999999,0.121,2018-19,2018,Wing (proxy),2.0,1.2,0.4,0.3979999999999999,0.151,-20.8,-0.1999999999999999,0.243,,,,,0
Quinn Cook,CLE,28.0,185.42,81.64656,Duke,USA,Undrafted,Undrafted,Undrafted,23,3.3,0.7,0.8,-3.9,0.012,0.084,0.204,0.531,0.184,2020-21,2020,Guard (proxy),5.1,1.2,1.1,0.509,0.201,4.5,-1.7999999999999998,0.022,,,,,0
Quinndary Weatherspoon,GSW,25.0,190.5,92.98636,Mississippi State,USA,2019,2,49,11,2.7,1.3,0.5,-8.6,0.0289999999999999,0.182,0.15,0.647,0.102,2021-22,2021,Guard (proxy),2.3,0.6,0.4,0.547,0.18,-22.6,0.4000000000000003,0.0999999999999999,,,,,0
Quinton Ross,NJN,30.0,198.12,87.543256,Southern Methodist,USA,Undrafted,Undrafted,Undrafted,36,1.6,0.8,0.3,5.6,0.033,0.065,0.095,0.437,0.045,2010-11,2010,Wing (proxy),1.8,0.9,0.2,0.3929999999999999,0.106,-3.7,-0.1999999999999999,0.044,,,,,0
Qyntel Woods,NYK,25.0,203.2,99.79024,Northeast Mississippi Community College,USA,2002,1,21,49,6.7,3.9,1.0,-4.7,0.053,0.183,0.157,0.5720000000000001,0.08,2005-06,2005,Wing (proxy),3.6,2.2,0.7,0.425,0.22,-7.1,3.1,0.147,,,,,0
R.J. Hampton,DET,22.0,193.04,79.3786,,USA,2020,1,24,47,6.4,1.9,1.1,-8.7,0.024,0.093,0.175,0.5579999999999999,0.11,2022-23,2022,Guard (proxy),7.6,3.0,2.5,0.481,0.18,-14.5,-1.1999999999999993,0.0769999999999999,,,,,0
RJ Barrett,NYK,23.0,198.12,97.068688,Duke,Canada,2019,1,3,73,19.6,5.0,2.8,-1.2,0.023,0.121,0.256,0.531,0.124,2022-23,2022,Wing (proxy),20.0,5.8,3.0,0.511,0.268,-3.3,-0.3999999999999986,0.02,,,,,0
RJ Hunter,BOS,22.0,195.58,83.91452,Georgia State,USA,2015,1,28,36,2.7,1.0,0.4,-3.5,0.006,0.131,0.155,0.48,0.068,2015-16,2015,Wing (proxy),,,,,,,,,,,,,0
RJ Nembhard Jr.,CLE,23.0,193.04,90.7184,TCU,USA,Undrafted,Undrafted,Undrafted,14,1.1,0.5,0.9,-8.4,0.042,0.0559999999999999,0.16,0.38,0.3429999999999999,2021-22,2021,Guard (proxy),,,,,,,,,,,,,0
Raef LaFrentz,POR,32.0,210.82,111.13004,Kansas,USA,1998,1,3,39,1.7,1.7,0.2,-5.7,0.111,0.145,0.127,0.469,0.033,2007-08,2007,Big (proxy),3.7,2.6,0.3,0.441,0.172,-17.2,-2.0,0.0279999999999999,,,,,0
Rafael Addison,CHH,32.0,203.2,109.315672,Syracuse,USA,1986,2,39,41,3.1,1.1,0.8,-4.0,0.07,0.086,0.193,0.476,0.15,1996-97,1996,Wing (proxy),,,,,,,,,,,,,0
Rafael Araujo,UTA,26.0,210.82,122.46984,Brigham Young,Brazil,2004,1,8,28,2.6,2.4,0.4,10.2,0.106,0.237,0.166,0.4629999999999999,0.067,2006-07,2006,Big (proxy),2.3,2.8,0.3,0.385,0.153,-10.6,0.3000000000000002,0.0779999999999999,,,,,0
Rafer Alston,MIA,33.0,187.96,79.3786,Fresno State,USA,1998,2,39,52,8.2,2.5,3.4,-4.7,0.01,0.095,0.185,0.4429999999999999,0.2,2009-10,2009,Guard (proxy),11.7,2.9,5.3,0.494,0.196,3.6,-3.5,-0.0510000000000001,,,,,0
Raja Bell,UTA,35.0,195.58,95.25432,Florida International,U.S. Virgin Islands,Undrafted,Undrafted,Undrafted,34,6.4,1.4,1.1,-1.7,0.009,0.066,0.121,0.586,0.069,2011-12,2011,Wing (proxy),8.0,2.6,1.7,0.528,0.125,-5.4,-1.5999999999999996,0.0579999999999999,,,,,0
Rajon Rondo,CLE,36.0,185.42,81.64656,Kentucky,USA,2006,1,21,39,4.8,2.8,4.4,-7.8,0.02,0.118,0.152,0.496,0.366,2021-22,2021,Guard (proxy),5.4,2.4,4.4,0.544,0.166,1.0,-0.6000000000000005,-0.048,,,,,0
Rakeem Christmas,IND,25.0,205.74,113.398,Syracuse,USA,2015,2,36,29,2.0,1.9,0.1,-10.6,0.127,0.157,0.123,0.529,0.027,2016-17,2016,Big (proxy),,,,,,,,,,,,,0
Ramon Sessions,WAS,32.0,190.5,86.18248,Nevada-Reno,USA,2007,2,56,28,4.9,1.4,2.8,-10.8,0.015,0.086,0.187,0.479,0.297,2017-18,2017,Guard (proxy),6.2,1.5,2.6,0.495,0.1969999999999999,-4.8,-1.2999999999999998,-0.016,,,,,0
Randell Jackson,WAS,23.0,210.82,97.52228,Florida State,USA,1999,Undrafted,Undrafted,27,4.2,2.0,0.3,-9.6,0.1159999999999999,0.1009999999999999,0.238,0.467,0.0559999999999999,1998-99,1998,Big (proxy),,,,,,,,,,,,,0
Randolph Childress,DET,24.0,187.96,85.275296,Wake Forest,USA,1995,1,19,23,1.7,0.3,0.7,-0.9,0.008,0.037,0.176,0.4479999999999999,0.205,1996-97,1996,Guard (proxy),,,,,,,,,,,,,0
Randolph Morris,ATL,24.0,210.82,124.7378,Kentucky,USA,Undrafted,Undrafted,Undrafted,28,2.2,1.4,0.1,-8.0,0.093,0.246,0.221,0.586,0.027,2009-10,2009,Big (proxy),0.8,0.9,0.1,0.48,0.128,6.3,1.4,0.1059999999999999,,,,,0
Randy Brown,PHX,35.0,187.96,86.18248,New Mexico State,USA,1991,2,31,32,1.3,0.8,1.1,-1.2,0.0139999999999999,0.107,0.118,0.425,0.216,2002-03,2002,Guard (proxy),4.1,1.8,2.9,0.4379999999999999,0.115,-1.5,-2.8,-0.0129999999999999,,,,,0
Randy Foye,BKN,33.0,193.04,98.883056,Villanova,USA,2006,1,7,69,5.2,2.2,2.0,-7.0,0.0069999999999999,0.124,0.145,0.506,0.153,2016-17,2016,Guard (proxy),5.9,1.9,2.0,0.461,0.16,1.0,-0.7000000000000002,0.0449999999999999,,,,,0
Randy Livingston,UTA,30.0,193.04,94.800728,Louisiana State,USA,1996,2,42,17,3.8,0.7,2.6,-10.2,0.015,0.053,0.147,0.5379999999999999,0.319,2004-05,2004,Guard (proxy),3.2,1.9,2.0,0.348,0.159,14.3,0.5999999999999996,0.1899999999999999,,,,,0
Rashad McCants,SAC,24.0,193.04,97.52228,North Carolina,USA,2005,1,14,58,9.6,1.9,1.2,-9.7,0.021,0.098,0.247,0.504,0.1169999999999999,2008-09,2008,Guard (proxy),14.9,2.7,2.2,0.55,0.265,-4.3,-5.300000000000001,-0.046,,,,,0
Rashad Vaughn,MIL,21.0,198.12,91.625584,Nevada-Las Vegas,USA,2015,1,17,28,2.3,0.8,0.5,-1.8,0.016,0.085,0.1369999999999999,0.546,0.09,2017-18,2017,Wing (proxy),3.5,1.2,0.6,0.449,0.173,-7.6,-1.2000000000000002,0.097,,,,,0
Rashard Lewis,MIA,34.0,208.28,106.59412,,USA,1998,2,32,60,4.5,1.8,1.0,4.4,0.033,0.108,0.143,0.535,0.088,2013-14,2013,Big (proxy),5.2,2.2,0.5,0.53,0.182,0.6,-0.7000000000000002,0.005,,,,,0
Rasheed Wallace,NYK,38.0,210.82,104.32616,North Carolina,USA,1995,1,4,21,7.0,4.0,0.3,3.7,0.042,0.27,0.268,0.484,0.039,2012-13,2012,Big (proxy),9.0,4.1,1.0,0.504,0.204,1.9,-2.0,-0.02,,,,,0
Rasho Nesterovic,TOR,34.0,213.36,115.66596,,Slovenia,1998,1,17,42,3.9,2.1,0.6,-10.4,0.1169999999999999,0.165,0.184,0.539,0.091,2009-10,2009,Big (proxy),6.8,3.4,1.6,0.524,0.188,-4.1,-2.9,0.015,,,,,0
Rasual Butler,SAS,37.0,200.66,97.52228,La Salle,USA,2002,2,52,46,2.7,1.2,0.5,11.9,0.008,0.13,0.129,0.5579999999999999,0.079,2015-16,2015,Wing (proxy),7.7,2.6,0.8,0.531,0.178,-1.6,-5.0,0.0269999999999999,,,,,0
Raul Lopez,UTA,25.0,182.88,79.3786,,Spain,2001,1,24,31,5.2,1.3,4.0,4.6,0.018,0.079,0.178,0.5379999999999999,0.363,2004-05,2004,Guard (proxy),7.0,1.9,3.7,0.503,0.215,-2.2,-1.7999999999999998,0.0349999999999999,,,,,0
Raul Neto,CLE,31.0,187.96,81.64656,,Brazil,2013,2,47,48,3.3,1.0,1.6,1.4,0.022,0.071,0.133,0.628,0.226,2022-23,2022,Guard (proxy),7.5,1.9,3.1,0.5379999999999999,0.18,-3.3,-4.2,0.09,,,,,0
Rawle Alkins,CHI,21.0,195.58,102.0582,,USA,Undrafted,Undrafted,Undrafted,10,3.7,2.6,1.3,-5.5,0.077,0.12,0.173,0.418,0.1369999999999999,2018-19,2018,Wing (proxy),,,,,,,,,,,,,0
Rawle Marshall,IND,25.0,200.66,86.18248,Oakland,USA,Undrafted,Undrafted,Undrafted,40,2.5,0.7,0.3,-5.4,0.024,0.07,0.151,0.455,0.063,2006-07,2006,Wing (proxy),3.1,1.3,0.4,0.488,0.174,-2.0,-0.6000000000000001,-0.0329999999999999,,,,,0
Ray Allen,MIA,38.0,195.58,92.98636,Connecticut,USA,1996,1,5,73,9.6,2.8,2.0,4.6,0.015,0.118,0.168,0.59,0.1169999999999999,2013-14,2013,Wing (proxy),10.9,2.7,1.7,0.599,0.193,5.5,-1.3000000000000007,-0.009,,,,,0
Ray McCallum,SAS,25.0,190.5,86.18248,Detroit Mercy,USA,2013,2,36,41,3.3,1.1,1.5,3.1,0.018,0.096,0.168,0.449,0.185,2015-16,2015,Guard (proxy),7.4,2.6,2.8,0.496,0.178,-8.9,-4.1000000000000005,-0.0469999999999999,,,,,0
Ray Owes,GSW,24.0,205.74,101.604608,Arizona,USA,Undrafted,Undrafted,Undrafted,57,3.1,2.9,0.3,-8.0,0.1169999999999999,0.187,0.166,0.442,0.043,1996-97,1996,Big (proxy),,,,,,,,,,,,,0
Ray Spalding,PHX,22.0,208.28,97.52228,Louisville,USA,2018,2,56,14,3.9,3.4,0.4,-6.8,0.091,0.19,0.1639999999999999,0.516,0.052,2018-19,2018,Big (proxy),,,,,,,,,,,,,0
Rayjon Tucker,PHI,23.0,190.5,94.800728,Arkansas-Little Rock,USA,Undrafted,Undrafted,Undrafted,14,2.4,0.8,0.4,-5.2,0.012,0.1639999999999999,0.176,0.645,0.154,2020-21,2020,Guard (proxy),3.1,1.0,0.3,0.584,0.152,-6.9,-0.7000000000000002,0.061,,,,,0
Raymond Felton,OKC,35.0,185.42,92.98636,North Carolina,USA,2005,1,5,33,4.3,1.0,1.6,2.6,0.009,0.074,0.165,0.505,0.209,2018-19,2018,Guard (proxy),6.9,1.9,2.5,0.494,0.21,-1.3,-2.6000000000000005,0.011,,,,,0
Reece Gaines,MIL,25.0,198.12,92.98636,Louisville,USA,2003,1,15,12,1.1,0.0,0.3,-19.7,0.0,0.0,0.141,0.472,0.111,2005-06,2005,Wing (proxy),2.0,0.7,0.3,0.396,0.15,-17.5,-0.8999999999999999,0.0759999999999999,,,,,0
Reggie Bullock,DAL,32.0,198.12,92.98636,North Carolina,USA,2013,1,25,78,7.2,3.6,1.4,-1.8,0.0139999999999999,0.1119999999999999,0.098,0.5770000000000001,0.063,2022-23,2022,Wing (proxy),8.6,3.5,1.2,0.5579999999999999,0.128,6.6,-1.3999999999999997,0.0190000000000001,,,,,0
Reggie Evans,SAC,35.0,203.2,111.13004,Iowa,USA,Undrafted,Undrafted,Undrafted,47,3.7,6.4,0.7,-4.4,0.149,0.3229999999999999,0.129,0.49,0.065,2014-15,2014,Wing (proxy),4.0,6.2,0.4,0.516,0.131,-7.0,-0.2999999999999998,-0.026,,,,,0
Reggie Geary,SAS,24.0,187.96,84.821704,Arizona,USA,1996,2,56,62,2.5,1.1,1.2,7.5,0.034,0.078,0.1639999999999999,0.392,0.175,1997-98,1997,Guard (proxy),1.5,0.4,0.9,0.4539999999999999,0.154,7.7,1.0,-0.0619999999999998,,,,,0
Reggie Jackson,DEN,33.0,187.96,94.347136,Boston College,USA,2011,1,24,68,10.2,2.1,3.4,-2.2,0.015,0.071,0.205,0.514,0.211,2022-23,2022,Guard (proxy),16.8,3.6,4.8,0.488,0.273,-1.3,-6.600000000000001,0.026,,,,,0
Reggie Jordan,WAS,32.0,193.04,88.45044,New Mexico State,USA,Undrafted,Undrafted,Undrafted,36,1.1,1.1,0.9,4.7,0.076,0.102,0.14,0.349,0.213,1999-00,1999,Guard (proxy),1.9,2.2,1.5,0.361,0.124,3.0,-0.7999999999999998,-0.012,,,,,0
Reggie Miller,IND,39.0,200.66,88.45044,UCLA,USA,1987,1,11,66,14.8,2.4,2.2,4.6,0.01,0.074,0.204,0.5820000000000001,0.125,2004-05,2004,Wing (proxy),10.0,2.4,3.1,0.6,0.15,10.2,4.800000000000001,-0.0179999999999999,,,,,0
Reggie Perry,POR,22.0,203.2,113.398,Mississippi State,USA,2020,2,57,10,9.2,4.7,1.2,-16.6,0.074,0.165,0.222,0.537,0.118,2021-22,2021,Wing (proxy),3.0,2.8,0.5,0.466,0.19,-7.3,6.199999999999999,0.071,,,,,0
Reggie Slater,MIN,32.0,200.66,115.66596,Wyoming,USA,Undrafted,Undrafted,Undrafted,26,3.1,1.2,0.2,0.6,0.133,0.099,0.237,0.58,0.051,2002-03,2002,Wing (proxy),4.6,3.4,0.5,0.568,0.174,3.5,-1.4999999999999996,0.012,,,,,0
Reggie Williams,SAS,28.0,201.0,86.0,Virginia Military Institute,USA,Undrafted,Undrafted,Undrafted,20,1.9,0.9,0.5,-15.0,0.049,0.128,0.192,0.4539999999999999,0.1689999999999999,2014-15,2014,Wing (proxy),3.7,1.3,1.0,0.517,0.192,-6.7,-1.8000000000000005,-0.0630000000000001,,,,,0
Renaldo Balkman,NYK,27.0,203.2,102.0582,South Carolina,USA,2006,1,20,14,3.0,1.9,0.4,0.6,0.061,0.2019999999999999,0.168,0.57,0.075,2011-12,2011,Wing (proxy),1.1,1.8,0.5,0.3389999999999999,0.128,-22.4,1.9,0.231,,,,,0
Rex Chapman,PHX,32.0,193.04,83.91452,Kentucky,USA,1988,1,8,53,6.6,1.5,1.2,-0.8,0.012,0.081,0.182,0.491,0.099,1999-00,1999,Guard (proxy),12.1,2.7,2.9,0.46,0.215,4.3,-5.5,0.0309999999999999,,,,,0
Rex Walters,MIA,30.0,193.04,86.18248,Kansas,USA,1993,1,16,33,2.8,1.1,2.0,-0.8,0.025,0.073,0.152,0.474,0.265,1999-00,1999,Guard (proxy),3.1,1.5,1.8,0.476,0.134,3.4,-0.3000000000000002,-0.002,,,,,0
Richard Hamilton,CHI,35.0,200.66,87.543256,Connecticut,USA,1999,1,7,50,9.8,1.7,2.4,-2.2,0.016,0.071,0.248,0.481,0.191,2012-13,2012,Wing (proxy),11.6,2.4,3.0,0.5,0.242,7.8,-1.799999999999999,-0.019,,,,,0
Richard Jefferson,DEN,38.0,200.66,105.68693600000002,Arizona,USA,2001,1,13,20,1.5,0.9,0.8,-13.2,0.011,0.099,0.089,0.499,0.135,2017-18,2017,Wing (proxy),5.7,2.6,1.0,0.574,0.123,3.4,-4.2,-0.0749999999999999,,,,,0
Richard Manning,LAC,27.0,210.82,111.13004,Washington,USA,1993,2,40,26,2.9,1.5,0.1,-6.8,0.079,0.136,0.211,0.425,0.027,1996-97,1996,Big (proxy),,,,,,,,,,,,,0
Richaun Holmes,SAC,29.0,203.2,106.59412,Bowling Green,USA,2015,2,37,42,3.1,1.9,0.2,-9.3,0.0819999999999999,0.149,0.132,0.6679999999999999,0.04,2022-23,2022,Wing (proxy),10.4,7.0,1.1,0.6890000000000001,0.153,-5.8,-7.300000000000001,-0.0210000000000001,,,,,0
Richie Frahm,LAC,30.0,195.58,91.625584,Gonzaga,USA,Undrafted,Undrafted,Undrafted,10,4.7,1.4,0.8,-1.8,0.026,0.069,0.1689999999999999,0.428,0.084,2007-08,2007,Wing (proxy),3.3,1.0,0.6,0.517,0.15,-3.8,1.4000000000000004,-0.089,,,,,0
Rick Brunson,HOU,34.0,193.04,86.18248,Temple,USA,Undrafted,Undrafted,Undrafted,27,2.0,0.8,1.3,-8.1,0.005,0.091,0.162,0.455,0.243,2005-06,2005,Guard (proxy),5.5,2.3,5.1,0.46,0.143,-1.4,-3.5,-0.005,,,,,0
Rick Fox,LAL,34.0,200.66,106.59412,North Carolina,Canada,1991,1,24,38,4.8,2.7,2.6,5.2,0.039,0.096,0.133,0.4589999999999999,0.161,2003-04,2003,Wing (proxy),9.0,4.3,3.3,0.523,0.157,2.8,-4.2,-0.0640000000000001,,,,,0
Rick Hughes,DAL,26.0,205.74,106.59412,Thomas More,USA,Undrafted,Undrafted,Undrafted,21,3.9,2.3,0.4,2.2,0.106,0.122,0.178,0.491,0.0579999999999999,1999-00,1999,Big (proxy),,,,,,,,,,,,,0
Rick Mahorn,PHI,40.0,208.28,117.93392,Hampton,USA,1980,2,35,16,0.8,1.4,0.1,-12.2,0.061,0.17,0.099,0.302,0.024,1998-99,1998,Big (proxy),2.4,3.3,0.3,0.49,0.118,5.5,-1.6,-0.188,,,,,0
Ricky Davis,LAC,30.0,200.66,88.45044,Iowa,USA,1998,1,21,36,4.4,1.6,1.1,-10.6,0.023,0.118,0.172,0.504,0.128,2009-10,2009,Wing (proxy),6.4,1.7,2.3,0.445,0.174,-14.8,-2.0,0.059,,,,,0
Ricky Ledo,NYK,22.0,200.66,88.45044,Providence,USA,2013,2,43,17,5.3,2.1,1.1,-14.7,0.073,0.098,0.236,0.426,0.143,2014-15,2014,Wing (proxy),1.7,0.2,0.2,0.506,0.293,13.8,3.6,-0.08,,,,,0
Ricky Pierce,MIL,38.0,193.04,97.52228,Rice,USA,1982,1,18,39,3.9,1.2,0.9,-12.5,0.049,0.078,0.195,0.455,0.155,1997-98,1997,Guard (proxy),11.0,2.0,1.3,0.583,0.231,-1.6,-7.1,-0.1279999999999999,,,,,0
Ricky Rubio,CLE,32.0,187.96,86.18248,,Spain,2009,1,5,33,5.2,2.1,3.5,3.0,0.015,0.1119999999999999,0.172,0.442,0.295,2022-23,2022,Guard (proxy),13.1,4.1,6.6,0.488,0.2339999999999999,9.1,-7.899999999999999,-0.0459999999999999,,,,,0
Rik Smits,IND,33.0,223.52,120.20188,Marist,USA,1988,1,2,79,12.9,5.1,1.1,1.0,0.057,0.178,0.265,0.518,0.079,1999-00,1999,Big (proxy),14.9,5.6,1.1,0.527,0.288,6.6,-2.0,-0.009,,,,,0
Rob Kurz,GSW,24.0,205.74,105.233344,Notre Dame,USA,Undrafted,Undrafted,Undrafted,40,3.9,2.0,0.5,-14.2,0.072,0.1169999999999999,0.16,0.513,0.072,2008-09,2008,Big (proxy),,,,,,,,,,,,,0
Robbie Hummel,MIN,26.0,205.74,99.336648,Purdue,USA,2012,2,58,45,4.4,3.0,0.6,-10.7,0.047,0.166,0.121,0.536,0.0579999999999999,2014-15,2014,Big (proxy),3.4,2.5,0.4,0.492,0.126,1.1,1.0000000000000004,0.044,,,,,0
Robert Archibald,TOR,24.0,210.82,113.398,Illinois,Scotland,2002,2,31,32,1.0,1.6,0.4,-2.4,0.088,0.149,0.103,0.3429999999999999,0.089,2003-04,2003,Big (proxy),1.6,1.4,0.3,0.34,0.225,-7.2,-0.6000000000000001,0.0029999999999998,,,,,0
Robert Covington,LAC,32.0,200.66,94.800728,Tennessee State,USA,Undrafted,Undrafted,Undrafted,48,6.0,3.5,1.2,-1.0,0.038,0.1639999999999999,0.149,0.584,0.105,2022-23,2022,Wing (proxy),8.5,5.5,1.3,0.5720000000000001,0.134,0.6,-2.5,0.0119999999999999,,,,,0
Robert Hite,MIA,23.0,187.96,83.46092800000001,Miami (FL),USA,Undrafted,Undrafted,Undrafted,12,4.3,1.3,0.7,-7.5,0.0279999999999999,0.103,0.237,0.391,0.1159999999999999,2006-07,2006,Guard (proxy),,,,,,,,,,,,,0
Robert Horry,SAS,37.0,208.28,108.86208,Alabama,USA,1992,1,11,45,2.5,2.4,1.0,0.2,0.068,0.155,0.125,0.426,0.132,2007-08,2007,Big (proxy),3.9,3.4,1.1,0.48,0.1369999999999999,8.5,-1.4,-0.0539999999999999,,,,,0
Robert Pack,NJN,35.0,187.96,86.18248,Southern California,USA,Undrafted,Undrafted,Undrafted,26,1.9,0.7,1.0,-16.0,0.022,0.079,0.159,0.4479999999999999,0.262,2003-04,2003,Guard (proxy),5.2,1.8,2.9,0.473,0.2019999999999999,-10.1,-3.3000000000000003,-0.025,,,,,0
Robert Parish,CHI,43.0,215.9,110.676448,Centenary (LA),USA,1976,1,8,43,3.7,2.1,0.5,14.9,0.114,0.13,0.201,0.514,0.0819999999999999,1996-97,1996,Big (proxy),,,,,,,,,,,,,0
Robert Sacre,LAL,27.0,213.36,122.46984,Gonzaga,Canada,2012,2,60,25,3.5,2.9,0.6,-6.6,0.0969999999999999,0.138,0.138,0.474,0.072,2015-16,2015,Big (proxy),4.6,3.5,0.8,0.449,0.15,-2.6,-1.0999999999999996,0.0249999999999999,,,,,0
Robert Swift,OKC,23.0,215.9,122.46984,,USA,2004,1,12,26,3.3,3.4,0.3,-7.8,0.069,0.221,0.1119999999999999,0.551,0.037,2008-09,2008,Big (proxy),6.4,5.6,0.2,0.536,0.149,-4.3,-3.1000000000000005,0.015,,,,,0
Robert Traylor,CLE,28.0,203.2,128.820128,Michigan,USA,1998,1,6,74,5.5,4.5,0.8,-2.0,0.111,0.176,0.173,0.461,0.075,2004-05,2004,Wing (proxy),5.1,3.7,0.6,0.527,0.196,1.4,0.4000000000000003,-0.066,,,,,0
Robert Whaley,UTA,24.0,208.28,117.93392,Walsh,USA,2005,2,51,23,2.1,1.9,0.7,-12.6,0.087,0.145,0.158,0.411,0.138,2005-06,2005,Big (proxy),,,,,,,,,,,,,0
Robert Williams III,BOS,25.0,205.74,107.501304,Texas A&M,USA,2018,1,27,35,8.0,8.3,1.4,11.4,0.124,0.209,0.113,0.742,0.086,2022-23,2022,Big (proxy),10.0,9.6,2.0,0.745,0.1119999999999999,10.0,-2.0,-0.003,,,,,0
Robert Woodard II,SAS,22.0,198.12,106.59412,Mississippi State,USA,2020,2,40,12,0.6,0.9,0.3,16.7,0.086,0.146,0.158,0.207,0.086,2021-22,2021,Wing (proxy),1.5,1.2,0.2,0.425,0.21,6.6,-0.9,-0.218,,,,,0
Robin Lopez,CLE,35.0,213.36,127.459352,Stanford,USA,2008,1,15,37,3.0,1.4,0.5,-8.7,0.075,0.0969999999999999,0.156,0.675,0.105,2022-23,2022,Big (proxy),7.1,3.5,1.5,0.57,0.182,-6.4,-4.1,0.1050000000000001,,,,,0
Rod Strickland,HOU,38.0,190.5,83.91452,DePaul,USA,1988,1,19,16,1.8,1.7,2.4,9.5,0.019,0.151,0.162,0.295,0.307,2004-05,2004,Guard (proxy),6.3,2.5,4.0,0.482,0.183,-6.6,-4.5,-0.187,,,,,0
Rodions Kurucs,MIL,23.0,205.74,103.418976,,Latvia,2018,2,40,21,1.5,1.1,0.5,-0.3,0.037,0.134,0.145,0.4589999999999999,0.115,2020-21,2020,Big (proxy),4.6,2.9,1.1,0.555,0.142,-1.4,-3.1,-0.0960000000000001,,,,,0
Rodney Buford,NJN,27.0,195.58,88.45044,Creighton,USA,1999,2,53,64,7.0,3.0,1.0,-9.7,0.0279999999999999,0.151,0.1939999999999999,0.437,0.093,2004-05,2004,Wing (proxy),1.9,0.7,0.3,0.35,0.201,-26.2,5.1,0.087,,,,,0
Rodney Carney,MEM,27.0,200.66,92.98636,Memphis,USA,2006,1,16,27,4.7,1.8,0.4,-11.2,0.0409999999999999,0.124,0.179,0.521,0.054,2010-11,2010,Wing (proxy),4.7,2.0,0.5,0.515,0.178,-4.5,0.0,0.006,,,,,0
Rodney Hood,LAC,29.0,203.2,94.347136,Duke,USA,2014,1,23,52,3.1,1.5,0.7,0.8,0.021,0.081,0.106,0.493,0.074,2021-22,2021,Wing (proxy),4.5,1.9,1.0,0.452,0.139,-6.6,-1.4,0.0409999999999999,,,,,0
Rodney McGruder,DET,31.0,193.04,92.98636,Kansas State,USA,Undrafted,Undrafted,Undrafted,32,5.7,2.3,0.9,-3.5,0.035,0.109,0.135,0.5660000000000001,0.071,2022-23,2022,Guard (proxy),5.4,2.2,0.9,0.5770000000000001,0.142,-3.7,0.2999999999999998,-0.011,,,,,0
Rodney Purvis,ORL,24.0,193.04,92.98636,Connecticut,USA,Undrafted,Undrafted,Undrafted,16,6.0,1.7,1.1,-9.1,0.003,0.085,0.187,0.423,0.092,2017-18,2017,Guard (proxy),,,,,,,,,,,,,0
Rodney Rogers,PHI,34.0,200.66,122.46984,Wake Forest,USA,1993,1,9,58,7.7,4.2,1.5,-8.8,0.05,0.163,0.191,0.462,0.11,2004-05,2004,Wing (proxy),7.8,4.4,2.0,0.492,0.212,2.6,-0.0999999999999996,-0.0299999999999999,,,,,0
Rodney Stuckey,IND,31.0,195.58,92.98636,Eastern Washington,USA,2007,1,15,39,7.2,2.2,2.2,-0.9,0.01,0.125,0.222,0.483,0.184,2016-17,2016,Wing (proxy),8.9,2.7,2.4,0.504,0.207,0.8,-1.7000000000000002,-0.021,,,,,0
Rodney White,GSW,25.0,205.74,104.32616,North Carolina-Charlotte,USA,2001,1,9,58,5.1,1.5,0.8,-3.9,0.038,0.111,0.228,0.475,0.118,2004-05,2004,Big (proxy),7.5,2.3,0.8,0.528,0.261,0.6,-2.4000000000000004,-0.053,,,,,0
Rodrick Rhodes,VAN,25.0,198.12,102.0582,Southern California,USA,1997,1,24,13,3.3,1.3,0.8,-28.3,0.06,0.06,0.235,0.341,0.1639999999999999,1998-99,1998,Wing (proxy),5.8,1.2,1.9,0.439,0.2,-4.2,-2.5,-0.0979999999999999,,,,,0
Rodrigue Beaubois,DAL,25.0,187.96,83.91452,,France,2009,1,25,45,4.0,1.3,1.9,3.5,0.017,0.098,0.185,0.47,0.237,2012-13,2012,Guard (proxy),8.9,2.8,2.9,0.496,0.221,2.3,-4.9,-0.026,,,,,0
Roger Mason Jr.,MIA,33.0,195.58,92.98636,Virginia,USA,2002,2,30,25,3.0,0.9,0.8,1.2,0.005,0.095,0.145,0.528,0.105,2013-14,2013,Wing (proxy),5.3,1.9,1.1,0.57,0.143,-1.7,-2.3,-0.0419999999999999,,,,,0
Roko Ukic,MIL,25.0,195.58,86.18248,,USA,2005,2,41,13,3.1,0.2,0.9,5.1,0.0,0.039,0.1939999999999999,0.574,0.185,2009-10,2009,Wing (proxy),4.2,1.0,2.1,0.43,0.208,-5.5,-1.1,0.1439999999999999,,,,,0
Romeo Langford,SAS,23.0,195.58,97.975872,Indiana,USA,2019,1,14,43,6.9,2.7,1.2,-8.5,0.06,0.067,0.148,0.524,0.08,2022-23,2022,Wing (proxy),4.5,2.3,0.4,0.52,0.123,1.0,2.4000000000000004,0.004,,,,,0
Ron Baker,WAS,26.0,193.04,99.79024,Wichita State,USA,Undrafted,Undrafted,Undrafted,15,0.9,0.7,1.0,-5.2,0.006,0.069,0.075,0.309,0.139,2018-19,2018,Guard (proxy),2.4,1.0,1.6,0.504,0.102,3.2,-1.5,-0.195,,,,,0
Ron Harper,LAL,37.0,198.12,97.52228,Miami (OH),USA,1986,1,8,47,6.5,3.5,2.4,4.2,0.046,0.1159999999999999,0.139,0.525,0.144,2000-01,2000,Wing (proxy),7.0,4.2,3.4,0.4679999999999999,0.157,7.6,-0.5,0.0570000000000001,,,,,0
Ron Mercer,NJN,29.0,200.66,97.52228,Kentucky,USA,1997,1,6,18,7.6,2.2,1.1,-10.7,0.025,0.098,0.21,0.422,0.111,2004-05,2004,Wing (proxy),5.0,1.3,0.6,0.446,0.216,-1.0,2.6,-0.024,,,,,0
Ronald Dupree,DET,26.0,200.66,94.800728,Louisiana State,USA,Undrafted,Undrafted,Undrafted,19,1.3,0.9,0.3,2.0,0.065,0.1669999999999999,0.181,0.358,0.083,2006-07,2006,Wing (proxy),2.2,1.4,0.4,0.494,0.168,-12.9,-0.9000000000000001,-0.136,,,,,0
Rondae Hollis-Jefferson,POR,26.0,198.12,98.429464,Arizona,USA,2015,1,23,11,2.5,2.4,1.2,-1.1,0.08,0.14,0.105,0.539,0.1689999999999999,2020-21,2020,Wing (proxy),7.0,4.7,1.8,0.5329999999999999,0.1639999999999999,4.2,-4.5,0.0060000000000001,,,,,0
Ronnie Brewer,CHI,29.0,200.66,106.59412,Arkansas,USA,2006,1,14,24,0.3,0.6,0.4,-9.7,0.015,0.077,0.053,0.22,0.085,2013-14,2013,Wing (proxy),3.0,2.3,0.8,0.416,0.127,3.1,-2.7,-0.1959999999999999,,,,,0
Ronnie Price,PHX,34.0,187.96,86.18248,Utah Valley,USA,Undrafted,Undrafted,Undrafted,14,1.0,0.8,1.3,-12.8,0.02,0.068,0.087,0.272,0.188,2016-17,2016,Guard (proxy),5.3,1.6,2.4,0.517,0.1369999999999999,-3.2,-4.3,-0.245,,,,,0
Ronny Turiaf,MIN,31.0,208.28,109.315672,Gonzaga,France,2005,2,37,31,4.8,5.6,0.8,-1.1,0.096,0.213,0.1119999999999999,0.578,0.06,2013-14,2013,Big (proxy),1.9,2.3,0.5,0.485,0.1,3.2,2.9,0.0929999999999999,,,,,0
Rony Seikaly,NJN,33.0,210.82,114.758776,Syracuse,USA,1988,1,9,56,13.3,7.0,1.4,-7.5,0.102,0.179,0.243,0.514,0.089,1997-98,1997,Big (proxy),17.3,9.5,1.2,0.5670000000000001,0.238,-1.7,-4.0,-0.053,,,,,0
Roshown McLeod,PHI,25.0,203.2,100.243832,Duke,USA,1998,1,20,35,9.6,3.4,1.7,-2.6,0.046,0.1,0.205,0.475,0.1119999999999999,2000-01,2000,Wing (proxy),7.2,3.1,1.2,0.4379999999999999,0.214,-8.5,2.3999999999999995,0.037,,,,,0
Roy Hibbert,DEN,30.0,218.44,122.46984,Georgetown,USA,2008,1,17,48,4.6,3.2,0.4,-0.3,0.086,0.14,0.139,0.614,0.048,2016-17,2016,Big (proxy),5.9,4.9,1.2,0.507,0.13,-18.0,-1.3000000000000007,0.1069999999999999,,,,,0
Roy Rogers,DEN,26.0,208.28,106.59412,Alabama,USA,1996,1,22,40,2.2,2.0,0.2,-0.1,0.102,0.147,0.138,0.42,0.04,1999-00,1999,Big (proxy),1.3,1.1,0.1,0.362,0.133,-21.7,0.9000000000000001,0.0579999999999999,,,,,0
Royal Ivey,PHI,31.0,193.04,90.7184,Texas,USA,2004,2,37,53,3.2,1.1,0.6,-4.4,0.026,0.071,0.114,0.563,0.073,2012-13,2012,Guard (proxy),2.1,0.7,0.3,0.4639999999999999,0.1119999999999999,1.9,1.1,0.099,,,,,0
Royce O'Neale,BKN,30.0,198.12,102.511792,Baylor,USA,Undrafted,Undrafted,Undrafted,76,8.8,5.1,3.7,2.1,0.025,0.129,0.136,0.5379999999999999,0.155,2022-23,2022,Wing (proxy),7.4,4.8,2.5,0.608,0.098,5.3,1.4000000000000004,-0.07,,,,,0
Ruben Boumtje-Boumtje,POR,24.0,213.36,111.13004,Georgetown,USA,2001,2,49,33,1.2,1.7,0.1,-12.8,0.094,0.165,0.11,0.4529999999999999,0.0279999999999999,2001-02,2001,Big (proxy),,,,,,,,,,,,,0
Ruben Garces,GSW,27.0,205.74,111.13004,Providence,USA,Undrafted,Undrafted,Undrafted,13,1.2,2.2,0.4,11.3,0.172,0.1669999999999999,0.149,0.313,0.088,2000-01,2000,Big (proxy),,,,,,,,,,,,,0
Ruben Nembhard,POR,25.0,190.5,94.347136,Weber State,USA,Undrafted,Undrafted,Undrafted,10,4.0,0.8,1.7,-0.3,0.033,0.054,0.1989999999999999,0.483,0.25,1996-97,1996,Guard (proxy),,,,,,,,,,,,,0
Ruben Patterson,LAC,32.0,195.58,101.151016,Cincinnati,USA,1998,2,31,20,5.1,3.2,0.9,-3.3,0.0819999999999999,0.125,0.18,0.486,0.087,2007-08,2007,Wing (proxy),14.7,5.4,2.9,0.578,0.222,-3.4,-9.6,-0.0919999999999999,,,,,0
Ruben Wolkowyski,SEA,27.0,208.28,122.46984,,Argentina,Undrafted,Undrafted,Undrafted,34,2.2,1.4,0.1,0.9,0.043,0.113,0.153,0.3989999999999999,0.015,2000-01,2000,Big (proxy),,,,,,,,,,,,,0
Rudy Fernandez,DEN,27.0,198.12,83.91452,,Spain,2007,1,24,31,8.6,2.1,2.4,5.4,0.016,0.095,0.181,0.5489999999999999,0.163,2011-12,2011,Wing (proxy),8.6,2.2,2.5,0.522,0.186,1.7,0.0,0.0269999999999999,,,,,0
Rudy Gay,UTA,36.0,203.2,113.398,Connecticut,USA,2006,1,8,56,5.2,2.9,1.0,2.9,0.038,0.148,0.174,0.473,0.095,2022-23,2022,Wing (proxy),8.1,4.4,1.0,0.539,0.185,8.7,-2.8999999999999995,-0.066,,,,,0
Rudy Gobert,MIN,31.0,215.9,117.026736,,France,2013,1,27,70,13.4,11.6,1.2,0.4,0.111,0.26,0.161,0.675,0.0579999999999999,2022-23,2022,Big (proxy),15.6,14.7,1.1,0.732,0.166,9.6,-2.1999999999999997,-0.0569999999999999,,,,,0
Rui Hachimura,LAL,25.0,203.2,104.32616,Gonzaga,Japan,2019,1,9,63,11.2,4.5,0.9,-1.2,0.036,0.141,0.1939999999999999,0.556,0.06,2022-23,2022,Wing (proxy),11.3,3.8,1.1,0.579,0.205,-7.1,-0.1000000000000014,-0.0229999999999999,,,,,0
Rumeal Robinson,POR,30.0,187.96,88.45044,Michigan,USA,1990,1,10,54,3.3,0.9,1.4,4.5,0.0139999999999999,0.086,0.1989999999999999,0.491,0.233,1996-97,1996,Guard (proxy),,,,,,,,,,,,,0
Russ Smith,MEM,25.0,182.88,74.84268,Louisville,USA,2014,2,47,15,1.5,0.6,0.7,-23.3,0.017,0.143,0.239,0.415,0.314,2015-16,2015,Guard (proxy),2.5,0.5,0.7,0.488,0.251,10.4,-1.0,-0.073,,,,,0
Russell Westbrook,LAC,34.0,190.5,90.7184,UCLA,USA,2008,1,4,73,15.9,5.8,7.5,-0.2,0.042,0.147,0.266,0.513,0.364,2022-23,2022,Guard (proxy),18.5,7.4,7.1,0.512,0.264,-4.0,-2.6,0.001,,,,,0
Rusty LaRue,UTA,28.0,190.5,83.91452,Wake Forest,USA,Undrafted,Undrafted,Undrafted,33,5.8,1.5,2.2,-5.9,0.024,0.0819999999999999,0.2019999999999999,0.482,0.2339999999999999,2001-02,2001,Guard (proxy),4.7,1.3,1.5,0.452,0.168,-10.1,1.0999999999999996,0.0299999999999999,,,,,0
Ryan Anderson,MIA,31.0,208.28,108.86208,California,USA,2008,1,21,25,2.5,2.2,0.8,-12.8,0.055,0.1119999999999999,0.12,0.414,0.088,2018-19,2018,Big (proxy),9.3,5.0,0.9,0.5920000000000001,0.141,6.9,-6.800000000000001,-0.1780000000000001,,,,,0
Ryan Arcidiacono,POR,29.0,190.5,88.45044,Villanova,USA,Undrafted,Undrafted,Undrafted,20,1.3,0.8,1.2,-12.8,0.0,0.09,0.106,0.351,0.195,2022-23,2022,Guard (proxy),1.6,0.8,0.4,0.667,0.085,-8.2,-0.3,-0.316,,,,,0
Ryan Bowen,NOH,33.0,205.74,98.883056,Iowa,USA,1998,2,55,21,2.2,1.1,0.4,-6.9,0.0579999999999999,0.081,0.099,0.585,0.067,2008-09,2008,Big (proxy),2.2,1.9,0.5,0.505,0.092,3.1,0.0,0.0799999999999999,,,,,0
Ryan Broekhoff,PHI,29.0,198.12,97.52228,Valparaiso,Australia,Undrafted,Undrafted,Undrafted,17,4.2,2.5,0.6,2.1,0.025,0.2019999999999999,0.155,0.568,0.083,2019-20,2019,Wing (proxy),4.0,1.5,0.5,0.621,0.14,8.3,0.2000000000000001,-0.053,,,,,0
Ryan Gomes,LAC,29.0,200.66,111.13004,Providence,USA,2005,2,50,32,2.3,1.9,0.4,-8.6,0.037,0.123,0.121,0.371,0.045,2011-12,2011,Wing (proxy),7.2,3.3,1.6,0.504,0.127,-3.8,-4.9,-0.133,,,,,0
Ryan Hollins,MEM,31.0,213.36,108.86208,UCLA,USA,2006,2,50,37,3.4,2.6,0.3,-17.3,0.108,0.143,0.1169999999999999,0.636,0.034,2015-16,2015,Big (proxy),3.0,2.2,0.3,0.648,0.134,-4.8,0.3999999999999999,-0.012,,,,,0
Ryan Humphrey,MEM,25.0,203.2,106.59412,Notre Dame,USA,2002,1,19,35,2.9,2.5,0.2,-3.1,0.17,0.162,0.205,0.428,0.036,2004-05,2004,Wing (proxy),1.9,2.1,0.2,0.3389999999999999,0.159,-5.6,1.0,0.089,,,,,0
Ryan Kelly,ATL,26.0,210.82,104.32616,Duke,USA,2013,2,48,16,1.6,1.1,0.5,2.6,0.01,0.168,0.147,0.408,0.1159999999999999,2016-17,2016,Big (proxy),4.2,3.4,0.6,0.44,0.176,-0.9,-2.6,-0.032,,,,,0
Ryan Rollins,GSW,20.0,190.5,81.64656,Toledo,USA,2022,2,44,12,1.9,1.0,0.5,-38.1,0.043,0.153,0.26,0.508,0.214,2022-23,2022,Guard (proxy),,,,,,,,,,,,,0
Ryan Stack,CLE,24.0,210.82,97.52228,South Carolina,USA,1998,2,48,25,2.1,1.8,0.2,-8.3,0.079,0.175,0.17,0.413,0.0409999999999999,1999-00,1999,Big (proxy),2.6,1.9,0.3,0.513,0.14,-19.4,-0.5,-0.1,,,,,0
Saben Lee,PHX,24.0,187.96,83.007336,Vanderbilt,USA,2020,2,38,25,6.0,1.8,2.7,-4.4,0.03,0.0819999999999999,0.184,0.517,0.278,2022-23,2022,Guard (proxy),5.6,2.4,2.9,0.499,0.1689999999999999,-5.7,0.4000000000000003,0.018,,,,,0
Saddiq Bey,ATL,24.0,200.66,97.52228,Villanova,USA,2020,1,19,77,13.8,4.7,1.5,-3.1,0.044,0.127,0.1939999999999999,0.564,0.08,2022-23,2022,Wing (proxy),16.1,5.4,2.8,0.529,0.209,-9.3,-2.3000000000000007,0.0349999999999999,,,,,0
Salah Mejri,DAL,33.0,218.44,106.59412,,Tunisia,Undrafted,Undrafted,Undrafted,36,3.9,3.6,1.0,-4.4,0.081,0.216,0.153,0.5589999999999999,0.1369999999999999,2018-19,2018,Big (proxy),3.5,4.0,0.6,0.644,0.126,2.0,0.3999999999999999,-0.085,,,,,0
Salim Stoudamire,ATL,25.0,185.42,79.3786,Arizona,USA,2005,2,31,35,5.7,0.7,0.8,-5.8,0.011,0.059,0.244,0.495,0.123,2007-08,2007,Guard (proxy),7.7,1.2,1.0,0.518,0.221,-6.3,-2.0,-0.023,,,,,0
Sam Cassell,BOS,38.0,190.5,83.91452,Florida State,USA,1993,1,24,55,11.2,2.5,3.9,-3.7,0.015,0.106,0.25,0.517,0.298,2007-08,2007,Guard (proxy),12.3,2.9,4.7,0.506,0.257,1.1,-1.1000000000000014,0.011,,,,,0
Sam Dekker,WAS,25.0,205.74,104.32616,Wisconsin,USA,2015,1,18,47,6.1,3.1,1.0,-5.3,0.064,0.123,0.157,0.519,0.081,2018-19,2018,Big (proxy),4.2,2.4,0.5,0.534,0.148,4.2,1.8999999999999997,-0.015,,,,,0
Sam Hauser,BOS,25.0,200.66,98.429464,Virginia,USA,Undrafted,Undrafted,Undrafted,80,6.4,2.6,0.9,7.7,0.027,0.121,0.141,0.634,0.076,2022-23,2022,Wing (proxy),2.5,1.1,0.4,0.65,0.136,-0.3,3.9,-0.016,,,,,0
Sam Jacobson,MIN,25.0,193.04,97.52228,Minnesota,USA,1998,1,26,14,1.4,0.4,0.3,2.5,0.0559999999999999,0.067,0.144,0.518,0.0819999999999999,2000-01,2000,Guard (proxy),4.9,1.4,0.6,0.5539999999999999,0.1639999999999999,-8.8,-3.5000000000000004,-0.0359999999999999,,,,,0
Sam Mack,MIA,32.0,200.66,99.79024,Houston,USA,Undrafted,Undrafted,Undrafted,12,3.3,1.2,0.3,1.0,0.0139999999999999,0.083,0.1689999999999999,0.384,0.04,2001-02,2001,Wing (proxy),5.0,1.7,1.0,0.436,0.184,-9.7,-1.7000000000000002,-0.0519999999999999,,,,,0
Sam Merrill,MIL,25.0,193.04,92.98636,Utah State,USA,2020,2,60,30,3.0,1.0,0.7,-8.5,0.024,0.094,0.146,0.603,0.135,2020-21,2020,Guard (proxy),,,,,,,,,,,,,0
Sam Mitchell,MIN,38.0,200.66,97.52228,Mercer,USA,1985,3,54,74,3.3,1.1,0.6,1.9,0.0279999999999999,0.105,0.171,0.491,0.096,2001-02,2001,Wing (proxy),3.5,1.5,0.7,0.455,0.161,-4.7,-0.2000000000000001,0.0359999999999999,,,,,0
Sam Perkins,IND,40.0,205.74,117.93392,North Carolina,USA,1984,1,4,64,3.8,2.6,0.6,0.1,0.037,0.159,0.123,0.499,0.066,2000-01,2000,Big (proxy),6.6,3.6,0.8,0.555,0.157,9.0,-2.8,-0.056,,,,,0
Sam Young,IND,28.0,198.12,102.0582,Pittsburgh,USA,2009,2,36,56,2.8,2.2,0.8,-4.0,0.043,0.147,0.133,0.4639999999999999,0.107,2012-13,2012,Wing (proxy),3.3,1.8,0.4,0.412,0.184,-8.9,-0.5,0.0519999999999999,,,,,0
Samaki Walker,WAS,29.0,205.74,113.398,Louisville,USA,1996,1,9,14,1.7,1.3,0.3,-10.9,0.066,0.089,0.134,0.371,0.045,2004-05,2004,Big (proxy),3.2,3.4,0.2,0.444,0.15,-3.1,-1.5000000000000002,-0.073,,,,,0
Samardo Samuels,CLE,24.0,205.74,117.93392,Louisville,Jamaica,Undrafted,Undrafted,Undrafted,18,3.2,1.6,0.4,-9.5,0.055,0.122,0.172,0.411,0.069,2012-13,2012,Big (proxy),5.4,3.3,0.4,0.517,0.1889999999999999,-5.9,-2.2,-0.106,,,,,0
Samuel Dalembert,NYK,35.0,210.82,115.66596,Seton Hall,Haiti,2001,1,26,32,4.0,5.3,0.9,-13.5,0.114,0.251,0.154,0.461,0.088,2014-15,2014,Big (proxy),6.6,6.8,0.5,0.605,0.15,1.8,-2.6,-0.1439999999999999,,,,,0
Sandro Mamukelashvili,SAS,24.0,208.28,108.86208,Seton Hall,Georgia,2021,2,54,43,6.1,4.3,1.4,-10.1,0.093,0.178,0.177,0.516,0.134,2022-23,2022,Big (proxy),3.8,2.0,0.5,0.618,0.142,-17.6,2.3,-0.1019999999999999,,,,,0
Santi Aldama,MEM,22.0,213.36,97.52228,Loyola-Maryland,Spain,2021,1,30,77,9.0,4.8,1.3,2.6,0.047,0.162,0.157,0.591,0.076,2022-23,2022,Big (proxy),4.1,2.7,0.7,0.452,0.174,1.3,4.9,0.1389999999999999,,,,,0
Sarunas Jasikevicius,GSW,31.0,193.04,89.357624,Maryland,USSR,Undrafted,Undrafted,Undrafted,63,6.1,1.1,2.7,-5.3,0.017,0.064,0.204,0.531,0.31,2006-07,2006,Guard (proxy),7.3,2.0,3.0,0.561,0.178,0.8,-1.2000000000000002,-0.03,,,,,0
Sarunas Marciulionis,DEN,33.0,195.58,90.7184,,USA,1987,6,127,17,6.8,1.8,1.5,-7.6,0.057,0.086,0.27,0.496,0.188,1996-97,1996,Wing (proxy),,,,,,,,,,,,,0
Sasha Danilovic,DAL,27.0,198.12,90.7184,,USA,1992,2,43,56,12.5,2.4,1.8,1.5,0.019,0.069,0.196,0.552,0.103,1996-97,1996,Wing (proxy),,,,,,,,,,,,,0
Sasha Kaun,CLE,31.0,210.82,117.93392,Kansas,Russia,2008,2,56,25,0.9,1.0,0.1,-3.2,0.143,0.154,0.134,0.527,0.052,2015-16,2015,Big (proxy),,,,,,,,,,,,,0
Sasha Pavlovic,POR,29.0,200.66,106.59412,,Montenegro,2003,1,19,39,2.6,1.4,0.8,-3.6,0.015,0.1119999999999999,0.118,0.423,0.093,2012-13,2012,Wing (proxy),2.7,1.6,0.4,0.456,0.143,0.9,-0.1,-0.033,,,,,0
Sasha Vujacic,NYK,33.0,200.66,88.45044,,Slovenia,2004,1,27,42,3.0,1.4,1.2,-1.5,0.031,0.123,0.173,0.423,0.1889999999999999,2016-17,2016,Wing (proxy),4.9,2.4,1.4,0.503,0.1639999999999999,-1.9,-1.9000000000000004,-0.08,,,,,0
Scot Pollard,BOS,33.0,210.82,126.098576,Kansas,USA,1997,1,19,22,1.8,1.7,0.1,4.9,0.108,0.15,0.104,0.597,0.027,2007-08,2007,Big (proxy),1.0,1.3,0.1,0.432,0.138,-1.5,0.8,0.1649999999999999,,,,,0
Scott Brooks,CLE,32.0,180.34,74.84268,California-Irvine,USA,Undrafted,Undrafted,Undrafted,43,1.8,0.7,1.1,-5.0,0.021,0.093,0.128,0.528,0.275,1997-98,1997,Guard (proxy),1.5,0.5,0.8,0.625,0.1159999999999999,3.8,0.3,-0.0969999999999999,,,,,0
Scott Burrell,NJN,29.0,200.66,98.883056,Connecticut,USA,1993,1,20,74,6.1,3.5,1.0,3.1,0.053,0.168,0.163,0.511,0.088,1999-00,1999,Wing (proxy),6.6,3.7,1.4,0.4679999999999999,0.155,-1.4,-0.5,0.043,,,,,0
Scott Padgett,MEM,31.0,205.74,108.86208,Kentucky,USA,1999,1,28,31,1.5,1.7,0.3,2.7,0.0819999999999999,0.19,0.146,0.373,0.0579999999999999,2006-07,2006,Big (proxy),3.4,2.7,0.7,0.489,0.157,-7.2,-1.9,-0.1159999999999999,,,,,0
Scott Williams,CLE,37.0,208.28,117.93392,North Carolina,USA,Undrafted,Undrafted,Undrafted,19,1.7,1.6,0.4,-11.1,0.1159999999999999,0.14,0.152,0.36,0.084,2004-05,2004,Big (proxy),4.6,3.1,0.4,0.5,0.18,3.5,-2.8999999999999995,-0.14,,,,,0
Scottie Barnes,TOR,21.0,203.2,102.0582,Florida State,USA,2021,1,4,77,15.3,6.6,4.8,3.2,0.063,0.135,0.2,0.524,0.195,2022-23,2022,Wing (proxy),15.3,7.5,3.5,0.552,0.187,1.8,0.0,-0.028,,,,,0
Scottie Pippen,CHI,38.0,203.2,103.418976,Central Arkansas,USA,1987,1,5,23,5.9,3.0,2.2,-22.0,0.05,0.14,0.195,0.4479999999999999,0.226,2003-04,2003,Wing (proxy),10.8,4.3,4.5,0.52,0.1989999999999999,8.2,-4.9,-0.0720000000000001,,,,,0
Sean Colson,HOU,25.0,182.88,79.3786,North Carolina-Charlotte,USA,Undrafted,Undrafted,Undrafted,13,1.2,0.5,0.8,-35.2,0.04,0.111,0.264,0.291,0.455,2000-01,2000,Guard (proxy),,,,,,,,,,,,,0
Sean Elliott,SAS,33.0,203.2,99.79024,Arizona,USA,1989,1,3,52,7.9,3.3,1.6,8.5,0.016,0.129,0.1639999999999999,0.544,0.115,2000-01,2000,Wing (proxy),6.0,2.5,1.5,0.475,0.171,10.6,1.9000000000000004,0.069,,,,,0
Sean Kilpatrick,CHI,28.0,193.04,96.161504,Cincinnati,USA,Undrafted,Undrafted,Undrafted,52,6.3,1.7,0.9,-8.6,0.0069999999999999,0.131,0.242,0.507,0.121,2017-18,2017,Guard (proxy),13.1,4.0,2.2,0.546,0.237,-6.4,-6.8,-0.039,,,,,0
Sean Lampley,GSW,24.0,198.12,96.615096,California,USA,2001,2,44,10,3.4,1.1,0.2,21.8,0.045,0.148,0.213,0.672,0.043,2003-04,2003,Wing (proxy),4.8,2.4,0.9,0.512,0.182,-3.3,-1.4,0.16,,,,,0
Sean Marks,POR,35.0,208.28,113.398,California,New Zealand,1998,2,44,29,1.6,1.4,0.1,-16.8,0.084,0.146,0.128,0.473,0.033,2010-11,2010,Big (proxy),0.7,1.6,0.1,0.49,0.068,-1.3,0.9000000000000001,-0.017,,,,,0
Sean May,SAC,26.0,205.74,120.655472,North Carolina,USA,2005,1,13,37,3.3,1.9,0.5,-0.6,0.072,0.175,0.198,0.492,0.083,2009-10,2009,Big (proxy),3.9,2.9,0.4,0.435,0.214,-14.4,-0.6000000000000001,0.0569999999999999,,,,,0
Sean McDermott,MEM,24.0,198.12,88.45044,Butler,USA,Undrafted,Undrafted,Undrafted,18,2.2,1.1,0.2,-17.7,0.031,0.087,0.1009999999999999,0.534,0.043,2020-21,2020,Wing (proxy),,,,,,,,,,,,,0
Sean Rooks,ORL,34.0,208.28,117.93392,Arizona,USA,1992,2,30,55,2.6,1.8,0.5,-4.9,0.045,0.148,0.142,0.421,0.076,2003-04,2003,Big (proxy),4.2,3.1,1.0,0.46,0.132,-10.7,-1.6,-0.039,,,,,0
Sean Singletary,CHA,23.0,182.88,83.91452,Virginia,USA,2008,2,42,37,2.4,0.9,0.8,-7.3,0.04,0.102,0.185,0.478,0.174,2008-09,2008,Guard (proxy),,,,,,,,,,,,,0
Sean Williams,BOS,25.0,208.28,106.59412,Boston College,USA,2007,1,17,11,3.6,2.3,0.5,12.9,0.1369999999999999,0.124,0.161,0.722,0.074,2011-12,2011,Big (proxy),2.6,2.3,0.1,0.4529999999999999,0.152,-3.8,1.0,0.2690000000000001,,,,,0
Sebastian Telfair,OKC,30.0,182.88,77.11064,,USA,2004,1,13,16,8.4,1.9,2.8,-12.3,0.0069999999999999,0.096,0.2239999999999999,0.479,0.29,2014-15,2014,Guard (proxy),5.6,1.4,2.6,0.488,0.188,-1.8,2.8000000000000007,-0.009,,,,,0
Sedale Threatt,HOU,35.0,187.96,83.91452,West Virginia Tech,USA,1983,6,139,21,3.3,1.1,1.9,-3.5,0.017,0.063,0.122,0.451,0.185,1996-97,1996,Guard (proxy),,,,,,,,,,,,,0
Sekou Doumbouya,DET,20.0,203.2,104.32616,,France,2019,1,15,56,5.1,2.6,0.8,-6.9,0.045,0.1169999999999999,0.176,0.4589999999999999,0.08,2020-21,2020,Wing (proxy),6.4,3.1,0.5,0.474,0.1639999999999999,-10.8,-1.3000000000000007,-0.015,,,,,0
Semaj Christon,OKC,24.0,190.5,86.18248,Xavier,USA,2014,2,55,64,2.9,1.4,2.0,-6.5,0.023,0.085,0.127,0.387,0.193,2016-17,2016,Guard (proxy),,,,,,,,,,,,,0
Semi Ojeleye,LAC,27.0,198.12,108.86208,Southern Methodist,USA,2017,2,37,30,3.3,2.5,0.3,-16.6,0.057,0.111,0.126,0.4379999999999999,0.033,2021-22,2021,Wing (proxy),4.6,2.6,0.7,0.5529999999999999,0.114,-0.2,-1.2999999999999998,-0.115,,,,,0
Semih Erden,CLE,25.0,213.36,108.86208,,Turkey,2008,2,60,28,3.5,2.6,0.3,-11.2,0.069,0.2,0.147,0.5379999999999999,0.049,2011-12,2011,Big (proxy),4.0,2.9,0.5,0.593,0.138,-1.6,-0.5,-0.055,,,,,0
Serge Ibaka,MIL,33.0,210.82,106.59412,,Democratic Republic of the Congo,2008,1,24,16,4.1,2.8,0.3,-6.5,0.073,0.153,0.159,0.5529999999999999,0.036,2022-23,2022,Big (proxy),6.8,4.6,0.9,0.579,0.172,-3.0,-2.7,-0.026,,,,,0
Sergei Monia,SAC,23.0,203.2,99.79024,,Russia,2004,1,23,26,3.0,2.0,0.7,-24.5,0.038,0.152,0.143,0.413,0.091,2005-06,2005,Wing (proxy),,,,,,,,,,,,,0
Sergey Karasev,BKN,22.0,200.66,94.347136,,Russia,2013,1,19,40,2.4,1.5,0.9,1.0,0.024,0.15,0.12,0.562,0.114,2015-16,2015,Wing (proxy),4.6,2.0,1.4,0.508,0.141,0.7,-2.2,0.054,,,,,0
Sergio Rodriguez,PHI,31.0,190.5,79.83219199999998,,Spain,2006,1,27,68,7.8,2.3,5.1,-5.3,0.015,0.1009999999999999,0.1939999999999999,0.484,0.349,2016-17,2016,Guard (proxy),6.6,1.3,3.2,0.5539999999999999,0.214,-1.6,1.2000000000000002,-0.0699999999999999,,,,,0
Seth Curry,BKN,32.0,185.42,83.91452,Duke,USA,Undrafted,Undrafted,Undrafted,61,9.2,1.6,1.6,-3.5,0.011,0.071,0.188,0.593,0.121,2022-23,2022,Guard (proxy),15.0,3.1,3.6,0.615,0.182,4.5,-5.800000000000001,-0.022,,,,,0
Shabazz Muhammad,MIL,25.0,198.12,100.243832,California-Los Angeles,USA,2013,1,14,43,5.0,1.8,0.3,-12.7,0.057,0.136,0.225,0.51,0.055,2017-18,2017,Wing (proxy),9.9,2.8,0.4,0.5660000000000001,0.214,-1.5,-4.9,-0.056,,,,,0
Shabazz Napier,WAS,28.0,182.88,79.3786,Connecticut,USA,2014,1,24,56,10.3,2.8,4.7,-3.6,0.018,0.1,0.1969999999999999,0.552,0.295,2019-20,2019,Guard (proxy),9.4,1.8,2.6,0.534,0.2339999999999999,1.3,0.9000000000000004,0.018,,,,,0
Shaedon Sharpe,POR,20.0,195.58,90.7184,Kentucky,Canada,2022,1,7,80,9.9,3.0,1.2,-7.6,0.037,0.102,0.186,0.568,0.079,2022-23,2022,Wing (proxy),,,,,,,,,,,,,0
Shai Gilgeous-Alexander,OKC,24.0,198.12,88.45044,Kentucky,Canada,2018,1,11,68,31.4,4.8,5.5,2.7,0.023,0.109,0.318,0.626,0.249,2022-23,2022,Wing (proxy),24.5,5.0,5.9,0.557,0.298,-6.4,6.899999999999999,0.0689999999999999,,,,,0
Shake Milton,PHI,26.0,195.58,92.98636,Southern Methodist,USA,2018,2,54,76,8.4,2.5,3.2,3.9,0.026,0.096,0.175,0.575,0.213,2022-23,2022,Wing (proxy),8.2,2.6,2.5,0.517,0.174,-1.0,0.200000000000001,0.0579999999999999,,,,,0
Shammond Williams,LAL,32.0,185.42,91.171992,North Carolina,USA,1998,2,34,30,3.1,1.3,1.0,-4.8,0.036,0.102,0.1369999999999999,0.53,0.15,2006-07,2006,Guard (proxy),4.8,1.1,2.2,0.495,0.185,-8.1,-1.6999999999999995,0.035,,,,,0
Shandon Anderson,MIA,32.0,198.12,97.52228,Georgia,USA,1996,2,54,48,2.6,1.7,0.6,2.2,0.036,0.1159999999999999,0.119,0.47,0.072,2005-06,2005,Wing (proxy),3.9,2.9,1.1,0.518,0.12,11.0,-1.2999999999999998,-0.048,,,,,0
Shane Battier,MIA,35.0,203.2,99.79024,Duke,USA,2001,1,6,73,4.1,1.9,0.9,8.5,0.03,0.087,0.099,0.523,0.057,2013-14,2013,Wing (proxy),6.6,2.3,1.0,0.623,0.111,11.9,-2.5,-0.0999999999999999,,,,,0
Shane Heal,MIN,26.0,182.88,81.64656,,USA,Undrafted,Undrafted,Undrafted,43,1.7,0.4,0.8,-0.7,0.008,0.075,0.204,0.3779999999999999,0.214,1996-97,1996,Guard (proxy),,,,,,,,,,,,,0
Shane Larkin,BOS,25.0,180.34,79.3786,Miami,USA,2013,1,18,54,4.3,1.7,1.8,0.5,0.019,0.1009999999999999,0.153,0.491,0.21,2017-18,2017,Guard (proxy),7.3,2.3,4.4,0.515,0.175,-9.6,-3.0,-0.024,,,,,0
Shannon Brown,NYK,28.0,193.04,95.25432,Michigan State,USA,2006,1,25,29,2.2,1.0,0.3,-7.8,0.032,0.098,0.17,0.419,0.059,2013-14,2013,Guard (proxy),10.5,2.5,1.8,0.493,0.225,-8.1,-8.3,-0.074,,,,,0
Shaquille Harrison,DEN,27.0,200.66,86.18248,Tulsa,USA,Undrafted,Undrafted,Undrafted,34,2.1,1.4,0.7,-10.1,0.02,0.1169999999999999,0.124,0.416,0.109,2020-21,2020,Wing (proxy),4.9,2.0,1.1,0.5589999999999999,0.176,6.8,-2.8000000000000003,-0.1429999999999999,,,,,0
Shaquille O'Neal,BOS,39.0,215.9,147.4174,Louisiana State,USA,1992,1,1,37,9.2,4.8,0.7,13.2,0.092,0.205,0.2,0.659,0.051,2010-11,2010,Big (proxy),12.0,6.7,1.5,0.565,0.253,3.8,-2.8000000000000007,0.094,,,,,0
Shareef Abdur-Rahim,SAC,30.0,205.74,111.13004,California,USA,1996,1,3,80,9.9,5.0,1.4,-4.6,0.07,0.17,0.196,0.524,0.092,2006-07,2006,Big (proxy),12.3,5.0,2.1,0.588,0.201,3.9,-2.4000000000000004,-0.0639999999999999,,,,,0
Sharife Cooper,ATL,21.0,185.42,79.83219199999998,Auburn,USA,2021,2,48,13,0.5,0.4,0.4,-43.9,0.0,0.147,0.2019999999999999,0.25,0.313,2021-22,2021,Guard (proxy),,,,,,,,,,,,,0
Sharone Wright,TOR,24.0,210.82,117.93392,Clemson,USA,1994,1,6,60,6.5,3.1,0.5,-9.3,0.089,0.126,0.255,0.423,0.054,1996-97,1996,Big (proxy),,,,,,,,,,,,,0
Shaun Livingston,GSW,33.0,200.66,87.089664,,USA,2004,1,4,64,4.0,1.8,1.8,3.2,0.043,0.071,0.118,0.555,0.154,2018-19,2018,Wing (proxy),5.5,1.8,2.0,0.5329999999999999,0.165,5.8,-1.5,0.0220000000000001,,,,,0
Shavlik Randolph,PHX,31.0,208.28,107.047712,Duke,USA,Undrafted,Undrafted,Undrafted,21,1.1,1.8,0.2,-10.9,0.1169999999999999,0.21,0.144,0.298,0.051,2014-15,2014,Big (proxy),1.4,1.8,0.1,0.531,0.1119999999999999,21.2,-0.2999999999999998,-0.233,,,,,0
Shawn Bradley,DAL,33.0,228.6,124.7378,Brigham Young,USA,1993,1,2,77,2.7,2.8,0.2,11.4,0.093,0.18,0.126,0.494,0.024,2004-05,2004,Big (proxy),3.3,2.6,0.3,0.523,0.134,5.1,-0.5999999999999996,-0.029,,,,,0
Shawn Kemp,ORL,33.0,208.28,127.00576,Trinity Valley Community College,USA,1989,1,17,79,6.8,5.7,0.7,-2.3,0.099,0.2239999999999999,0.187,0.4679999999999999,0.055,2002-03,2002,Big (proxy),6.1,3.8,0.7,0.489,0.2019999999999999,-1.7,0.7000000000000002,-0.021,,,,,0
Shawn Long,PHI,24.0,205.74,115.66596,Louisiana-Lafayette,USA,Undrafted,Undrafted,Undrafted,18,8.2,4.7,0.7,2.6,0.196,0.214,0.245,0.595,0.087,2016-17,2016,Big (proxy),,,,,,,,,,,,,0
Shawn Marion,CLE,37.0,200.66,103.418976,Nevada-Las Vegas,USA,1999,1,9,57,4.8,3.5,0.9,2.2,0.068,0.143,0.128,0.489,0.069,2014-15,2014,Wing (proxy),10.4,6.5,1.6,0.537,0.158,0.0,-5.6000000000000005,-0.048,,,,,0
Shawn Respert,PHX,27.0,185.42,88.45044,Michigan State,USA,1995,1,8,12,3.1,1.1,0.7,-1.4,0.023,0.1159999999999999,0.218,0.4579999999999999,0.17,1998-99,1998,Guard (proxy),5.9,1.8,1.1,0.53,0.179,-11.9,-2.8000000000000003,-0.0720000000000001,,,,,0
Shawne Williams,DET,29.0,208.28,104.32616,Memphis,USA,2006,1,17,63,5.4,2.6,0.7,-4.8,0.04,0.148,0.152,0.537,0.068,2014-15,2014,Big (proxy),5.6,4.6,0.8,0.503,0.132,1.6,-0.1999999999999993,0.034,,,,,0
Shawnelle Scott,DEN,30.0,208.28,113.398,St. John's (NY),USA,1994,2,43,21,3.9,4.9,0.4,-5.8,0.1939999999999999,0.2269999999999999,0.1669999999999999,0.489,0.0559999999999999,2001-02,2001,Big (proxy),1.6,1.9,0.1,0.424,0.211,-15.5,2.3,0.065,,,,,0
Shayne Whittington,IND,24.0,210.82,113.398,Western Michigan,USA,Undrafted,Undrafted,Undrafted,20,2.9,1.5,0.3,2.9,0.103,0.198,0.247,0.547,0.094,2014-15,2014,Big (proxy),,,,,,,,,,,,,0
Shelden Williams,NJN,28.0,205.74,113.398,Duke,USA,2006,1,5,58,4.6,6.0,0.6,-9.5,0.127,0.195,0.114,0.5429999999999999,0.044,2011-12,2011,Big (proxy),4.5,4.6,0.5,0.522,0.142,-1.8,0.0999999999999996,0.0209999999999999,,,,,0
Sheldon Mac,WAS,24.0,198.12,90.7184,Miami (Fla.),USA,Undrafted,Undrafted,Undrafted,30,3.0,1.1,0.5,-8.7,0.015,0.115,0.143,0.518,0.078,2016-17,2016,Wing (proxy),,,,,,,,,,,,,0
Shelvin Mack,CHA,29.0,190.5,92.079176,Butler,USA,2011,2,34,57,7.5,1.8,3.2,-9.1,0.0139999999999999,0.069,0.179,0.489,0.241,2018-19,2018,Guard (proxy),6.9,2.4,3.9,0.518,0.175,-2.7,0.5999999999999996,-0.029,,,,,0
Sherman Douglas,NJN,34.0,182.88,81.64656,Syracuse,USA,1989,2,28,59,5.7,1.3,2.4,-6.2,0.023,0.06,0.185,0.478,0.243,2000-01,2000,Guard (proxy),6.0,1.5,1.7,0.586,0.181,-11.5,-0.2999999999999998,-0.1079999999999999,,,,,0
Sherron Collins,CHA,24.0,180.34,92.98636,Kansas,USA,Undrafted,Undrafted,Undrafted,20,0.9,0.3,0.4,-14.0,0.0,0.093,0.217,0.3339999999999999,0.19,2010-11,2010,Guard (proxy),,,,,,,,,,,,,0
Simone Fontecchio,UTA,27.0,200.66,94.800728,,Italy,Undrafted,Undrafted,Undrafted,52,6.3,1.7,0.8,-13.1,0.036,0.07,0.192,0.495,0.079,2022-23,2022,Wing (proxy),,,,,,,,,,,,,0
Sindarius Thornwell,ORL,26.0,193.04,97.52228,South Carolina,USA,2017,2,48,21,2.0,0.9,1.0,-2.0,0.013,0.067,0.11,0.414,0.135,2020-21,2020,Guard (proxy),1.0,0.7,0.3,0.485,0.105,-0.8,1.0,-0.071,,,,,0
Skal Labissiere,ATL,24.0,208.28,106.59412,Kentucky,Haiti,2016,1,28,33,5.8,5.1,1.3,1.3,0.105,0.155,0.139,0.588,0.106,2019-20,2019,Big (proxy),3.0,2.0,0.5,0.593,0.154,-8.3,2.8,-0.005,,,,,0
Skylar Mays,ATL,24.0,193.04,92.98636,Louisiana State,USA,2020,2,50,28,2.9,0.9,0.6,-12.9,0.022,0.091,0.149,0.589,0.12,2021-22,2021,Guard (proxy),3.8,1.1,0.9,0.569,0.186,1.4,-0.8999999999999999,0.02,,,,,0
Slava Medvedenko,ATL,28.0,208.28,114.758776,,Ukraine,Undrafted,Undrafted,Undrafted,14,3.0,1.0,0.1,-12.0,0.063,0.172,0.25,0.556,0.048,2006-07,2006,Big (proxy),3.8,1.8,0.3,0.49,0.191,-5.7,-0.7999999999999998,0.066,,,,,0
Smush Parker,LAC,27.0,193.04,86.18248,Fordham,USA,Undrafted,Undrafted,Undrafted,28,5.9,1.8,3.0,-8.7,0.008,0.088,0.187,0.42,0.249,2007-08,2007,Guard (proxy),11.1,2.5,2.8,0.526,0.183,-2.5,-5.199999999999999,-0.106,,,,,0
Solomon Alabi,TOR,24.0,215.9,114.305184,Florida State,Nigeria,2010,2,50,14,2.4,3.4,0.2,1.7,0.149,0.25,0.1689999999999999,0.418,0.0409999999999999,2011-12,2011,Big (proxy),0.5,1.2,0.2,0.1889999999999999,0.138,-18.0,1.9,0.2290000000000001,,,,,0
Solomon Hill,ATL,31.0,198.12,102.511792,Arizona,USA,2013,1,23,13,0.6,1.8,0.9,14.3,0.043,0.115,0.064,0.2,0.1169999999999999,2021-22,2021,Wing (proxy),4.5,3.0,1.1,0.498,0.102,1.0,-3.9,-0.298,,,,,0
Solomon Jones,ORL,29.0,208.28,106.59412,South Florida,USA,2006,2,33,11,1.3,1.5,0.2,-11.4,0.107,0.118,0.1119999999999999,0.373,0.039,2013-14,2013,Big (proxy),3.2,2.8,0.4,0.471,0.138,-22.4,-1.9,-0.0979999999999999,,,,,0
Sonny Weems,PHX,29.0,198.12,92.98636,Arkansas,USA,2008,2,39,43,2.5,1.2,1.1,-10.7,0.0139999999999999,0.109,0.132,0.4589999999999999,0.148,2015-16,2015,Wing (proxy),9.2,2.6,1.8,0.492,0.2019999999999999,-10.5,-6.699999999999999,-0.033,,,,,0
Soumaila Samake,LAL,25.0,208.28,108.86208,,Mali,2000,2,36,13,1.7,1.8,0.3,-10.0,0.143,0.203,0.15,0.442,0.087,2002-03,2002,Big (proxy),1.4,1.6,0.0,0.3929999999999999,0.123,-9.0,0.3,0.0490000000000001,,,,,0
Speedy Claxton,ATL,29.0,180.34,77.11064,Hofstra,USA,2000,1,20,42,5.3,1.9,4.4,-5.8,0.013,0.081,0.166,0.363,0.291,2006-07,2006,Guard (proxy),12.3,2.7,4.8,0.497,0.238,0.1,-7.000000000000001,-0.134,,,,,0
Spencer Dinwiddie,BKN,30.0,195.58,97.52228,Colorado,USA,2014,2,38,79,17.3,3.4,6.5,-0.1,0.01,0.092,0.22,0.573,0.297,2022-23,2022,Wing (proxy),13.7,4.2,5.2,0.5429999999999999,0.208,-1.0,3.6000000000000014,0.03,,,,,0
Spencer Hawes,MIL,29.0,215.9,111.13004,Washington,USA,2007,1,10,54,6.2,3.5,1.5,-10.2,0.052,0.215,0.1969999999999999,0.562,0.174,2016-17,2016,Big (proxy),6.0,4.3,1.9,0.508,0.171,2.1,0.2000000000000001,0.054,,,,,0
Stacey Augmon,ORL,37.0,203.2,96.615096,Nevada-Las Vegas,USA,1991,1,9,36,2.0,1.5,0.6,8.0,0.0579999999999999,0.11,0.12,0.412,0.092,2005-06,2005,Wing (proxy),3.5,1.8,0.7,0.48,0.153,-5.0,-1.5,-0.068,,,,,0
Stacey King,DAL,30.0,210.82,113.398,Oklahoma,USA,1989,1,6,11,2.2,2.5,0.1,-18.7,0.1119999999999999,0.2319999999999999,0.135,0.478,0.018,1996-97,1996,Big (proxy),,,,,,,,,,,,,0
Stanley Johnson,SAS,27.0,198.12,109.769264,Arizona,USA,2015,1,8,30,5.8,3.2,2.2,-7.0,0.047,0.15,0.148,0.625,0.179,2022-23,2022,Wing (proxy),6.7,3.2,1.7,0.564,0.125,-1.1,-0.9000000000000004,0.061,,,,,0
Stanley Roberts,MIN,28.0,213.36,131.54168,Louisiana State,USA,1991,1,23,74,6.2,4.9,0.4,-0.3,0.092,0.212,0.177,0.503,0.032,1997-98,1997,Big (proxy),9.5,5.1,0.5,0.485,0.238,2.6,-3.3,0.018,,,,,0
Stephane Lasme,MIA,25.0,203.2,97.52228,Massachusetts,Gabon,2007,2,46,16,5.2,3.3,0.2,-6.4,0.1,0.099,0.166,0.488,0.02,2007-08,2007,Wing (proxy),,,,,,,,,,,,,0
Stephen Curry,GSW,35.0,187.96,83.91452,Davidson,USA,2009,1,7,56,29.4,6.1,6.3,5.8,0.02,0.147,0.297,0.6559999999999999,0.2739999999999999,2022-23,2022,Guard (proxy),25.5,5.2,6.3,0.601,0.293,10.7,3.899999999999999,0.0549999999999999,,,,,0
Stephen Graham,NJN,29.0,198.12,97.52228,Oklahoma State,USA,Undrafted,Undrafted,Undrafted,59,3.4,2.1,0.7,-13.0,0.021,0.134,0.126,0.457,0.066,2010-11,2010,Wing (proxy),4.2,1.9,0.3,0.551,0.174,-1.1,-0.8000000000000003,-0.094,,,,,0
Stephen Howard,SEA,27.0,205.74,102.0582,DePaul,USA,Undrafted,Undrafted,Undrafted,13,1.9,0.9,0.2,-16.2,0.115,0.113,0.248,0.432,0.094,1997-98,1997,Big (proxy),3.6,1.7,0.2,0.613,0.187,0.1,-1.7000000000000002,-0.181,,,,,0
Stephen Jackson,SAS,35.0,203.2,99.79024,Butler Community College,USA,1997,2,42,55,6.2,2.8,1.5,4.4,0.025,0.138,0.188,0.473,0.11,2012-13,2012,Wing (proxy),9.8,3.5,2.5,0.485,0.215,2.0,-3.6000000000000005,-0.012,,,,,0
Stephen Zimmerman,ORL,20.0,213.36,108.86208,Nevada-Las Vegas,USA,2016,2,41,19,1.2,1.8,0.2,-18.1,0.093,0.273,0.149,0.346,0.0559999999999999,2016-17,2016,Big (proxy),,,,,,,,,,,,,0
Stephon Marbury,BOS,32.0,187.96,92.98636,Georgia Tech,USA,1996,1,4,23,3.8,1.2,3.3,-3.2,0.006,0.07,0.176,0.377,0.2739999999999999,2008-09,2008,Guard (proxy),13.9,2.5,4.7,0.527,0.201,-11.4,-10.1,-0.15,,,,,0
Sterling Brown,DAL,27.0,195.58,99.336648,Southern Methodist,USA,2017,2,46,49,3.3,3.0,0.7,2.3,0.039,0.187,0.124,0.495,0.078,2021-22,2021,Wing (proxy),8.2,4.4,1.4,0.597,0.133,-5.4,-4.9,-0.1019999999999999,,,,,0
Steve Blake,DET,36.0,190.5,78.017824,Maryland,USA,2003,2,38,58,4.4,1.5,3.4,-3.7,0.01,0.092,0.148,0.51,0.311,2015-16,2015,Guard (proxy),4.3,1.7,3.6,0.507,0.132,3.6,0.1000000000000005,0.003,,,,,0
Steve Francis,HOU,31.0,190.5,95.25432,Maryland,USA,1999,1,2,10,5.5,2.3,3.0,-1.5,0.044,0.086,0.183,0.41,0.233,2007-08,2007,Guard (proxy),11.3,3.6,3.9,0.57,0.1969999999999999,-0.9,-5.800000000000001,-0.1599999999999999,,,,,0
Steve Goodrich,CHI,25.0,208.28,99.79024,Princeton,USA,Undrafted,Undrafted,Undrafted,12,1.6,1.8,0.5,-8.2,0.068,0.128,0.104,0.451,0.075,2000-01,2000,Big (proxy),,,,,,,,,,,,,0
Steve Hamer,BOS,23.0,213.36,111.13004,Tennessee,USA,1996,2,38,35,2.2,1.7,0.2,-3.1,0.065,0.181,0.126,0.545,0.037,1996-97,1996,Big (proxy),,,,,,,,,,,,,0
Steve Henson,DET,30.0,185.42,81.64656,Kansas State,USA,1990,2,44,23,1.6,0.1,0.2,10.2,0.0,0.0409999999999999,0.249,0.619,0.105,1997-98,1997,Guard (proxy),,,,,,,,,,,,,0
Steve Kerr,SAS,37.0,185.42,81.64656,Arizona,USA,1988,2,50,75,4.0,0.8,0.9,1.7,0.015,0.0559999999999999,0.148,0.552,0.128,2002-03,2002,Guard (proxy),4.1,0.9,1.0,0.573,0.154,3.3,-0.0999999999999996,-0.0209999999999999,,,,,0
Steve Nash,LAL,40.0,190.5,80.73937600000001,Santa Clara,Canada,1996,1,15,15,6.8,1.9,5.7,-9.3,0.012,0.086,0.186,0.488,0.428,2013-14,2013,Guard (proxy),12.7,2.8,6.7,0.605,0.177,1.4,-5.9,-0.1169999999999999,,,,,0
Steve Novak,MIL,33.0,208.28,102.0582,Marquette,USA,2006,2,32,10,2.4,0.5,0.0,5.1,0.0,0.102,0.18,0.6509999999999999,0.0,2015-16,2015,Big (proxy),1.8,0.6,0.3,0.5539999999999999,0.133,-19.6,0.5999999999999999,0.0969999999999999,,,,,0
Steven Adams,MEM,29.0,210.82,120.20188,Pittsburgh,New Zealand,2013,1,12,42,8.6,11.5,2.3,9.7,0.171,0.222,0.139,0.564,0.107,2022-23,2022,Big (proxy),6.9,10.0,3.4,0.56,0.118,8.3,1.6999999999999993,0.0039999999999998,,,,,0
Steven Hunter,MEM,28.0,213.36,108.86208,DePaul,USA,2001,1,15,21,2.5,2.0,0.0,-11.7,0.128,0.16,0.18,0.45,0.0,2009-10,2009,Big (proxy),2.1,1.5,0.0,0.53,0.155,-7.6,0.3999999999999999,-0.08,,,,,0
Steven Smith,MIA,36.0,203.2,100.243832,Michigan State,USA,1991,1,5,50,6.3,1.3,1.4,-6.0,0.022,0.087,0.185,0.5539999999999999,0.161,2004-05,2004,Wing (proxy),5.0,1.1,0.8,0.5429999999999999,0.183,-3.7,1.2999999999999998,0.011,,,,,0
Stojko Vrankovic,LAC,34.0,218.44,117.93392,,USA,Undrafted,Undrafted,Undrafted,65,3.0,4.0,0.6,-6.9,0.081,0.21,0.1169999999999999,0.4539999999999999,0.053,1997-98,1997,Big (proxy),3.4,3.2,0.3,0.583,0.125,-7.1,-0.3999999999999999,-0.129,,,,,0
Stromile Swift,PHX,29.0,208.28,99.79024,Louisiana State,USA,2000,1,2,19,3.3,2.4,0.2,-1.8,0.093,0.175,0.1939999999999999,0.46,0.025,2008-09,2008,Big (proxy),6.1,3.6,0.5,0.5479999999999999,0.1969999999999999,-4.8,-2.8,-0.0879999999999999,,,,,0
Sun Sun,LAL,23.0,205.74,92.98636,,USA,2007,2,40,10,0.6,0.0,0.2,-82.9,0.0,0.0,0.187,0.273,0.118,2008-09,2008,Big (proxy),,,,,,,,,,,,,0
Sundiata Gaines,NJN,26.0,185.42,90.7184,Georgia,USA,Undrafted,Undrafted,Undrafted,57,5.1,1.9,2.2,-7.6,0.039,0.121,0.212,0.465,0.278,2011-12,2011,Guard (proxy),4.6,1.6,1.8,0.4589999999999999,0.222,-5.2,0.5,0.0060000000000001,,,,,0
Svi Mykhailiuk,CHA,26.0,200.66,92.98636,Kansas,Ukraine,2018,2,47,32,6.9,1.7,1.7,1.0,0.032,0.079,0.191,0.584,0.1669999999999999,2022-23,2022,Wing (proxy),4.6,1.6,0.8,0.509,0.161,-5.9,2.3000000000000007,0.0749999999999999,,,,,0
T.J. Ford,SAS,29.0,182.88,74.84268,Texas,USA,2003,1,8,14,3.6,1.3,3.2,7.3,0.019,0.089,0.173,0.519,0.349,2011-12,2011,Guard (proxy),5.4,2.0,3.4,0.434,0.186,-1.8,-1.8000000000000005,0.085,,,,,0
T.J. Leaf,IND,23.0,208.28,100.697424,UCLA,USA,2017,1,18,28,3.0,2.5,0.3,0.2,0.094,0.174,0.18,0.451,0.057,2019-20,2019,Big (proxy),,,,,,,,,,,,,0
T.J. McConnell,IND,31.0,185.42,86.18248,Arizona,USA,2015,Undrafted,Undrafted,75,8.7,3.1,5.3,-2.4,0.0279999999999999,0.123,0.182,0.59,0.39,2022-23,2022,Guard (proxy),8.5,3.3,4.9,0.525,0.157,-5.5,0.1999999999999993,0.0649999999999999,,,,,0
T.J. Warren,PHX,29.0,203.2,99.79024,North Carolina State,USA,2014,1,14,42,7.5,2.9,1.0,4.4,0.038,0.131,0.185,0.55,0.081,2022-23,2022,Wing (proxy),19.8,4.2,1.5,0.61,0.2289999999999999,2.7,-12.3,-0.0599999999999999,,,,,0
TJ Leaf,IND,22.0,208.28,102.0582,UCLA,USA,2017,1,18,58,3.9,2.2,0.4,3.6,0.077,0.145,0.158,0.5720000000000001,0.063,2018-19,2018,Big (proxy),2.9,1.5,0.2,0.545,0.136,-11.7,1.0,0.027,,,,,0
TJ Warren,PHX,23.0,203.2,102.0582,North Carolina State,USA,2014,1,14,66,14.4,5.1,1.1,-6.8,0.064,0.1159999999999999,0.19,0.539,0.0559999999999999,2016-17,2016,Wing (proxy),11.0,3.1,0.9,0.5489999999999999,0.198,-7.2,3.4000000000000004,-0.0099999999999998,,,,,0
Tacko Fall,CLE,26.0,228.6,141.067112,UCF,Senegal,Undrafted,Undrafted,Undrafted,11,1.1,2.1,0.2,-0.8,0.115,0.271,0.124,0.3979999999999999,0.048,2021-22,2021,Big (proxy),2.5,2.7,0.2,0.66,0.127,6.3,-1.4,-0.2620000000000001,,,,,0
Taj Gibson,WAS,38.0,205.74,105.233344,Southern California,USA,2009,1,26,49,3.4,1.9,0.7,-1.1,0.068,0.143,0.151,0.585,0.094,2022-23,2022,Big (proxy),4.4,4.4,0.6,0.606,0.099,3.3,-1.0000000000000004,-0.021,,,,,0
Talen Horton-Tucker,UTA,22.0,193.04,106.140528,Iowa State,USA,2019,2,46,65,10.7,3.2,3.8,0.1,0.03,0.1169999999999999,0.25,0.508,0.2739999999999999,2022-23,2022,Guard (proxy),10.0,3.2,2.7,0.503,0.1889999999999999,-2.2,0.6999999999999993,0.005,,,,,0
Tamar Slay,NJN,24.0,203.2,97.52228,Marshall,USA,2002,2,53,22,2.4,1.1,0.6,-14.2,0.075,0.125,0.223,0.401,0.1689999999999999,2003-04,2003,Wing (proxy),2.6,0.9,0.4,0.428,0.213,-0.8,-0.2000000000000001,-0.0269999999999999,,,,,0
Tarence Kinsey,CLE,25.0,198.12,85.728888,South Carolina,USA,Undrafted,Undrafted,Undrafted,50,2.0,0.8,0.2,-4.6,0.047,0.1119999999999999,0.18,0.595,0.062,2008-09,2008,Wing (proxy),3.6,1.1,0.2,0.492,0.1969999999999999,2.3,-1.6,0.1029999999999999,,,,,0
Tari Eason,HOU,22.0,203.2,97.52228,Louisiana State,USA,2022,1,17,82,9.3,6.0,1.1,-4.8,0.1009999999999999,0.172,0.184,0.525,0.075,2022-23,2022,Wing (proxy),,,,,,,,,,,,,0
Tarik Black,HOU,26.0,205.74,113.398,Kansas,USA,Undrafted,Undrafted,Undrafted,51,3.5,3.2,0.3,-7.3,0.108,0.181,0.147,0.5820000000000001,0.042,2017-18,2017,Big (proxy),5.7,5.1,0.6,0.56,0.154,-1.9,-2.2,0.022,,,,,0
Tariq Abdul-Wahad,DAL,28.0,198.12,102.0582,San Jose State,France,1997,1,11,14,4.1,2.9,1.5,8.5,0.075,0.1369999999999999,0.15,0.47,0.147,2002-03,2002,Wing (proxy),5.6,3.5,1.0,0.418,0.19,-7.8,-1.5,0.0519999999999999,,,,,0
Taurean Green,DEN,21.0,182.88,80.28578399999998,Florida,USA,2007,2,52,17,1.6,0.6,0.6,5.4,0.0,0.141,0.23,0.446,0.208,2007-08,2007,Guard (proxy),,,,,,,,,,,,,0
Taurean Prince,MIN,29.0,198.12,98.883056,Baylor,USA,2016,1,12,54,9.1,2.4,1.6,0.9,0.013,0.096,0.165,0.597,0.094,2022-23,2022,Wing (proxy),7.3,2.5,1.0,0.589,0.166,0.7,1.7999999999999998,0.008,,,,,0
Tayshaun Prince,MIN,36.0,205.74,96.161504,Kentucky,USA,2002,1,23,77,2.9,1.9,1.0,-1.9,0.025,0.089,0.083,0.466,0.073,2015-16,2015,Big (proxy),7.5,3.6,1.6,0.504,0.153,-4.8,-4.6,-0.0379999999999999,,,,,0
Terance Mann,LAC,26.0,195.58,97.52228,Florida State,USA,2019,2,48,81,8.8,3.4,2.3,0.3,0.042,0.107,0.149,0.619,0.139,2022-23,2022,Wing (proxy),10.8,5.2,2.6,0.5720000000000001,0.157,1.5,-2.0,0.0469999999999999,,,,,0
Terence Davis,SAC,26.0,193.04,91.171992,Mississippi,USA,Undrafted,Undrafted,Undrafted,64,6.7,2.2,1.0,4.0,0.024,0.14,0.215,0.563,0.11,2022-23,2022,Guard (proxy),10.4,3.1,1.3,0.5429999999999999,0.244,4.4,-3.7,0.02,,,,,0
Terence Morris,ORL,27.0,205.74,100.243832,Maryland,USA,2001,2,33,22,1.6,1.7,0.2,-0.8,0.038,0.212,0.138,0.348,0.034,2005-06,2005,Big (proxy),3.7,2.6,0.5,0.5,0.154,-4.3,-2.1,-0.152,,,,,0
Terrance Ferguson,PHI,23.0,198.12,86.18248,,USA,2017,1,21,13,0.2,0.1,0.2,-17.8,0.0,0.024,0.094,0.143,0.057,2020-21,2020,Wing (proxy),3.9,1.3,0.9,0.481,0.092,-4.0,-3.7,-0.3379999999999999,,,,,0
Terrel Harris,NOH,25.0,193.04,86.18248,Oklahoma State,USA,Undrafted,Undrafted,Undrafted,20,0.8,1.3,0.5,0.9,0.036,0.19,0.173,0.239,0.107,2012-13,2012,Guard (proxy),3.6,2.3,1.2,0.434,0.17,-8.3,-2.8,-0.195,,,,,0
Terrell Brandon,MIN,32.0,180.34,78.471416,Oregon,USA,1991,1,11,32,12.4,2.9,8.3,7.2,0.02,0.085,0.201,0.494,0.387,2001-02,2001,Guard (proxy),16.0,3.8,7.5,0.507,0.221,2.6,-3.6,-0.013,,,,,0
Terrence Jones,MIL,25.0,205.74,115.66596,Kentucky,USA,2012,1,18,54,10.8,5.7,1.1,-1.7,0.053,0.203,0.216,0.515,0.075,2016-17,2016,Big (proxy),8.7,4.2,0.8,0.519,0.195,-10.5,2.1000000000000014,-0.004,,,,,0
Terrence Ross,PHX,32.0,200.66,93.439952,Washington,USA,2012,1,8,63,8.3,2.4,1.5,-2.6,0.016,0.099,0.166,0.544,0.1009999999999999,2022-23,2022,Wing (proxy),10.0,2.6,1.8,0.515,0.196,-11.9,-1.6999999999999993,0.029,,,,,0
Terrence Williams,BOS,26.0,198.12,99.79024,Louisville,USA,2009,1,11,24,4.6,1.8,1.6,0.7,0.015,0.142,0.188,0.518,0.19,2012-13,2012,Wing (proxy),7.1,3.4,2.2,0.488,0.216,-8.1,-2.5,0.03,,,,,0
Terry Cummings,GSW,39.0,205.74,99.79024,DePaul,USA,1982,1,2,22,8.4,4.9,1.0,-7.6,0.108,0.1689999999999999,0.2289999999999999,0.474,0.094,1999-00,1999,Big (proxy),9.1,5.1,1.2,0.479,0.231,-4.6,-0.6999999999999993,-0.005,,,,,0
Terry Davis,DEN,34.0,208.28,122.46984,Virginia Union,USA,Undrafted,Undrafted,Undrafted,19,1.7,2.8,0.4,-8.5,0.102,0.174,0.074,0.476,0.05,2000-01,2000,Big (proxy),3.4,3.8,0.3,0.579,0.102,-1.4,-1.7,-0.1029999999999999,,,,,0
Terry Dehere,VAN,27.0,193.04,86.18248,Seton Hall,USA,1993,1,13,26,3.2,0.9,1.0,-12.6,0.027,0.067,0.165,0.471,0.171,1998-99,1998,Guard (proxy),6.4,1.4,2.5,0.494,0.1889999999999999,-7.2,-3.2,-0.023,,,,,0
Terry Mills,IND,33.0,208.28,104.32616,Michigan,USA,1990,1,16,14,1.8,1.5,0.4,-15.9,0.037,0.168,0.174,0.368,0.0819999999999999,2000-01,2000,Big (proxy),6.7,4.8,1.0,0.545,0.132,-0.1,-4.9,-0.177,,,,,0
Terry Porter,SAS,39.0,190.5,92.98636,Wisconsin-Stevens Point,USA,1985,1,24,72,5.5,2.3,2.8,14.0,0.011,0.125,0.156,0.5579999999999999,0.25,2001-02,2001,Guard (proxy),7.2,2.5,3.1,0.583,0.1669999999999999,13.3,-1.7000000000000002,-0.025,,,,,0
Terry Rozier,CHA,29.0,185.42,86.18248,Louisville,USA,2015,1,16,63,21.1,4.1,5.1,-6.2,0.021,0.095,0.262,0.517,0.22,2022-23,2022,Guard (proxy),19.3,4.3,4.5,0.5660000000000001,0.2269999999999999,1.4,1.8000000000000007,-0.049,,,,,0
Terry Taylor,CHI,23.0,193.04,104.32616,Austin Peay,USA,Undrafted,Undrafted,Undrafted,31,2.9,1.5,0.3,4.5,0.088,0.076,0.129,0.557,0.052,2022-23,2022,Guard (proxy),9.6,5.2,1.2,0.6559999999999999,0.151,-6.9,-6.699999999999999,-0.0989999999999998,,,,,0
Thabo Sefolosha,HOU,36.0,198.12,97.52228,,Switzerland,2006,1,13,41,2.2,2.3,0.6,3.9,0.043,0.152,0.1,0.487,0.074,2019-20,2019,Wing (proxy),3.8,2.5,0.5,0.599,0.129,8.8,-1.5999999999999996,-0.1119999999999999,,,,,0
Thaddeus Young,TOR,35.0,203.2,106.59412,Georgia Tech,USA,2007,1,12,54,4.4,3.1,1.4,-5.6,0.083,0.136,0.131,0.573,0.133,2022-23,2022,Wing (proxy),6.2,4.0,2.0,0.5479999999999999,0.1689999999999999,-0.2,-1.7999999999999998,0.025,,,,,0
Thanasis Antetokounmpo,MIL,30.0,200.66,99.336648,,Greece,2014,2,51,37,1.4,1.2,0.4,-26.6,0.075,0.139,0.138,0.4579999999999999,0.115,2022-23,2022,Wing (proxy),3.6,2.1,0.5,0.5770000000000001,0.155,-10.1,-2.2,-0.1190000000000001,,,,,0
Theo Maledon,CHA,22.0,195.58,79.3786,,France,2020,2,34,44,6.7,2.8,3.5,-8.9,0.016,0.128,0.166,0.515,0.247,2022-23,2022,Wing (proxy),7.1,2.6,2.2,0.5,0.201,-10.5,-0.3999999999999994,0.015,,,,,0
Theo Pinson,DAL,27.0,200.66,96.161504,North Carolina,USA,Undrafted,Undrafted,Undrafted,40,2.4,1.6,1.2,-7.6,0.0289999999999999,0.163,0.136,0.512,0.196,2022-23,2022,Wing (proxy),2.5,1.1,0.9,0.5529999999999999,0.138,-12.4,-0.1,-0.0409999999999999,,,,,0
Theo Ratliff,LAL,38.0,208.28,106.59412,Wyoming,USA,1995,1,18,10,0.2,1.3,0.3,-12.0,0.087,0.106,0.06,0.145,0.06,2010-11,2010,Big (proxy),3.6,3.2,0.5,0.511,0.13,0.1,-3.4,-0.366,,,,,0
Theron Smith,CHA,24.0,203.2,102.0582,Ball State,USA,Undrafted,Undrafted,Undrafted,33,3.2,3.5,0.8,-16.7,0.081,0.182,0.151,0.367,0.094,2004-05,2004,Wing (proxy),2.2,2.1,0.4,0.473,0.153,0.7,1.0,-0.1059999999999999,,,,,0
Thomas Bryant,DEN,25.0,208.28,112.490816,Indiana,USA,2017,2,42,59,9.8,5.7,0.5,-4.7,0.081,0.223,0.181,0.682,0.042,2022-23,2022,Big (proxy),7.4,4.0,0.9,0.607,0.188,-9.1,2.4000000000000004,0.075,,,,,0
Thomas Gardner,ATL,24.0,195.58,102.0582,Missouri,USA,Undrafted,Undrafted,Undrafted,16,1.5,0.4,0.1,7.7,0.0,0.073,0.191,0.318,0.042,2008-09,2008,Wing (proxy),,,,,,,,,,,,,0
Thomas Hamilton,HOU,25.0,218.44,149.68536,Pittsburgh,USA,Undrafted,Undrafted,Undrafted,22,3.7,4.1,0.7,-8.0,0.129,0.2739999999999999,0.187,0.46,0.087,1999-00,1999,Big (proxy),,,,,,,,,,,,,0
Thomas Robinson,LAL,26.0,208.28,107.501304,Kansas,USA,2012,1,5,48,5.0,4.6,0.6,-7.5,0.158,0.304,0.206,0.535,0.088,2016-17,2016,Big (proxy),4.3,5.1,0.6,0.4529999999999999,0.192,-13.9,0.7000000000000002,0.0820000000000001,,,,,0
Thomas Welsh,DEN,23.0,213.36,115.66596,UCLA,USA,2018,2,58,11,1.6,0.4,0.5,2.3,0.0,0.114,0.153,0.648,0.2,2018-19,2018,Big (proxy),,,,,,,,,,,,,0
Thon Maker,DET,23.0,213.36,100.243832,,South Sudan,2016,1,10,60,4.7,2.8,0.7,-8.0,0.069,0.152,0.16,0.5820000000000001,0.088,2019-20,2019,Big (proxy),5.0,3.2,0.7,0.53,0.148,0.9,-0.2999999999999998,0.052,,,,,0
Thurl Bailey,UTA,38.0,210.82,112.037224,North Carolina State,USA,1983,1,7,43,4.2,2.2,0.6,2.7,0.085,0.132,0.19,0.476,0.093,1998-99,1998,Big (proxy),,,,,,,,,,,,,0
Tiago Splitter,ATL,31.0,210.82,111.13004,,Brazil,2007,1,28,36,5.6,3.3,0.8,9.3,0.09,0.145,0.154,0.5710000000000001,0.077,2015-16,2015,Big (proxy),8.2,4.8,1.5,0.601,0.183,12.4,-2.6,-0.0299999999999999,,,,,0
Tibor Pleiss,UTA,26.0,220.98,116.119552,,Germany,2010,2,31,12,2.0,1.3,0.2,-6.0,0.095,0.134,0.1989999999999999,0.4639999999999999,0.043,2015-16,2015,Big (proxy),,,,,,,,,,,,,0
Tierre Brown,LAL,26.0,187.96,85.728888,McNeese State,USA,Undrafted,Undrafted,Undrafted,76,4.4,1.2,2.0,-5.1,0.023,0.079,0.2,0.437,0.248,2004-05,2004,Guard (proxy),4.3,2.0,2.6,0.499,0.2239999999999999,3.3,0.1000000000000005,-0.062,,,,,0
Tim Duncan,SAS,40.0,210.82,113.398,Wake Forest,US Virgin Islands,1997,1,1,61,8.6,7.3,2.7,13.7,0.087,0.2339999999999999,0.174,0.523,0.153,2015-16,2015,Big (proxy),13.9,9.1,3.0,0.56,0.223,7.0,-5.300000000000001,-0.037,,,,,0
Tim Frazier,CLE,31.0,182.88,77.11064,Penn State,USA,Undrafted,Undrafted,Undrafted,12,3.3,1.6,2.8,-17.5,0.024,0.066,0.1369999999999999,0.3979999999999999,0.254,2021-22,2021,Guard (proxy),3.6,1.2,3.4,0.4639999999999999,0.171,-6.9,-0.3000000000000002,-0.066,,,,,0
Tim Hardaway,IND,36.0,182.88,88.45044,Texas-El Paso,USA,1989,1,14,10,4.9,1.5,2.4,15.5,0.009,0.115,0.21,0.483,0.2789999999999999,2002-03,2002,Guard (proxy),9.6,1.8,4.1,0.492,0.217,-1.7,-4.699999999999999,-0.009,,,,,0
Tim Hardaway Jr.,DAL,31.0,195.58,92.98636,Michigan,USA,2013,1,24,71,14.4,3.5,1.8,3.4,0.01,0.108,0.201,0.5539999999999999,0.088,2022-23,2022,Wing (proxy),14.2,3.7,2.2,0.52,0.214,1.3,0.200000000000001,0.0339999999999999,,,,,0
Tim James,CHH,24.0,200.66,96.161504,Miami (FL),USA,1999,1,25,30,1.5,1.2,0.3,0.2,0.099,0.11,0.154,0.387,0.065,2000-01,2000,Wing (proxy),,,,,,,,,,,,,0
Tim Kempton,SAS,33.0,208.28,111.13004,Notre Dame,USA,1986,6,124,10,0.4,0.8,0.2,-6.2,0.051,0.088,0.099,0.34,0.061,1996-97,1996,Big (proxy),,,,,,,,,,,,,0
Tim Legler,GSW,33.0,193.04,90.7184,La Salle,USA,Undrafted,Undrafted,Undrafted,23,3.3,1.0,1.0,-16.6,0.013,0.077,0.1369999999999999,0.4479999999999999,0.134,1999-00,1999,Guard (proxy),4.0,1.3,0.7,0.506,0.154,-4.2,-0.7000000000000002,-0.0580000000000001,,,,,0
Tim Quarterman,POR,22.0,198.12,86.18248,Louisiana State,USA,Undrafted,Undrafted,Undrafted,16,1.9,0.9,0.7,0.0,0.053,0.119,0.236,0.511,0.2339999999999999,2016-17,2016,Wing (proxy),,,,,,,,,,,,,0
Tim Thomas,DAL,33.0,208.28,108.86208,Villanova,USA,1997,1,7,18,7.5,2.3,0.8,-2.3,0.052,0.123,0.211,0.579,0.076,2009-10,2009,Big (proxy),8.5,3.1,1.1,0.555,0.2,-0.8,-1.0,0.0239999999999999,,,,,0
Tim Young,GSW,24.0,218.44,122.46984,Stanford,USA,1999,2,56,25,2.2,1.4,0.2,-4.6,0.086,0.19,0.181,0.492,0.057,1999-00,1999,Big (proxy),,,,,,,,,,,,,0
Timofey Mozgov,BKN,31.0,215.9,124.7378,,Russia,Undrafted,Undrafted,Undrafted,31,4.2,3.2,0.4,-12.8,0.083,0.178,0.161,0.617,0.05,2017-18,2017,Big (proxy),7.4,4.9,0.8,0.5529999999999999,0.17,-9.2,-3.2,0.064,,,,,0
Timothe Luwawu-Cabarrot,ATL,27.0,200.66,97.52228,,France,2016,1,24,52,4.4,1.6,0.8,-3.5,0.024,0.094,0.135,0.556,0.08,2021-22,2021,Wing (proxy),6.4,2.2,1.2,0.493,0.165,-0.4,-2.0,0.063,,,,,0
Tobias Harris,PHI,30.0,200.66,102.511792,Tennessee,USA,2011,1,19,74,14.7,5.7,2.5,5.5,0.03,0.15,0.18,0.602,0.114,2022-23,2022,Wing (proxy),17.2,6.8,3.5,0.5660000000000001,0.214,3.2,-2.5,0.0359999999999999,,,,,0
Toby Bailey,PHX,24.0,198.12,96.615096,UCLA,USA,1998,2,45,46,3.5,1.6,0.7,3.5,0.063,0.1119999999999999,0.18,0.483,0.099,1999-00,1999,Wing (proxy),2.9,2.0,0.5,0.425,0.185,-7.3,0.6000000000000001,0.0579999999999999,,,,,0
Todd Day,MIN,31.0,198.12,85.275296,Arkansas,USA,1992,1,8,31,4.3,1.2,0.9,0.1,0.035,0.094,0.203,0.515,0.131,2000-01,2000,Wing (proxy),6.8,2.2,1.1,0.524,0.1969999999999999,9.5,-2.5,-0.009,,,,,0
Todd Fuller,MIA,26.0,210.82,115.66596,North Carolina State,USA,1996,1,11,10,2.8,1.8,0.1,-4.4,0.092,0.2,0.256,0.363,0.027,2000-01,2000,Big (proxy),3.3,2.7,0.1,0.461,0.184,-1.9,-0.5,-0.098,,,,,0
Todd MacCulloch,PHI,27.0,213.36,115.66596,Washington,Canada,1999,2,47,42,7.1,4.7,0.5,-4.4,0.094,0.185,0.172,0.5479999999999999,0.04,2002-03,2002,Big (proxy),9.7,6.1,1.3,0.562,0.175,6.3,-2.6,-0.0140000000000001,,,,,0
Tom Chambers,CHH,38.0,208.28,99.79024,Utah,USA,1981,1,8,12,1.6,1.2,0.3,-33.6,0.043,0.1689999999999999,0.236,0.29,0.077,1996-97,1996,Big (proxy),,,,,,,,,,,,,0
Tom Gugliotta,ATL,35.0,208.28,113.398,North Carolina State,USA,1992,1,6,47,5.1,4.1,1.4,-12.1,0.068,0.1689999999999999,0.151,0.46,0.115,2004-05,2004,Big (proxy),2.9,3.4,1.1,0.374,0.146,-7.9,2.2,0.086,,,,,0
Tom Hammonds,MIN,33.0,205.74,102.0582,Georgia Tech,USA,1989,1,9,56,2.1,1.8,0.2,-14.5,0.095,0.1889999999999999,0.166,0.481,0.044,1999-00,1999,Big (proxy),4.3,2.8,0.4,0.5,0.154,-1.2,-2.2,-0.019,,,,,0
Tomas Satoransky,WAS,30.0,200.66,95.25432,,Czech Republic,2012,2,32,55,3.6,2.3,3.3,-8.0,0.0289999999999999,0.11,0.124,0.461,0.285,2021-22,2021,Wing (proxy),7.7,2.4,4.7,0.614,0.15,-0.8,-4.1,-0.1529999999999999,,,,,0
Toney Douglas,MEM,31.0,187.96,88.45044,Florida State,USA,2009,1,29,24,4.9,2.5,2.3,-0.3,0.035,0.157,0.165,0.451,0.214,2016-17,2016,Guard (proxy),8.7,2.3,2.6,0.5429999999999999,0.192,-4.8,-3.799999999999999,-0.0919999999999999,,,,,0
Toni Kukoc,MIL,37.0,210.82,106.59412,,Croatia,1990,2,29,65,4.9,2.3,2.1,-4.3,0.0289999999999999,0.15,0.173,0.491,0.209,2005-06,2005,Big (proxy),5.6,3.0,3.0,0.523,0.145,-0.8,-0.6999999999999993,-0.032,,,,,0
Tony Allen,NOP,36.0,193.04,96.615096,Oklahoma State,USA,2004,1,25,22,4.7,2.1,0.4,-2.0,0.074,0.091,0.181,0.514,0.051,2017-18,2017,Guard (proxy),9.1,5.5,1.4,0.493,0.181,1.2,-4.4,0.021,,,,,0
Tony Battie,PHI,36.0,210.82,108.86208,Texas Tech,USA,1997,1,5,27,1.6,2.5,0.6,6.5,0.03,0.225,0.092,0.3979999999999999,0.08,2011-12,2011,Big (proxy),2.6,2.6,0.3,0.489,0.143,-4.9,-1.0,-0.091,,,,,0
Tony Bradley,CHI,25.0,210.82,112.490816,North Carolina,USA,2017,1,28,12,1.6,0.9,0.1,9.9,0.0289999999999999,0.278,0.174,0.69,0.042,2022-23,2022,Big (proxy),3.0,3.4,0.5,0.6,0.128,5.2,-1.4,0.0899999999999999,,,,,0
Tony Delk,DET,32.0,187.96,85.728888,Kentucky,USA,1996,1,16,24,7.6,2.2,1.4,-2.6,0.039,0.134,0.225,0.526,0.151,2005-06,2005,Guard (proxy),11.9,2.3,1.9,0.512,0.235,-8.0,-4.300000000000001,0.014,,,,,0
Tony Dumas,PHX,24.0,198.12,86.18248,Missouri-Kansas City,USA,1994,1,19,24,3.6,0.7,1.0,-4.1,0.012,0.055,0.1989999999999999,0.402,0.134,1996-97,1996,Wing (proxy),,,,,,,,,,,,,0
Tony Farmer,GSW,30.0,205.74,110.676448,Nebraska,USA,Undrafted,Undrafted,Undrafted,74,6.3,4.0,1.0,-4.6,0.1,0.176,0.177,0.542,0.094,1999-00,1999,Big (proxy),2.5,1.2,0.2,0.477,0.198,-6.4,3.8,0.065,,,,,0
Tony Massenburg,SAS,37.0,205.74,113.398,Maryland,USA,1990,2,43,61,3.2,2.7,0.2,-3.5,0.09,0.191,0.171,0.467,0.035,2004-05,2004,Big (proxy),4.3,3.2,0.5,0.509,0.171,-8.5,-1.0999999999999996,-0.0419999999999999,,,,,0
Tony Mitchell,DET,22.0,203.2,106.59412,North Texas,USA,2013,2,37,21,1.0,1.2,0.1,2.6,0.174,0.177,0.132,0.54,0.04,2013-14,2013,Wing (proxy),,,,,,,,,,,,,0
Tony Parker,CHA,37.0,187.96,83.91452,,France,2001,1,28,56,9.5,1.5,3.7,-0.1,0.013,0.067,0.247,0.512,0.331,2018-19,2018,Guard (proxy),7.7,1.7,3.5,0.498,0.201,-1.2,1.7999999999999998,0.014,,,,,0
Tony Smith,CHH,29.0,193.04,92.98636,Marquette,USA,1990,2,51,69,5.0,1.4,2.2,0.7,0.035,0.051,0.156,0.477,0.175,1996-97,1996,Guard (proxy),,,,,,,,,,,,,0
Tony Snell,NOP,30.0,198.12,96.615096,New Mexico,USA,2013,1,20,53,3.5,1.9,0.5,-7.8,0.018,0.107,0.099,0.541,0.047,2021-22,2021,Wing (proxy),5.3,2.4,1.3,0.708,0.084,2.2,-1.7999999999999998,-0.1669999999999999,,,,,0
Tony Wroten,PHI,22.0,198.12,92.98636,Washington,USA,2012,1,25,30,16.9,2.9,5.2,-12.7,0.027,0.085,0.303,0.494,0.3379999999999999,2014-15,2014,Wing (proxy),13.0,3.2,3.0,0.493,0.275,-12.1,3.899999999999999,0.001,,,,,0
Tornike Shengelia,CHI,22.0,205.74,99.79024,,Georgia,2012,2,54,26,1.1,0.6,0.5,-11.0,0.0289999999999999,0.094,0.127,0.46,0.141,2013-14,2013,Big (proxy),1.6,1.2,0.2,0.499,0.188,2.7,-0.5,-0.0389999999999999,,,,,0
Torraye Braggs,WAS,28.0,203.2,111.13004,Xavier,USA,1998,2,57,15,2.7,2.6,0.5,9.1,0.157,0.176,0.16,0.522,0.083,2003-04,2003,Wing (proxy),,,,,,,,,,,,,0
Torrey Craig,PHX,32.0,200.66,100.243832,South Carolina Upstate,USA,Undrafted,Undrafted,Undrafted,79,7.4,5.4,1.5,-3.7,0.073,0.146,0.128,0.5660000000000001,0.08,2022-23,2022,Wing (proxy),6.6,4.0,1.2,0.556,0.139,-5.0,0.8000000000000007,0.01,,,,,0
Toure' Murry,NYK,24.0,195.58,88.45044,Wichita State,USA,Undrafted,Undrafted,Undrafted,51,2.7,0.9,1.0,-1.3,0.04,0.091,0.218,0.479,0.215,2013-14,2013,Wing (proxy),,,,,,,,,,,,,0
Tracy McGrady,ATL,33.0,203.2,102.0582,,USA,1997,1,9,52,5.3,3.0,2.1,5.7,0.033,0.176,0.182,0.51,0.221,2011-12,2011,Wing (proxy),8.0,3.5,3.5,0.503,0.1889999999999999,-3.8,-2.7,0.007,,,,,0
Tracy Moore,HOU,31.0,193.04,90.7184,Tulsa,USA,Undrafted,Undrafted,Undrafted,27,3.7,1.0,0.7,-7.7,0.0559999999999999,0.068,0.208,0.502,0.147,1996-97,1996,Guard (proxy),,,,,,,,,,,,,0
Tracy Murray,LAL,31.0,200.66,103.418976,UCLA,USA,1992,1,18,31,2.0,0.7,0.4,-15.9,0.0289999999999999,0.114,0.1989999999999999,0.407,0.103,2002-03,2002,Wing (proxy),5.7,1.3,0.5,0.525,0.231,-7.8,-3.7,-0.118,,,,,0
Trae Young,ATL,24.0,185.42,74.389088,Oklahoma,USA,2018,1,5,73,26.2,3.0,10.2,1.3,0.021,0.062,0.313,0.573,0.414,2022-23,2022,Guard (proxy),28.4,3.7,9.7,0.603,0.3329999999999999,2.3,-2.1999999999999997,-0.03,,,,,0
Trajan Langdon,CLE,26.0,190.5,89.357624,Duke,USA,1999,1,11,44,4.8,1.3,1.4,-0.1,0.03,0.1,0.218,0.5329999999999999,0.221,2001-02,2001,Guard (proxy),6.0,1.4,1.2,0.561,0.161,-2.4,-1.2000000000000002,-0.0280000000000001,,,,,0
Travis Best,NJN,32.0,180.34,82.553744,Georgia Tech,USA,1995,1,23,76,6.8,1.4,1.9,-7.6,0.016,0.075,0.186,0.508,0.183,2004-05,2004,Guard (proxy),2.8,1.1,1.8,0.445,0.131,9.1,4.0,0.063,,,,,0
Travis Diener,IND,27.0,185.42,79.3786,Marquette,USA,2005,2,38,55,3.7,1.6,2.2,-0.7,0.01,0.122,0.127,0.555,0.242,2008-09,2008,Guard (proxy),6.9,1.7,3.8,0.494,0.165,-1.8,-3.2,0.061,,,,,0
Travis Hansen,ATL,26.0,198.12,92.98636,Brigham Young,USA,2003,2,37,41,3.0,1.7,0.5,-0.9,0.068,0.09,0.139,0.433,0.059,2003-04,2003,Wing (proxy),,,,,,,,,,,,,0
Travis Knight,NYK,28.0,213.36,106.59412,Connecticut,USA,1996,1,29,32,1.9,1.9,0.4,-3.4,0.069,0.18,0.127,0.424,0.08,2002-03,2002,Big (proxy),2.0,2.1,0.2,0.401,0.162,-10.5,-0.1,0.0229999999999999,,,,,0
Travis Leslie,LAC,22.0,193.04,92.98636,Georgia,USA,2011,2,47,10,1.4,0.9,0.5,-29.3,0.128,0.073,0.1939999999999999,0.39,0.2269999999999999,2011-12,2011,Guard (proxy),,,,,,,,,,,,,0
Travis Outlaw,SAC,29.0,205.74,93.893544,,USA,2003,1,23,63,5.4,2.7,0.8,-4.7,0.037,0.136,0.156,0.492,0.076,2013-14,2013,Big (proxy),5.3,1.6,0.6,0.5,0.217,-6.6,0.1000000000000005,-0.008,,,,,0
Travis Wear,LAL,27.0,208.28,102.0582,UCLA,USA,Undrafted,Undrafted,Undrafted,17,4.4,2.2,0.4,2.1,0.0,0.163,0.152,0.497,0.045,2017-18,2017,Big (proxy),3.9,2.1,0.8,0.451,0.179,-5.5,0.5000000000000004,0.0459999999999999,,,,,0
Travis Williams,CHH,29.0,200.66,113.398,South Carolina State,USA,Undrafted,Undrafted,Undrafted,39,3.5,2.4,0.5,-5.4,0.162,0.134,0.205,0.488,0.094,1997-98,1997,Wing (proxy),,,,,,,,,,,,,0
Tre Jones,SAS,23.0,185.42,83.91452,Duke,USA,2020,2,41,68,12.9,3.6,6.6,-7.8,0.026,0.099,0.1889999999999999,0.534,0.306,2022-23,2022,Guard (proxy),6.0,2.2,3.4,0.545,0.151,-0.5,6.9,-0.011,,,,,0
Tre Mann,OKC,22.0,190.5,80.73937600000001,Florida,USA,2021,1,18,67,7.7,2.3,1.8,1.0,0.021,0.104,0.2,0.492,0.144,2022-23,2022,Guard (proxy),10.4,2.9,1.5,0.501,0.213,-10.3,-2.7,-0.009,,,,,0
Tremaine Fowlkes,DET,28.0,198.12,96.161504,Fresno State,USA,1998,2,54,36,1.2,1.5,0.4,-6.0,0.085,0.154,0.131,0.3929999999999999,0.109,2003-04,2003,Wing (proxy),4.4,2.8,0.6,0.5329999999999999,0.1369999999999999,9.2,-3.2,-0.14,,,,,0
Tremont Waters,BOS,23.0,177.8,79.3786,Louisiana State,USA,2019,2,51,26,3.8,0.8,2.4,-2.0,0.021,0.062,0.204,0.541,0.38,2020-21,2020,Guard (proxy),3.6,1.1,1.5,0.381,0.2319999999999999,8.4,0.1999999999999997,0.16,,,,,0
Trendon Watford,POR,22.0,203.2,107.501304,Louisiana State,USA,Undrafted,Undrafted,Undrafted,62,7.4,3.8,2.1,-7.1,0.037,0.173,0.158,0.625,0.162,2022-23,2022,Wing (proxy),7.6,4.1,1.7,0.59,0.1689999999999999,-17.9,-0.1999999999999993,0.035,,,,,0
Trent Forrest,ATL,25.0,193.04,95.25432,Florida State,USA,Undrafted,Undrafted,Undrafted,23,2.3,1.6,1.7,-10.1,0.018,0.1169999999999999,0.1159999999999999,0.424,0.186,2022-23,2022,Guard (proxy),3.3,1.7,1.8,0.5539999999999999,0.124,4.5,-1.0,-0.1299999999999999,,,,,0
Trenton Hassell,NJN,31.0,195.58,102.965384,Austin Peay,USA,2001,2,29,52,4.5,2.9,1.0,-16.7,0.054,0.106,0.122,0.465,0.077,2009-10,2009,Wing (proxy),3.7,2.8,1.0,0.48,0.1,-8.2,0.7999999999999998,-0.0149999999999999,,,,,0
Trevelin Queen,HOU,25.0,198.12,86.18248,New Mexico State,USA,Undrafted,Undrafted,Undrafted,10,4.3,1.6,0.4,5.6,0.091,0.134,0.2189999999999999,0.619,0.074,2021-22,2021,Wing (proxy),,,,,,,,,,,,,0
Treveon Graham,ATL,26.0,195.58,99.336648,Va Commonwealth,USA,Undrafted,Undrafted,Undrafted,55,4.4,2.7,0.8,-6.2,0.05,0.099,0.13,0.456,0.069,2019-20,2019,Wing (proxy),5.3,3.1,1.0,0.4579999999999999,0.123,2.3,-0.8999999999999995,-0.0019999999999998,,,,,0
Trevor Ariza,LAL,37.0,203.2,97.52228,UCLA,USA,2004,2,43,24,4.0,3.4,1.1,-5.3,0.02,0.151,0.11,0.449,0.079,2021-22,2021,Wing (proxy),9.4,4.8,1.8,0.542,0.149,2.8,-5.4,-0.093,,,,,0
Trevor Booker,IND,30.0,203.2,103.418976,Clemson,USA,2010,1,23,68,6.3,4.7,1.2,-0.7,0.0969999999999999,0.172,0.159,0.557,0.106,2017-18,2017,Wing (proxy),10.0,8.0,1.9,0.5539999999999999,0.188,-7.9,-3.7,0.0030000000000001,,,,,0
Trey Burke,DAL,29.0,182.88,83.91452,Michigan,USA,2013,1,9,42,5.1,0.8,1.4,-0.5,0.009,0.064,0.25,0.475,0.2189999999999999,2021-22,2021,Guard (proxy),6.6,0.9,1.3,0.544,0.193,1.3,-1.5,-0.069,,,,,0
Trey Johnson,NOH,27.0,195.58,97.52228,Jackson State,USA,Undrafted,Undrafted,Undrafted,11,1.9,1.1,0.4,-6.7,0.061,0.1639999999999999,0.155,0.648,0.121,2011-12,2011,Wing (proxy),,,,,,,,,,,,,0
Trey Lyles,SAC,27.0,205.74,106.140528,Kentucky,Canada,2015,1,12,74,7.6,4.1,0.9,4.0,0.054,0.184,0.174,0.607,0.073,2022-23,2022,Big (proxy),10.5,5.1,1.2,0.588,0.205,-7.2,-2.9000000000000004,0.019,,,,,0
Trey Murphy III,NOP,23.0,203.2,93.439952,Virginia,USA,2021,1,17,79,14.5,3.6,1.4,0.5,0.025,0.092,0.159,0.65,0.063,2022-23,2022,Wing (proxy),5.4,2.4,0.6,0.5579999999999999,0.147,0.3,9.1,0.092,,,,,0
Trey Thompkins,LAC,22.0,208.28,111.13004,Georgia,USA,2011,2,37,24,2.4,1.0,0.1,-28.3,0.038,0.206,0.261,0.445,0.05,2011-12,2011,Big (proxy),,,,,,,,,,,,,0
Tristan Thompson,CHI,31.0,205.74,115.212368,Texas-Austin,Canada,2011,1,4,57,6.0,5.1,0.6,-3.6,0.125,0.196,0.168,0.541,0.054,2021-22,2021,Big (proxy),7.6,8.1,1.2,0.54,0.144,1.0,-1.5999999999999996,0.001,,,,,0
Troy Brown Jr.,LAL,23.0,200.66,97.52228,Oregon,USA,2018,1,15,76,7.1,4.1,1.3,-0.5,0.033,0.123,0.119,0.561,0.067,2022-23,2022,Wing (proxy),4.3,3.1,1.0,0.525,0.118,-2.3,2.8,0.036,,,,,0
Troy Daniels,DEN,28.0,193.04,90.7184,Virginia Commonwealth,USA,Undrafted,Undrafted,Undrafted,47,4.3,1.1,0.4,0.4,0.02,0.068,0.155,0.518,0.047,2019-20,2019,Guard (proxy),6.2,1.4,0.5,0.5579999999999999,0.171,-6.4,-1.9000000000000004,-0.0399999999999999,,,,,0
Troy Hudson,MIN,31.0,185.42,80.73937600000001,Southern Illinois,USA,Undrafted,Undrafted,Undrafted,34,5.9,1.4,2.1,-6.9,0.018,0.088,0.209,0.483,0.2269999999999999,2006-07,2006,Guard (proxy),9.5,1.2,2.9,0.48,0.236,-2.2,-3.6,0.003,,,,,0
Troy Murphy,DAL,33.0,210.82,111.13004,Notre Dame,USA,2001,1,14,14,4.6,3.5,0.5,-5.5,0.031,0.179,0.132,0.494,0.045,2012-13,2012,Big (proxy),3.2,3.2,0.9,0.537,0.1,0.1,1.3999999999999997,-0.043,,,,,0
Troy Williams,SAC,24.0,200.66,98.883056,Indiana,USA,Undrafted,Undrafted,Undrafted,21,5.3,2.8,0.5,-9.5,0.034,0.144,0.144,0.531,0.051,2018-19,2018,Wing (proxy),6.3,3.0,0.8,0.544,0.192,-3.9,-1.0,-0.013,,,,,0
Ty Jerome,GSW,25.0,195.58,88.45044,Virginia,USA,2019,1,24,45,6.9,1.7,3.0,-5.6,0.009,0.091,0.147,0.594,0.233,2022-23,2022,Wing (proxy),7.1,1.6,2.3,0.488,0.205,-1.5,-0.1999999999999993,0.1059999999999999,,,,,0
Ty Lawson,SAC,29.0,180.34,88.45044,North Carolina,USA,2009,1,18,69,9.9,2.6,4.8,-4.2,0.0289999999999999,0.087,0.193,0.551,0.3,2016-17,2016,Guard (proxy),5.7,1.8,3.6,0.476,0.147,-6.2,4.2,0.075,,,,,0
Ty-Shon Alexander,PHX,22.0,190.5,88.45044,Creighton,USA,Undrafted,Undrafted,Undrafted,15,0.6,0.7,0.4,-6.0,0.038,0.157,0.143,0.349,0.2,2020-21,2020,Guard (proxy),,,,,,,,,,,,,0
TyTy Washington Jr.,HOU,21.0,190.5,88.45044,Kentucky,USA,2022,1,29,31,4.7,1.5,1.5,-6.1,0.004,0.099,0.17,0.432,0.152,2022-23,2022,Guard (proxy),,,,,,,,,,,,,0
Tyler Bey,DAL,23.0,200.66,97.52228,Colorado,USA,2020,2,36,18,1.0,1.1,0.2,-27.0,0.09,0.177,0.143,0.372,0.063,2020-21,2020,Wing (proxy),,,,,,,,,,,,,0
Tyler Cavanaugh,UTA,25.0,205.74,107.954896,George Washington,USA,Undrafted,Undrafted,Undrafted,11,0.8,0.7,0.1,-40.7,0.065,0.128,0.118,0.414,0.043,2018-19,2018,Big (proxy),4.7,3.3,0.7,0.5670000000000001,0.139,-2.1,-3.9,-0.153,,,,,0
Tyler Cook,CHI,24.0,203.2,115.66596,Iowa,USA,Undrafted,Undrafted,Undrafted,20,3.4,2.7,0.2,-7.5,0.08,0.2,0.127,0.643,0.021,2021-22,2021,Wing (proxy),4.9,3.0,0.5,0.659,0.136,-4.2,-1.5000000000000004,-0.016,,,,,0
Tyler Dorsey,MEM,23.0,195.58,83.007336,Oregon,USA,2017,2,41,48,6.2,2.4,1.2,-2.0,0.036,0.118,0.182,0.509,0.118,2018-19,2018,Wing (proxy),7.2,2.3,1.4,0.494,0.193,-7.1,-1.0,0.015,,,,,0
Tyler Ennis,LAL,23.0,190.5,87.996848,Syracuse,Canada,2014,1,18,54,4.1,1.8,1.9,-1.7,0.026,0.1009999999999999,0.1689999999999999,0.473,0.2339999999999999,2017-18,2017,Guard (proxy),4.3,0.8,1.6,0.521,0.1939999999999999,-0.2,-0.2000000000000001,-0.048,,,,,0
Tyler Hansbrough,CHA,30.0,205.74,113.398,North Carolina,USA,2009,1,13,44,2.4,2.0,0.2,-1.2,0.119,0.174,0.146,0.522,0.038,2015-16,2015,Big (proxy),3.6,3.6,0.3,0.597,0.107,10.5,-1.2000000000000002,-0.0749999999999999,,,,,0
Tyler Herro,MIA,23.0,195.58,88.45044,Kentucky,USA,2019,1,13,67,20.1,5.4,4.2,2.7,0.012,0.154,0.25,0.5660000000000001,0.19,2022-23,2022,Wing (proxy),20.7,5.0,4.0,0.561,0.278,5.3,-0.5999999999999979,0.005,,,,,0
Tyler Honeycutt,SAC,21.0,203.2,85.275296,UCLA,USA,2011,2,35,15,1.3,0.9,0.5,-5.9,0.038,0.145,0.135,0.382,0.106,2011-12,2011,Wing (proxy),,,,,,,,,,,,,0
Tyler Johnson,BKN,29.0,190.5,84.368112,Fresno State,USA,Undrafted,Undrafted,Undrafted,39,5.4,2.0,1.2,3.3,0.009,0.096,0.132,0.546,0.091,2020-21,2020,Guard (proxy),7.0,1.9,1.9,0.504,0.177,-5.7,-1.5999999999999996,0.042,,,,,0
Tyler Lydon,DEN,23.0,208.28,102.0582,Syracuse,USA,2017,1,24,25,0.9,0.7,0.2,-8.3,0.062,0.133,0.0969999999999999,0.595,0.087,2018-19,2018,Big (proxy),,,,,,,,,,,,,0
Tyler Ulis,PHX,22.0,177.8,72.57472,Kentucky,USA,2016,2,34,71,7.8,1.8,4.4,-8.6,0.0139999999999999,0.061,0.184,0.465,0.282,2017-18,2017,Guard (proxy),7.3,1.6,3.7,0.474,0.2019999999999999,-6.5,0.5,-0.0089999999999999,,,,,0
Tyler Zeller,MIL,28.0,213.36,113.398,North Carolina,USA,2012,1,17,66,6.7,4.6,0.7,0.8,0.094,0.168,0.157,0.598,0.063,2017-18,2017,Big (proxy),3.5,2.4,0.8,0.508,0.1639999999999999,0.2,3.2,0.0899999999999999,,,,,0
Tyreke Evans,IND,29.0,198.12,99.79024,Memphis,USA,2009,1,4,69,10.2,2.9,2.4,1.9,0.023,0.114,0.255,0.483,0.176,2018-19,2018,Wing (proxy),19.4,5.1,5.2,0.561,0.2769999999999999,0.1,-9.2,-0.078,,,,,0
Tyrell Terry,DAL,20.0,187.96,72.57472,Stanford,USA,2020,2,31,11,1.0,0.5,0.5,0.0,0.0,0.118,0.135,0.318,0.158,2020-21,2020,Guard (proxy),,,,,,,,,,,,,0
Tyrese Haliburton,IND,23.0,195.58,83.91452,Iowa State,USA,2020,1,12,56,20.7,3.7,10.4,-1.0,0.018,0.092,0.238,0.624,0.457,2022-23,2022,Wing (proxy),15.3,4.0,8.2,0.595,0.184,-6.0,5.399999999999999,0.029,,,,,0
Tyrese Martin,ATL,24.0,198.12,97.52228,Connecticut,USA,2022,2,51,16,1.3,0.8,0.1,2.3,0.065,0.109,0.1639999999999999,0.44,0.044,2022-23,2022,Wing (proxy),,,,,,,,,,,,,0
Tyrese Maxey,PHI,22.0,187.96,90.7184,Kentucky,USA,2020,1,21,60,20.3,2.9,3.5,5.4,0.012,0.079,0.236,0.605,0.1669999999999999,2022-23,2022,Guard (proxy),17.5,3.2,4.3,0.594,0.1989999999999999,3.6,2.8000000000000007,0.011,,,,,0
Tyrone Corbin,TOR,38.0,198.12,95.25432,DePaul,USA,1985,2,35,15,1.3,0.9,0.3,-19.0,0.027,0.104,0.16,0.252,0.059,2000-01,2000,Wing (proxy),4.1,3.1,1.1,0.415,0.13,0.6,-2.8,-0.1629999999999999,,,,,0
Tyrone Hill,PHI,35.0,205.74,113.398,Xavier,USA,1990,1,11,56,5.6,7.0,0.7,-7.3,0.102,0.24,0.133,0.457,0.049,2002-03,2002,Big (proxy),8.0,10.5,0.9,0.46,0.153,-1.5,-2.4000000000000004,-0.003,,,,,0
Tyrone Nesby,WAS,26.0,198.12,111.13004,Nevada-Las Vegas,USA,Undrafted,Undrafted,Undrafted,70,6.3,4.5,1.3,-0.5,0.079,0.171,0.157,0.481,0.099,2001-02,2001,Wing (proxy),8.3,2.8,1.2,0.444,0.184,-6.5,-2.000000000000001,0.0369999999999999,,,,,0
Tyrone Wallace,ATL,26.0,195.58,89.811216,California,USA,2016,2,60,14,2.9,1.6,0.9,-8.3,0.016,0.123,0.154,0.389,0.123,2019-20,2019,Wing (proxy),3.5,1.6,0.7,0.45,0.174,3.7,-0.6000000000000001,-0.061,,,,,0
Tyronn Lue,ORL,32.0,182.88,79.3786,Nebraska,USA,1998,1,23,44,4.2,1.0,1.4,-1.8,0.012,0.087,0.1689999999999999,0.537,0.206,2008-09,2008,Guard (proxy),5.8,1.1,1.5,0.5429999999999999,0.19,0.1,-1.5999999999999996,-0.0059999999999998,,,,,0
Tyrus Thomas,CHA,26.0,208.28,102.0582,Louisiana State,USA,2006,1,4,26,4.8,2.3,0.7,-12.1,0.048,0.143,0.213,0.418,0.094,2012-13,2012,Big (proxy),5.6,3.7,0.6,0.418,0.19,-15.7,-0.7999999999999998,0.0,,,,,0
Tyshawn Taylor,BKN,24.0,190.5,83.91452,Kansas,USA,2012,2,41,23,3.9,0.7,1.6,-23.9,0.012,0.054,0.231,0.427,0.242,2013-14,2013,Guard (proxy),2.2,0.5,0.6,0.43,0.262,-12.1,1.6999999999999995,-0.003,,,,,0
Tyson Chandler,HOU,37.0,213.36,106.59412,,USA,2001,1,2,26,1.3,2.5,0.2,5.7,0.0969999999999999,0.172,0.057,0.7170000000000001,0.037,2019-20,2019,Big (proxy),3.1,5.6,0.7,0.63,0.084,-1.9,-1.8,0.087,,,,,0
Tyus Edney,IND,28.0,177.8,75.296272,UCLA,USA,1995,2,47,24,4.4,1.0,2.3,-8.1,0.021,0.0819999999999999,0.225,0.49,0.3779999999999999,2000-01,2000,Guard (proxy),5.3,1.1,2.7,0.523,0.217,0.2,-0.8999999999999995,-0.033,,,,,0
Tyus Jones,MEM,27.0,187.96,88.904032,Duke,USA,2015,1,24,80,10.3,2.5,5.2,2.0,0.0139999999999999,0.084,0.175,0.546,0.286,2022-23,2022,Guard (proxy),8.7,2.4,4.4,0.544,0.1639999999999999,7.6,1.6000000000000014,0.002,,,,,0
Udoka Azubuike,UTA,23.0,210.82,122.46984,Kansas,Nigeria,2020,1,27,36,3.5,3.3,0.3,-11.7,0.0819999999999999,0.2239999999999999,0.113,0.774,0.043,2022-23,2022,Big (proxy),4.7,4.2,0.0,0.743,0.143,2.0,-1.2000000000000002,0.031,,,,,0
Udonis Haslem,MIA,42.0,203.2,106.59412,Florida,USA,Undrafted,Undrafted,Undrafted,13,2.5,1.9,0.3,-9.5,0.043,0.239,0.183,0.495,0.077,2021-22,2021,Wing (proxy),2.5,2.7,0.2,0.36,0.196,-21.3,0.0,0.135,,,,,0
Uros Slokar,TOR,24.0,208.28,107.954896,,USA,2005,2,58,20,1.9,0.7,0.1,-28.7,0.092,0.13,0.237,0.599,0.036,2006-07,2006,Big (proxy),,,,,,,,,,,,,0
Usman Garuba,HOU,21.0,203.2,103.872568,,Spain,2021,1,23,75,3.0,4.1,0.9,-12.2,0.11,0.1939999999999999,0.099,0.569,0.096,2022-23,2022,Wing (proxy),2.0,3.5,0.7,0.51,0.091,7.0,1.0,0.0589999999999999,,,,,0
Vassilis Spanoulis,HOU,24.0,193.04,88.45044,,USA,2004,2,50,31,2.7,0.7,0.9,-4.1,0.021,0.071,0.208,0.47,0.207,2006-07,2006,Guard (proxy),,,,,,,,,,,,,0
Vernon Carey Jr.,UTA,22.0,208.28,122.46984,Duke,USA,2020,2,32,11,0.5,1.0,0.3,-17.3,0.081,0.296,0.147,0.3379999999999999,0.214,2022-23,2022,Big (proxy),2.4,1.4,0.1,0.563,0.178,-3.2,-1.9,-0.225,,,,,0
Vernon Macklin,DET,25.0,208.28,102.965384,Florida,USA,2011,2,52,23,2.0,1.5,0.2,-2.2,0.104,0.1669999999999999,0.143,0.5589999999999999,0.057,2011-12,2011,Big (proxy),,,,,,,,,,,,,0
Vernon Maxwell,DAL,35.0,193.04,86.18248,Florida,USA,1988,2,47,43,4.7,1.5,1.1,0.1,0.0069999999999999,0.1,0.187,0.424,0.12,2000-01,2000,Guard (proxy),10.9,1.7,1.6,0.462,0.27,-3.7,-6.2,-0.038,,,,,0
Viacheslav Kravtsov,PHX,26.0,210.82,115.212368,,Ukraine,Undrafted,Undrafted,Undrafted,20,1.0,0.9,0.1,-31.9,0.15,0.174,0.18,0.54,0.034,2013-14,2013,Big (proxy),3.1,1.8,0.4,0.618,0.153,-6.2,-2.1,-0.0779999999999999,,,,,0
Victor Alexander,DET,32.0,208.28,120.20188,Iowa State,USA,1991,1,17,14,2.9,2.1,0.4,5.1,0.075,0.237,0.28,0.367,0.105,2001-02,2001,Big (proxy),,,,,,,,,,,,,0
Victor Claver,POR,26.0,205.74,101.604608,,Spain,2009,1,22,10,2.4,2.0,0.1,15.3,0.043,0.25,0.15,0.6,0.019,2014-15,2014,Big (proxy),2.2,1.9,0.6,0.502,0.147,9.1,0.1999999999999997,0.0979999999999999,,,,,0
Victor Oladipo,MIA,31.0,190.5,96.615096,Indiana,USA,2013,1,2,42,10.7,3.0,3.5,-1.5,0.0139999999999999,0.109,0.204,0.513,0.206,2022-23,2022,Guard (proxy),19.8,4.8,4.6,0.512,0.286,-2.3,-9.1,0.001,,,,,0
Viktor Khryapa,CHI,24.0,205.74,98.883056,,Russia,2004,1,22,33,2.2,1.7,0.6,-2.1,0.103,0.2,0.185,0.4479999999999999,0.145,2006-07,2006,Big (proxy),5.8,4.4,1.3,0.516,0.151,-11.1,-3.6,-0.0680000000000001,,,,,0
Vin Baker,HOU,33.0,210.82,108.86208,Hartford,USA,1993,1,8,27,1.3,1.4,0.4,-19.2,0.093,0.129,0.144,0.354,0.079,2004-05,2004,Big (proxy),9.8,5.2,1.2,0.53,0.204,-1.7,-8.5,-0.176,,,,,0
Vince Carter,ATL,43.0,198.12,99.79024,North Carolina,USA,1998,1,5,60,5.0,2.1,0.8,-8.1,0.019,0.114,0.163,0.47,0.081,2019-20,2019,Wing (proxy),7.4,2.6,1.1,0.565,0.1639999999999999,-6.3,-2.4000000000000004,-0.0949999999999999,,,,,0
Vince Williams Jr.,MEM,22.0,193.04,92.98636,Virginia Commonwealth,USA,2022,2,47,15,2.0,1.0,0.3,-14.8,0.03,0.12,0.176,0.367,0.062,2022-23,2022,Guard (proxy),,,,,,,,,,,,,0
Vincent Askew,POR,32.0,198.12,95.25432,Memphis,USA,1987,2,39,30,2.2,2.3,1.3,0.0,0.0579999999999999,0.118,0.106,0.4639999999999999,0.134,1997-98,1997,Wing (proxy),5.6,2.3,2.1,0.532,0.152,0.0,-3.3999999999999995,-0.0680000000000001,,,,,0
Vincent Poirier,PHI,27.0,213.36,106.59412,,France,Undrafted,Undrafted,Undrafted,10,0.8,1.4,0.2,-19.4,0.13,0.222,0.1939999999999999,0.273,0.08,2020-21,2020,Big (proxy),1.9,2.0,0.4,0.525,0.141,-6.5,-1.1,-0.252,,,,,0
Vincent Yarbrough,DEN,22.0,200.66,95.25432,Tennessee,USA,2002,2,32,59,6.9,2.7,2.2,-7.6,0.0289999999999999,0.115,0.174,0.446,0.16,2002-03,2002,Wing (proxy),,,,,,,,,,,,,0
Vinny Del Negro,PHX,34.0,193.04,90.7184,North Carolina State,USA,1988,2,29,65,3.9,1.3,1.9,-2.1,0.0139999999999999,0.091,0.1369999999999999,0.501,0.213,2000-01,2000,Guard (proxy),5.2,1.6,2.4,0.51,0.146,-6.8,-1.3000000000000005,-0.009,,,,,0
Vit Krejci,ATL,23.0,203.2,88.45044,,Czech Republic,2020,2,37,29,1.2,0.9,0.6,-1.8,0.036,0.125,0.108,0.475,0.1369999999999999,2022-23,2022,Wing (proxy),6.2,3.4,1.9,0.529,0.125,-12.8,-5.0,-0.054,,,,,0
Vitaly Potapenko,SAC,31.0,208.28,129.27372,Wright State,Ukraine,1996,1,12,33,2.5,1.9,0.3,-9.0,0.089,0.152,0.125,0.535,0.0409999999999999,2005-06,2005,Big (proxy),3.5,2.4,0.3,0.581,0.157,-4.1,-1.0,-0.0459999999999999,,,,,0
Vitor Faverani,BOS,26.0,210.82,117.93392,,Brazil,Undrafted,Undrafted,Undrafted,37,4.4,3.5,0.4,-9.4,0.0969999999999999,0.195,0.191,0.502,0.059,2013-14,2013,Big (proxy),,,,,,,,,,,,,0
Vlade Divac,LAL,37.0,215.9,117.93392,,Serbia and Montenegro,1989,1,26,15,2.3,2.1,1.3,-14.2,0.142,0.133,0.165,0.469,0.247,2004-05,2004,Big (proxy),9.9,5.7,5.3,0.511,0.188,7.1,-7.6,-0.042,,,,,0
Vladimir Radmanovic,CHI,32.0,208.28,106.59412,,Serbia,2001,1,12,25,1.3,1.1,0.3,-11.7,0.072,0.155,0.1669999999999999,0.372,0.099,2012-13,2012,Big (proxy),4.5,2.9,1.1,0.524,0.151,2.9,-3.2,-0.152,,,,,0
Vladimir Stepania,POR,28.0,215.9,115.66596,,Georgia,1998,1,27,42,2.6,3.0,0.5,5.2,0.128,0.1989999999999999,0.142,0.4539999999999999,0.0819999999999999,2003-04,2003,Big (proxy),5.6,7.0,0.3,0.4539999999999999,0.1639999999999999,-6.3,-3.0,0.0,,,,,0
Vlatko Cancar,DEN,26.0,203.2,107.047712,,Slovenia,2017,2,49,60,5.0,2.1,1.3,-3.9,0.027,0.119,0.134,0.606,0.125,2022-23,2022,Wing (proxy),4.1,2.1,1.1,0.657,0.131,0.8,0.9000000000000004,-0.051,,,,,0
Von Wafer,ORL,26.0,195.58,94.800728,Florida State,USA,2005,2,39,33,5.9,1.4,0.9,-5.5,0.015,0.102,0.221,0.537,0.122,2011-12,2011,Wing (proxy),3.2,0.8,0.6,0.524,0.166,1.6,2.7,0.013,,,,,0
Vonteego Cummings,PHI,26.0,190.5,86.18248,Pittsburgh,USA,1999,1,26,58,3.3,0.9,1.0,-12.4,0.031,0.092,0.215,0.477,0.23,2001-02,2001,Guard (proxy),7.3,2.1,3.4,0.425,0.183,-14.9,-4.0,0.0519999999999999,,,,,0
Voshon Lenard,POR,33.0,193.04,97.52228,Minnesota,USA,1994,2,46,26,7.3,1.8,1.6,-6.1,0.013,0.113,0.2319999999999999,0.467,0.155,2005-06,2005,Guard (proxy),14.2,2.7,2.1,0.512,0.218,1.0,-6.9,-0.0449999999999999,,,,,0
Wade Baldwin IV,POR,23.0,193.04,90.7184,Vanderbilt,USA,2016,1,17,16,1.9,0.9,0.8,-36.8,0.018,0.123,0.2269999999999999,0.396,0.24,2018-19,2018,Guard (proxy),3.2,1.4,1.8,0.4039999999999999,0.191,-16.9,-1.3000000000000005,-0.0079999999999998,,,,,0
Walker Kessler,UTA,21.0,213.36,111.13004,Auburn,USA,2022,1,22,74,9.2,8.4,0.9,3.0,0.133,0.205,0.13,0.7020000000000001,0.057,2022-23,2022,Big (proxy),,,,,,,,,,,,,0
Walker Russell,DET,29.0,182.88,77.11064,Jacksonville State,USA,1982,4,78,28,3.0,0.9,2.1,-10.5,0.022,0.064,0.175,0.401,0.271,2011-12,2011,Guard (proxy),,,,,,,,,,,,,0
Wally Szczerbiak,CLE,32.0,200.66,108.86208,Miami (OH),USA,1999,1,6,74,7.0,3.1,1.1,5.5,0.035,0.143,0.155,0.581,0.086,2008-09,2008,Wing (proxy),11.5,2.9,1.4,0.539,0.222,-1.1,-4.5,0.0419999999999999,,,,,0
Walt Williams,DAL,33.0,203.2,104.32616,Maryland,USA,1992,1,7,66,5.5,3.1,0.9,4.1,0.049,0.144,0.155,0.5,0.077,2002-03,2002,Wing (proxy),9.4,3.4,1.4,0.5379999999999999,0.195,-4.1,-3.9,-0.0379999999999999,,,,,0
Walter Herrmann,DET,30.0,205.74,102.0582,,USA,Undrafted,Undrafted,Undrafted,59,3.8,1.8,0.4,1.1,0.048,0.152,0.17,0.514,0.055,2008-09,2008,Big (proxy),3.4,1.6,0.4,0.494,0.2,-0.6,0.3999999999999999,0.02,,,,,0
Walter McCarty,LAC,32.0,208.28,111.13004,Kentucky,USA,1996,1,19,36,2.4,1.9,0.6,0.0,0.049,0.175,0.168,0.407,0.1119999999999999,2005-06,2005,Big (proxy),3.6,1.9,0.5,0.525,0.143,-0.3,-1.2000000000000002,-0.118,,,,,0
Wang Zhi-zhi,MIA,27.0,215.9,128.820128,,China,1999,2,36,20,2.2,0.9,0.3,-2.9,0.075,0.135,0.241,0.521,0.1,2004-05,2004,Big (proxy),2.9,1.1,0.1,0.466,0.24,6.8,-0.6999999999999997,0.0549999999999999,,,,,0
Wayman Tisdale,PHX,33.0,205.74,117.93392,Oklahoma,USA,1985,1,2,53,6.5,2.3,0.4,-3.5,0.052,0.127,0.253,0.441,0.045,1996-97,1996,Big (proxy),,,,,,,,,,,,,0
Wayne Ellington,LAL,34.0,193.04,93.893544,North Carolina,USA,2009,1,28,43,6.7,1.8,0.7,-3.8,0.012,0.078,0.135,0.593,0.055,2021-22,2021,Guard (proxy),9.6,1.8,1.5,0.625,0.162,-4.3,-2.8999999999999995,-0.032,,,,,0
Wayne Selden,CHI,24.0,195.58,104.32616,Kansas,USA,Undrafted,Undrafted,Undrafted,75,6.9,2.4,1.5,-9.6,0.024,0.098,0.178,0.491,0.1119999999999999,2018-19,2018,Wing (proxy),9.3,1.6,1.9,0.551,0.212,-8.4,-2.4000000000000004,-0.06,,,,,0
Wayne Simien,MIA,23.0,205.74,113.398,Kansas,USA,2005,1,29,43,3.4,2.0,0.2,-3.6,0.106,0.136,0.177,0.541,0.031,2005-06,2005,Big (proxy),,,,,,,,,,,,,0
Wendell Carter Jr.,ORL,24.0,208.28,122.46984,Duke,USA,2018,1,7,57,15.2,8.7,2.3,-0.8,0.074,0.221,0.204,0.621,0.119,2022-23,2022,Big (proxy),15.0,10.5,2.8,0.601,0.206,-3.7,0.1999999999999993,0.02,,,,,0
Wendell Moore Jr.,MIN,21.0,195.58,97.52228,Duke,USA,2022,1,26,29,1.4,0.6,0.6,-13.5,0.025,0.086,0.139,0.465,0.162,2022-23,2022,Wing (proxy),,,,,,,,,,,,,0
Wenyen Gabriel,LAL,26.0,205.74,92.98636,Kentucky,South Sudan,Undrafted,Undrafted,Undrafted,68,5.5,4.2,0.5,-0.2,0.111,0.152,0.135,0.626,0.049,2022-23,2022,Big (proxy),5.4,3.7,0.5,0.5489999999999999,0.165,6.7,0.0999999999999996,0.077,,,,,0
Wes Iwundu,NOP,26.0,198.12,88.45044,Kansas State,USA,2017,2,33,41,2.4,2.2,0.4,-6.6,0.025,0.13,0.103,0.428,0.045,2020-21,2020,Wing (proxy),5.8,2.5,1.2,0.544,0.134,-0.5,-3.4,-0.116,,,,,0
Wesley Johnson,WAS,31.0,200.66,97.52228,Syracuse,USA,2010,1,4,38,3.4,1.9,0.6,-7.3,0.02,0.104,0.115,0.469,0.054,2018-19,2018,Wing (proxy),5.4,2.9,0.8,0.512,0.126,-1.4,-2.0000000000000004,-0.043,,,,,0
Wesley Matthews,MIL,36.0,195.58,99.79024,Marquette,USA,Undrafted,Undrafted,Undrafted,52,3.4,2.2,0.7,2.8,0.04,0.087,0.095,0.519,0.053,2022-23,2022,Wing (proxy),5.1,1.9,0.7,0.536,0.104,6.7,-1.6999999999999995,-0.017,,,,,0
Wesley Person,DEN,34.0,198.12,90.7184,Auburn,USA,1994,1,23,41,6.4,2.0,1.0,0.6,0.005,0.135,0.166,0.57,0.094,2004-05,2004,Wing (proxy),5.8,2.0,1.1,0.51,0.165,-8.0,0.6000000000000005,0.0599999999999999,,,,,0
Will Barton,TOR,32.0,195.58,82.10015200000001,Memphis,USA,2012,2,40,56,6.8,2.4,2.0,-8.4,0.0139999999999999,0.125,0.182,0.493,0.162,2022-23,2022,Wing (proxy),14.7,4.8,3.9,0.5479999999999999,0.205,2.0,-7.899999999999999,-0.0549999999999999,,,,,0
Will Blalock,DET,23.0,182.88,92.98636,Iowa State,USA,2006,2,60,14,1.8,1.1,1.2,-6.7,0.038,0.066,0.12,0.3829999999999999,0.193,2006-07,2006,Guard (proxy),,,,,,,,,,,,,0
Will Bynum,DET,31.0,182.88,83.91452,Georgia Tech,USA,Undrafted,Undrafted,Undrafted,56,8.7,1.8,3.9,-5.7,0.024,0.0819999999999999,0.238,0.502,0.327,2013-14,2013,Guard (proxy),9.8,1.5,3.6,0.532,0.267,-6.6,-1.1000000000000014,-0.03,,,,,0
Will Perdue,POR,35.0,213.36,108.86208,Vanderbilt,USA,1988,1,11,13,1.1,1.4,0.2,3.7,0.14,0.293,0.085,0.6509999999999999,0.053,2000-01,2000,Big (proxy),2.5,3.9,0.9,0.392,0.132,-12.8,-1.4,0.2589999999999999,,,,,0
Will Solomon,SAC,30.0,185.42,83.91452,Clemson,USA,2001,2,32,53,5.0,1.2,2.5,-7.3,0.021,0.091,0.208,0.506,0.32,2008-09,2008,Guard (proxy),5.2,1.1,1.5,0.442,0.215,-6.8,-0.2000000000000001,0.064,,,,,0
William Avery,MIN,22.0,187.96,89.357624,Duke,USA,1999,1,14,28,2.5,0.9,1.3,-1.9,0.018,0.087,0.205,0.361,0.217,2001-02,2001,Guard (proxy),2.8,0.5,1.4,0.482,0.2,-6.1,-0.2999999999999998,-0.121,,,,,0
William Cunningham,NJN,25.0,210.82,108.86208,Temple,USA,Undrafted,Undrafted,Undrafted,16,0.4,1.8,0.1,-14.3,0.08,0.104,0.067,0.159,0.009,1998-99,1998,Big (proxy),,,,,,,,,,,,,0
Willie Anderson,MIA,30.0,203.2,90.7184,Georgia,USA,1988,1,10,28,3.0,1.5,1.2,-1.0,0.06,0.118,0.146,0.57,0.191,1996-97,1996,Wing (proxy),,,,,,,,,,,,,0
Willie Burton,SAS,30.0,203.2,95.25432,Minnesota,USA,1990,1,9,13,2.1,0.7,0.1,-6.8,0.068,0.154,0.276,0.514,0.043,1997-98,1997,Wing (proxy),6.2,1.7,0.5,0.507,0.21,-4.8,-4.1,0.007,,,,,0
Willie Cauley-Stein,PHI,28.0,213.36,108.86208,Kentucky,USA,2015,1,6,20,1.7,2.0,0.5,7.2,0.064,0.144,0.099,0.474,0.074,2021-22,2021,Big (proxy),5.3,4.5,0.7,0.647,0.12,9.4,-3.6,-0.173,,,,,0
Willie Green,ORL,33.0,190.5,92.98636,Detroit Mercy,USA,2003,2,41,52,5.9,1.5,1.3,-4.7,0.017,0.075,0.177,0.477,0.121,2014-15,2014,Guard (proxy),5.0,1.4,0.9,0.477,0.166,6.0,0.9000000000000004,0.0,,,,,0
Willie Reed,LAC,28.0,210.82,111.13004,St. Louis,USA,Undrafted,Undrafted,Undrafted,42,4.6,2.9,0.2,2.8,0.08,0.205,0.159,0.6709999999999999,0.035,2017-18,2017,Big (proxy),5.3,4.7,0.4,0.578,0.153,2.6,-0.7000000000000002,0.0929999999999999,,,,,0
Willie Warren,LAC,21.0,193.04,92.079176,Oklahoma,USA,2010,2,54,19,1.9,0.6,1.4,3.9,0.009,0.109,0.16,0.48,0.307,2010-11,2010,Guard (proxy),,,,,,,,,,,,,0
Willy Hernangomez,NOP,29.0,210.82,113.398,,Spain,2015,2,35,38,6.9,4.7,0.9,1.7,0.118,0.262,0.222,0.61,0.114,2022-23,2022,Big (proxy),9.1,6.8,1.3,0.5820000000000001,0.211,-1.6,-2.1999999999999997,0.0279999999999999,,,,,0
Wilson Chandler,BKN,33.0,203.2,106.59412,DePaul,USA,2007,1,23,35,5.9,4.1,1.1,-6.4,0.0139999999999999,0.1639999999999999,0.128,0.531,0.08,2019-20,2019,Wing (proxy),6.0,4.2,1.6,0.537,0.115,4.2,-0.0999999999999996,-0.006,,,,,0
Xavier Cooks,WAS,27.0,203.2,83.007336,Winthrop,Australia,Undrafted,Undrafted,Undrafted,10,3.8,3.8,0.6,7.4,0.113,0.152,0.127,0.586,0.061,2022-23,2022,Wing (proxy),,,,,,,,,,,,,0
Xavier Henry,LAL,23.0,198.12,99.79024,Kansas,USA,2010,1,12,43,10.0,2.7,1.2,-1.1,0.0289999999999999,0.104,0.2269999999999999,0.511,0.09,2013-14,2013,Wing (proxy),3.9,1.8,0.3,0.481,0.173,-13.9,6.1,0.03,,,,,0
Xavier McDaniel,NJN,35.0,200.66,92.98636,Wichita State,USA,1985,1,4,20,1.3,1.6,0.5,-2.1,0.069,0.135,0.102,0.373,0.083,1997-98,1997,Wing (proxy),5.6,5.1,1.0,0.439,0.168,-0.8,-4.3,-0.066,,,,,0
Xavier Moon,LAC,27.0,187.96,74.84268,Morehead State,USA,Undrafted,Undrafted,Undrafted,10,5.8,1.4,2.4,1.4,0.0139999999999999,0.072,0.177,0.545,0.245,2021-22,2021,Guard (proxy),,,,,,,,,,,,,0
Xavier Munford,MEM,24.0,190.5,81.64656,Rhode Island,USA,Undrafted,Undrafted,Undrafted,14,5.7,2.2,1.6,-9.5,0.013,0.144,0.172,0.481,0.136,2015-16,2015,Guard (proxy),,,,,,,,,,,,,0
Xavier Tillman,MEM,24.0,200.66,111.13004,Michigan State,USA,2020,2,35,61,7.0,5.0,1.6,0.7,0.095,0.155,0.136,0.621,0.109,2022-23,2022,Wing (proxy),6.6,4.3,1.3,0.605,0.142,2.9,0.4000000000000003,0.016,,,,,0
Xavier Tillman Sr.,MEM,23.0,203.2,111.13004,Michigan State,USA,2020,2,35,53,4.8,3.0,1.2,-1.4,0.084,0.138,0.1639999999999999,0.51,0.127,2021-22,2021,Wing (proxy),,,,,,,,,,,,,0
Yakhouba Diawara,MIA,26.0,200.66,104.32616,Pepperdine,USA,Undrafted,Undrafted,Undrafted,63,3.4,1.3,0.4,-2.8,0.035,0.077,0.136,0.473,0.053,2008-09,2008,Wing (proxy),2.8,1.1,0.7,0.518,0.13,2.9,0.6000000000000001,-0.045,,,,,0
Yao Ming,HOU,28.0,228.6,140.61352,,China,2002,1,1,77,19.7,9.9,1.8,7.8,0.099,0.2319999999999999,0.263,0.618,0.096,2008-09,2008,Big (proxy),22.0,10.8,2.3,0.5870000000000001,0.272,4.1,-2.3000000000000007,0.0309999999999999,,,,,0
Yaroslav Korolev,LAC,20.0,205.74,92.079176,,Russia,2005,1,12,10,1.2,0.3,0.4,-24.4,0.02,0.083,0.218,0.322,0.19,2006-07,2006,Big (proxy),1.1,0.5,0.4,0.392,0.1369999999999999,-5.6,0.0999999999999998,-0.07,,,,,0
Yi Jianlian,DAL,24.0,213.36,113.398,,USA,2007,1,6,30,2.6,1.6,0.2,-13.2,0.061,0.184,0.228,0.433,0.047,2011-12,2011,Big (proxy),5.6,3.9,0.4,0.4589999999999999,0.174,-10.1,-3.0,-0.0259999999999999,,,,,0
Yinka Dare,NJN,25.0,213.36,120.20188,George Washington,USA,1994,1,14,10,1.2,1.7,0.1,-15.9,0.135,0.163,0.162,0.2789999999999999,0.026,1997-98,1997,Big (proxy),1.4,2.0,0.1,0.406,0.12,-1.4,-0.1999999999999999,-0.1270000000000001,,,,,0
Yogi Ferrell,LAC,28.0,182.88,80.73937600000001,Indiana,USA,Undrafted,Undrafted,Undrafted,10,5.6,1.9,2.2,-0.4,0.034,0.095,0.193,0.4589999999999999,0.2289999999999999,2020-21,2020,Guard (proxy),4.4,1.0,1.4,0.528,0.185,-1.8,1.1999999999999993,-0.0690000000000001,,,,,0
Yuta Watanabe,BKN,28.0,203.2,97.52228,George Washington,Japan,Undrafted,Undrafted,Undrafted,58,5.6,2.4,0.8,-0.6,0.034,0.1169999999999999,0.127,0.637,0.071,2022-23,2022,Wing (proxy),4.3,2.4,0.6,0.524,0.161,-3.9,1.2999999999999998,0.1129999999999999,,,,,0
Yves Pons,MEM,23.0,195.58,93.439952,Tennessee,France,Undrafted,Undrafted,Undrafted,12,1.1,1.0,0.1,-21.3,0.055,0.0819999999999999,0.096,0.385,0.024,2021-22,2021,Wing (proxy),,,,,,,,,,,,,0
Zabian Dowdell,PHX,26.0,190.5,86.636072,Virginia Tech,USA,Undrafted,Undrafted,Undrafted,24,5.0,0.8,2.1,-4.1,0.018,0.061,0.251,0.457,0.295,2010-11,2010,Guard (proxy),,,,,,,,,,,,,0
Zach Collins,SAS,25.0,210.82,113.398,Gonzaga,USA,2017,1,10,63,11.6,6.4,2.9,-7.5,0.076,0.19,0.209,0.599,0.18,2022-23,2022,Big (proxy),7.8,5.5,2.2,0.594,0.184,3.1,3.8,0.005,,,,,0
Zach LaVine,CHI,28.0,195.58,90.7184,UCLA,USA,2014,1,13,77,24.8,4.5,4.2,0.3,0.016,0.108,0.278,0.607,0.187,2022-23,2022,Wing (proxy),24.4,4.6,4.5,0.605,0.284,-0.9,0.4000000000000021,0.002,,,,,0
Zach Randolph,SAC,36.0,205.74,113.398,Michigan State,USA,2001,1,19,59,14.5,6.7,2.2,-12.2,0.063,0.215,0.27,0.529,0.146,2017-18,2017,Big (proxy),14.1,8.2,1.7,0.49,0.285,-1.1,0.4000000000000003,0.039,,,,,0
Zan Tabak,IND,31.0,213.36,116.573144,,USA,1991,2,51,55,3.9,3.9,0.6,1.4,0.104,0.203,0.161,0.523,0.07,2000-01,2000,Big (proxy),2.1,1.8,0.2,0.493,0.175,4.2,1.7999999999999998,0.03,,,,,0
Zarko Cabarkapa,GSW,25.0,210.82,104.32616,,Serbia and Montenegro,2003,1,17,61,3.3,1.8,0.3,-11.5,0.081,0.187,0.222,0.472,0.069,2005-06,2005,Big (proxy),6.0,2.6,0.6,0.579,0.2189999999999999,4.2,-2.7,-0.1069999999999999,,,,,0
Zaza Pachulia,DET,35.0,210.82,122.46984,,Georgia,2003,2,42,68,3.9,3.9,1.3,-4.6,0.1009999999999999,0.184,0.147,0.539,0.161,2018-19,2018,Big (proxy),5.4,4.7,1.6,0.612,0.165,9.4,-1.5000000000000004,-0.0729999999999999,,,,,0
Zeke Nnaji,DEN,22.0,205.74,108.86208,Arizona,USA,2020,1,22,53,5.2,2.6,0.3,-5.9,0.087,0.099,0.149,0.62,0.04,2022-23,2022,Big (proxy),6.6,3.6,0.4,0.629,0.146,-3.2,-1.3999999999999997,-0.009,,,,,0
Zeljko Rebraca,LAC,34.0,213.36,120.20188,,Yugoslavia,1994,2,54,29,4.7,2.2,0.3,-14.3,0.039,0.162,0.155,0.5920000000000001,0.039,2005-06,2005,Big (proxy),5.8,3.2,0.4,0.625,0.163,0.3,-1.0999999999999996,-0.0329999999999999,,,,,0
Zendon Hamilton,PHI,31.0,210.82,115.212368,St. John's (NY),USA,Undrafted,Undrafted,Undrafted,12,2.2,0.9,0.0,-20.2,0.075,0.267,0.283,0.593,0.0,2005-06,2005,Big (proxy),3.2,2.6,0.4,0.48,0.19,-8.1,-1.0,0.1129999999999999,,,,,0
Zhou Qi,HOU,22.0,215.9,95.25432,,China,2016,2,43,18,1.2,1.2,0.1,-26.1,0.042,0.1159999999999999,0.163,0.295,0.0279999999999999,2017-18,2017,Big (proxy),,,,,,,,,,,,,0
Ziaire Williams,MEM,21.0,205.74,83.91452,Stanford,USA,2021,1,10,37,5.7,2.1,0.9,-5.2,0.0279999999999999,0.105,0.178,0.511,0.086,2022-23,2022,Big (proxy),8.1,2.1,1.0,0.5589999999999999,0.144,4.2,-2.3999999999999995,-0.0479999999999999,,,,,0
Zion Williamson,NOP,22.0,198.12,128.820128,Duke,USA,2019,1,1,29,26.0,7.0,4.6,7.8,0.06,0.148,0.288,0.652,0.231,2022-23,2022,Wing (proxy),27.0,7.2,3.7,0.649,0.287,2.1,-1.0,0.003,,,,,0
Zoran Dragic,MIA,26.0,195.58,90.7184,,Slovenia,Undrafted,Undrafted,Undrafted,16,1.8,0.5,0.3,-15.3,0.072,0.045,0.217,0.435,0.1159999999999999,2014-15,2014,Wing (proxy),,,,,,,,,,,,,0
Zoran Planinic,NJN,23.0,200.66,90.7184,,Croatia,2003,1,22,56,3.4,1.3,0.9,-4.5,0.0279999999999999,0.128,0.209,0.45,0.179,2005-06,2005,Wing (proxy),5.0,1.6,1.0,0.534,0.2269999999999999,-4.8,-1.6,-0.084,,,,,0
Zydrunas Ilgauskas,MIA,36.0,220.98,117.93392,,Lithuania,1996,1,20,72,5.0,4.0,0.4,9.4,0.119,0.178,0.159,0.531,0.033,2010-11,2010,Big (proxy),7.4,5.4,0.8,0.491,0.1889999999999999,7.9,-2.4000000000000004,0.04,,,,,0
